device_id,text_path,total_words,term_basic_rights,term_fundamental_rights,term_fairness,term_equity,term_representativeness,term_representation,policy_discourse_terms_count,policy_discourse_terms_per_1k_words,policy_discourse_terms_first_third,policy_discourse_terms_middle_third,policy_discourse_terms_last_third,term_auc,term_accuracy,term_sensitivity,term_specificity,term_error_rate,tech_stat_terms_count,tech_stat_terms_per_1k_words,tech_stat_terms_first_third,tech_stat_terms_middle_third,tech_stat_terms_last_third,bio_label_terms_count,bio_label_terms_per_1k_words,bio_label_terms_first_third,bio_label_terms_middle_third,bio_label_terms_last_third,term_race,term_ethnicity,term_gender,term_age,social_identity_terms_count,social_identity_terms_per_1k_words,social_identity_terms_first_third,social_identity_terms_middle_third,social_identity_terms_last_third,term_socioeconomic_status,term_poverty,term_housing,term_class,term_neighborhood,term_environment,structural_social_terms_count,structural_social_terms_per_1k_words,structural_social_terms_first_third,structural_social_terms_middle_third,structural_social_terms_last_third,subgroup_sentence_count,subgroup_with_race_count,subgroup_with_race_and_error_rate_count,race_in_subgroup_ratio,race_subgroup_errorrate_ratio,term_class_structural,term_housing_instability,structural_core_count,structural_core_absent,housing_instability_proxy_count,mismatch_numerator,mismatch_denominator,mismatch_metric,mismatch_metric_is_inf,mismatch_metric_safe
K003301,/Users/winko/Library/Mobile Documents/com~apple~CloudDocs/Research/1.5-Policy/data/raw_text/K003301.txt,1556,0,0,0,0,0,0,0,0.0,0,0,0,0,2,2,2,0,6,3.8560411311053984,1,5,0,0,0.0,0,0,0,0,0,0,0,0,0.0,0,0,0,0,0,0,5,0,0,5,3.2133676092544987,2,1,2,0,0,0,0.0,0.0,0,0,0,1,0,6,5,1.2,0,1.200000
K033840,/Users/winko/Library/Mobile Documents/com~apple~CloudDocs/Research/1.5-Policy/data/raw_text/K033840.txt,1721,0,0,0,0,0,0,0,0.0,0,0,0,0,4,3,3,0,10,5.810575246949448,7,3,0,0,0.0,0,0,0,0,0,0,0,0,0.0,0,0,0,0,0,0,10,0,0,10,5.810575246949448,5,1,4,0,0,0,0.0,0.0,0,0,0,1,0,10,10,1.0,0,1.000000
K043341,/Users/winko/Library/Mobile Documents/com~apple~CloudDocs/Research/1.5-Policy/data/raw_text/K043341.txt,7174,0,0,0,0,0,0,0,0.0,0,0,0,0,0,5,5,0,10,1.3939224979091163,2,8,0,0,0.0,0,0,0,0,0,0,0,0,0.0,0,0,0,0,0,0,9,0,0,9,1.2545302481182046,4,0,5,0,0,0,0.0,0.0,0,0,0,1,0,10,9,1.1111111111111112,0,1.111111
K080595,/Users/winko/Library/Mobile Documents/com~apple~CloudDocs/Research/1.5-Policy/data/raw_text/K080595.txt,1514,0,0,0,0,0,0,0,0.0,0,0,0,0,1,0,0,0,1,0.6605019815059445,0,1,0,0,0.0,0,0,0,0,0,0,0,0,0.0,0,0,0,0,0,0,6,0,0,6,3.963011889035667,2,2,2,0,0,0,0.0,0.0,0,0,0,1,0,1,6,0.16666666666666666,0,0.166667
K080762,/Users/winko/Library/Mobile Documents/com~apple~CloudDocs/Research/1.5-Policy/data/raw_text/K080762.txt,1456,0,0,0,0,0,0,0,0.0,0,0,0,0,0,0,0,0,0,0.0,0,0,0,0,0.0,0,0,0,0,0,0,0,0,0.0,0,0,0,0,0,0,5,0,0,5,3.434065934065934,2,3,0,0,0,0,0.0,0.0,0,0,0,1,0,0,5,0.0,0,0.000000
K080896,/Users/winko/Library/Mobile Documents/com~apple~CloudDocs/Research/1.5-Policy/data/raw_text/K080896.txt,3057,0,0,0,0,0,0,0,0.0,0,0,0,0,3,0,0,0,3,0.9813542688910696,0,3,0,0,0.0,0,0,0,0,0,0,0,0,0.0,0,0,0,0,0,0,4,0,0,4,1.3084723585214262,1,0,3,0,0,0,0.0,0.0,0,0,0,1,0,3,4,0.75,0,0.750000
K081140,/Users/winko/Library/Mobile Documents/com~apple~CloudDocs/Research/1.5-Policy/data/raw_text/K081140.txt,1734,0,0,0,0,0,2,2,1.1534025374855825,1,1,0,0,0,0,0,0,0,0.0,0,0,0,0,0.0,0,0,0,0,0,0,0,0,0.0,0,0,0,0,0,0,4,0,0,4,2.306805074971165,0,4,0,0,0,0,0.0,0.0,0,0,0,1,0,0,4,0.0,0,0.000000
K082483,/Users/winko/Library/Mobile Documents/com~apple~CloudDocs/Research/1.5-Policy/data/raw_text/K082483.txt,1317,0,0,0,0,0,0,0,0.0,0,0,0,0,0,0,0,0,0,0.0,0,0,0,0,0.0,0,0,0,0,0,0,0,0,0.0,0,0,0,0,0,0,6,0,0,6,4.555808656036446,2,3,1,0,0,0,0.0,0.0,0,0,0,1,0,0,6,0.0,0,0.000000
K092116,/Users/winko/Library/Mobile Documents/com~apple~CloudDocs/Research/1.5-Policy/data/raw_text/K092116.txt,1787,0,0,0,0,0,0,0,0.0,0,0,0,0,2,4,4,0,10,5.595970900951315,0,10,0,0,0.0,0,0,0,0,0,0,0,0,0.0,0,0,0,0,0,0,4,0,0,4,2.2383883603805264,1,2,1,0,0,0,0.0,0.0,0,0,0,1,0,10,4,2.5,0,2.500000
K092967,/Users/winko/Library/Mobile Documents/com~apple~CloudDocs/Research/1.5-Policy/data/raw_text/K092967.txt,6245,0,0,0,0,0,0,0,0.0,0,0,0,0,5,1,1,0,7,1.120896717373899,0,6,1,0,0.0,0,0,0,0,0,0,0,0,0.0,0,0,0,0,0,0,4,0,0,4,0.6405124099279423,1,0,3,0,0,0,0.0,0.0,0,0,0,1,0,7,4,1.75,0,1.750000
K102778,/Users/winko/Library/Mobile Documents/com~apple~CloudDocs/Research/1.5-Policy/data/raw_text/K102778.txt,1893,0,0,0,0,0,0,0,0.0,0,0,0,0,5,0,0,0,5,2.641310089804543,0,5,0,0,0.0,0,0,0,0,0,0,0,0,0.0,0,0,0,0,0,0,8,0,0,8,4.226096143687269,3,4,1,0,0,0,0.0,0.0,0,0,0,1,0,5,8,0.625,0,0.625000
K111776,/Users/winko/Library/Mobile Documents/com~apple~CloudDocs/Research/1.5-Policy/data/raw_text/K111776.txt,1567,0,0,0,0,0,0,0,0.0,0,0,0,0,0,2,2,0,4,2.5526483726866624,0,4,0,0,0.0,0,0,0,0,0,0,0,0,0.0,0,0,0,0,0,0,5,0,0,5,3.1908104658583283,3,1,1,0,0,0,0.0,0.0,0,0,0,1,0,4,5,0.8,0,0.800000
K120161,/Users/winko/Library/Mobile Documents/com~apple~CloudDocs/Research/1.5-Policy/data/raw_text/K120161.txt,1331,0,0,0,0,0,0,0,0.0,0,0,0,0,0,0,0,0,0,0.0,0,0,0,0,0.0,0,0,0,0,0,0,0,0,0.0,0,0,0,0,0,0,4,0,0,4,3.005259203606311,2,2,0,0,0,0,0.0,0.0,0,0,0,1,0,0,4,0.0,0,0.000000
K120489,/Users/winko/Library/Mobile Documents/com~apple~CloudDocs/Research/1.5-Policy/data/raw_text/K120489.txt,3117,0,0,0,0,0,0,0,0.0,0,0,0,0,1,0,0,0,1,0.32082130253448826,0,1,0,0,0.0,0,0,0,0,0,0,0,0,0.0,0,0,0,0,0,0,4,0,0,4,1.283285210137953,1,0,3,0,0,0,0.0,0.0,0,0,0,1,0,1,4,0.25,0,0.250000
K120771,/Users/winko/Library/Mobile Documents/com~apple~CloudDocs/Research/1.5-Policy/data/raw_text/K120771.txt,7920,0,0,0,0,0,0,0,0.0,0,0,0,0,0,0,0,0,0,0.0,0,0,0,0,0.0,0,0,0,0,0,0,2,2,0.25252525252525254,0,2,0,0,0,0,6,0,0,6,0.7575757575757576,2,0,4,0,0,0,0.0,0.0,0,0,0,1,0,0,6,0.0,0,0.000000
K121617,/Users/winko/Library/Mobile Documents/com~apple~CloudDocs/Research/1.5-Policy/data/raw_text/K121617.txt,1784,0,0,0,0,0,0,0,0.0,0,0,0,0,2,0,0,0,2,1.1210762331838564,0,2,0,0,0.0,0,0,0,0,0,0,0,0,0.0,0,0,0,0,0,0,6,0,1,7,3.9237668161434978,2,3,2,0,0,0,0.0,0.0,0,0,0,1,0,2,7,0.2857142857142857,0,0.285714
K123526,/Users/winko/Library/Mobile Documents/com~apple~CloudDocs/Research/1.5-Policy/data/raw_text/K123526.txt,1364,0,0,0,0,0,0,0,0.0,0,0,0,0,1,0,0,0,1,0.7331378299120235,0,1,0,0,0.0,0,0,0,0,0,0,0,0,0.0,0,0,0,0,0,0,7,0,0,7,5.131964809384164,4,1,2,0,0,0,0.0,0.0,0,0,0,1,0,1,7,0.14285714285714285,0,0.142857
K130831,/Users/winko/Library/Mobile Documents/com~apple~CloudDocs/Research/1.5-Policy/data/raw_text/K130831.txt,8344,0,0,0,0,0,0,0,0.0,0,0,0,0,0,0,3,0,3,0.3595397890699904,3,0,0,0,0.0,0,0,0,0,0,0,9,9,1.0786193672099713,1,5,3,0,0,0,2,0,0,2,0.23969319271332692,2,0,0,0,0,0,0.0,0.0,0,0,0,1,0,3,2,1.5,0,1.500000
K131044,/Users/winko/Library/Mobile Documents/com~apple~CloudDocs/Research/1.5-Policy/data/raw_text/K131044.txt,2068,0,0,0,0,0,0,0,0.0,0,0,0,0,0,1,1,0,2,0.9671179883945842,0,2,0,0,0.0,0,0,0,0,0,0,0,0,0.0,0,0,0,0,0,0,6,0,2,8,3.8684719535783367,4,0,4,0,0,0,0.0,0.0,0,0,0,1,0,2,8,0.25,0,0.250000
K133259,/Users/winko/Library/Mobile Documents/com~apple~CloudDocs/Research/1.5-Policy/data/raw_text/K133259.txt,2104,0,0,0,0,0,0,0,0.0,0,0,0,0,0,0,0,0,0,0.0,0,0,0,0,0.0,0,0,0,0,0,0,0,0,0.0,0,0,0,0,0,0,7,0,1,8,3.802281368821293,4,2,2,0,0,0,0.0,0.0,0,0,0,1,0,0,8,0.0,0,0.000000
K133649,/Users/winko/Library/Mobile Documents/com~apple~CloudDocs/Research/1.5-Policy/data/raw_text/K133649.txt,1587,0,0,0,0,0,0,0,0.0,0,0,0,0,0,0,0,0,0,0.0,0,0,0,0,0.0,0,0,0,0,0,0,0,0,0.0,0,0,0,0,0,0,3,0,0,3,1.890359168241966,0,3,0,0,0,0,0.0,0.0,0,0,0,1,0,0,3,0.0,0,0.000000
K141069,/Users/winko/Library/Mobile Documents/com~apple~CloudDocs/Research/1.5-Policy/data/raw_text/K141069.txt,1944,0,0,0,0,0,0,0,0.0,0,0,0,0,0,0,0,0,0,0.0,0,0,0,0,0.0,0,0,0,0,0,0,0,0,0.0,0,0,0,0,0,0,5,0,0,5,2.57201646090535,3,2,0,0,0,0,0.0,0.0,0,0,0,1,0,0,5,0.0,0,0.000000
K141480,/Users/winko/Library/Mobile Documents/com~apple~CloudDocs/Research/1.5-Policy/data/raw_text/K141480.txt,2145,0,0,0,0,0,0,0,0.0,0,0,0,0,0,0,0,0,0,0.0,0,0,0,0,0.0,0,0,0,0,0,0,0,0,0.0,0,0,0,0,0,0,4,0,4,8,3.7296037296037294,3,4,1,0,0,0,0.0,0.0,0,0,0,1,0,0,8,0.0,0,0.000000
K141922,/Users/winko/Library/Mobile Documents/com~apple~CloudDocs/Research/1.5-Policy/data/raw_text/K141922.txt,2074,0,0,0,0,0,0,0,0.0,0,0,0,0,0,0,0,0,0,0.0,0,0,0,0,0.0,0,0,0,0,0,0,0,0,0.0,0,0,0,0,0,0,5,0,0,5,2.4108003857280615,4,1,0,0,0,0,0.0,0.0,0,0,0,1,0,0,5,0.0,0,0.000000
K142037,/Users/winko/Library/Mobile Documents/com~apple~CloudDocs/Research/1.5-Policy/data/raw_text/K142037.txt,1643,0,0,0,0,0,0,0,0.0,0,0,0,0,1,0,0,0,1,0.6086427267194157,0,0,1,0,0.0,0,0,0,0,0,0,0,0,0.0,0,0,0,0,0,0,4,0,2,6,3.6518563603164944,3,1,2,0,0,0,0.0,0.0,0,0,0,1,0,1,6,0.16666666666666666,0,0.166667
K142512,/Users/winko/Library/Mobile Documents/com~apple~CloudDocs/Research/1.5-Policy/data/raw_text/K142512.txt,2426,0,0,0,0,0,0,0,0.0,0,0,0,0,0,0,0,0,0,0.0,0,0,0,0,0.0,0,0,0,0,0,0,0,0,0.0,0,0,0,0,0,0,8,0,1,9,3.709810387469085,4,1,4,0,0,0,0.0,0.0,0,0,0,1,0,0,9,0.0,0,0.000000
K142918,/Users/winko/Library/Mobile Documents/com~apple~CloudDocs/Research/1.5-Policy/data/raw_text/K142918.txt,1978,0,0,0,0,0,0,0,0.0,0,0,0,0,0,0,0,0,0,0.0,0,0,0,0,0.0,0,0,0,0,0,0,2,2,1.0111223458038423,0,2,0,0,0,0,3,0,0,3,1.5166835187057635,3,0,0,0,0,0,0.0,0.0,0,0,0,1,0,0,3,0.0,0,0.000000
K143643,/Users/winko/Library/Mobile Documents/com~apple~CloudDocs/Research/1.5-Policy/data/raw_text/K143643.txt,3826,0,0,0,0,0,0,0,0.0,0,0,0,0,0,0,0,0,0,0.0,0,0,0,0,0.0,0,0,0,0,0,0,0,0,0.0,0,0,0,0,0,0,6,0,2,8,2.090956612650287,6,2,0,0,0,0,0.0,0.0,0,0,0,1,0,0,8,0.0,0,0.000000
K150102,/Users/winko/Library/Mobile Documents/com~apple~CloudDocs/Research/1.5-Policy/data/raw_text/K150102.txt,896,0,0,0,0,0,0,0,0.0,0,0,0,0,0,0,0,0,0,0.0,0,0,0,0,0.0,0,0,0,0,0,0,0,0,0.0,0,0,0,0,0,0,4,0,0,4,4.464285714285714,4,0,0,0,0,0,0.0,0.0,0,0,0,1,0,0,4,0.0,0,0.000000
K150817,/Users/winko/Library/Mobile Documents/com~apple~CloudDocs/Research/1.5-Policy/data/raw_text/K150817.txt,3314,0,0,0,0,0,0,0,0.0,0,0,0,0,3,0,0,0,3,0.9052504526252263,0,2,1,0,0.0,0,0,0,0,0,0,0,0,0.0,0,0,0,0,0,0,6,0,0,6,1.8105009052504526,3,3,0,0,0,0,0.0,0.0,0,0,0,1,0,3,6,0.5,0,0.500000
K152733,/Users/winko/Library/Mobile Documents/com~apple~CloudDocs/Research/1.5-Policy/data/raw_text/K152733.txt,6493,0,0,0,0,0,0,0,0.0,0,0,0,0,6,22,25,0,53,8.162636685661482,1,36,16,0,0.0,0,0,0,0,0,0,1,1,0.15401201293700909,0,1,0,0,0,0,6,0,0,6,0.9240720776220545,6,0,0,0,0,0,0.0,0.0,0,0,0,1,0,53,6,8.833333333333334,0,8.833333
K153351,/Users/winko/Library/Mobile Documents/com~apple~CloudDocs/Research/1.5-Policy/data/raw_text/K153351.txt,2213,0,0,0,0,0,0,0,0.0,0,0,0,0,1,0,1,0,2,0.9037505648441031,0,0,2,0,0.0,0,0,0,0,0,0,0,0,0.0,0,0,0,0,0,0,6,0,0,6,2.7112516945323093,4,2,0,0,0,0,0.0,0.0,0,0,0,1,0,2,6,0.3333333333333333,0,0.333333
K153427,/Users/winko/Library/Mobile Documents/com~apple~CloudDocs/Research/1.5-Policy/data/raw_text/K153427.txt,2546,0,0,0,0,0,0,0,0.0,0,0,0,0,1,0,0,0,1,0.3927729772191674,0,0,1,0,0.0,0,0,0,0,0,0,2,2,0.7855459544383347,0,0,2,0,0,0,5,0,3,8,3.142183817753339,3,4,1,0,0,0,0.0,0.0,0,0,0,1,0,1,8,0.125,0,0.125000
K160016,/Users/winko/Library/Mobile Documents/com~apple~CloudDocs/Research/1.5-Policy/data/raw_text/K160016.txt,2217,0,0,0,0,0,0,0,0.0,0,0,0,0,0,0,0,0,0,0.0,0,0,0,0,0.0,0,0,0,0,0,0,0,0,0.0,0,0,0,0,0,0,6,0,3,9,4.059539918809201,4,4,1,0,0,0,0.0,0.0,0,0,0,1,0,0,9,0.0,0,0.000000
K160088,/Users/winko/Library/Mobile Documents/com~apple~CloudDocs/Research/1.5-Policy/data/raw_text/K160088.txt,2937,0,0,0,0,0,0,0,0.0,0,0,0,0,3,0,0,0,3,1.021450459652707,0,0,3,0,0.0,0,0,0,0,0,0,0,0,0.0,0,0,0,0,0,0,5,0,1,6,2.042900919305414,5,1,0,0,0,0,0.0,0.0,0,0,0,1,0,3,6,0.5,0,0.500000
K160338,/Users/winko/Library/Mobile Documents/com~apple~CloudDocs/Research/1.5-Policy/data/raw_text/K160338.txt,2177,0,0,0,0,0,0,0,0.0,0,0,0,0,0,0,0,0,0,0.0,0,0,0,0,0.0,0,0,0,0,0,0,0,0,0.0,0,0,0,0,0,0,5,0,0,5,2.296738631143776,4,1,0,0,0,0,0.0,0.0,0,0,0,1,0,0,5,0.0,0,0.000000
K160401,/Users/winko/Library/Mobile Documents/com~apple~CloudDocs/Research/1.5-Policy/data/raw_text/K160401.txt,1658,0,0,0,0,0,0,0,0.0,0,0,0,0,0,0,0,0,0,0.0,0,0,0,0,0.0,0,0,0,0,0,0,0,0,0.0,0,0,0,0,0,0,5,0,5,10,6.031363088057901,4,3,3,0,0,0,0.0,0.0,0,0,0,1,0,0,10,0.0,0,0.000000
K161068,/Users/winko/Library/Mobile Documents/com~apple~CloudDocs/Research/1.5-Policy/data/raw_text/K161068.txt,4539,0,0,0,0,0,0,0,0.0,0,0,0,0,3,1,1,0,5,1.1015642211940955,1,2,2,0,0.0,0,0,0,0,0,0,3,3,0.6609385327164573,0,2,1,0,0,0,4,0,0,4,0.8812513769552764,4,0,0,0,0,0,0.0,0.0,0,0,0,1,0,5,4,1.25,0,1.250000
K161148,/Users/winko/Library/Mobile Documents/com~apple~CloudDocs/Research/1.5-Policy/data/raw_text/K161148.txt,2252,0,0,0,0,0,0,0,0.0,0,0,0,0,2,0,0,0,2,0.8880994671403197,0,0,2,0,0.0,0,0,0,0,0,0,0,0,0.0,0,0,0,0,0,0,4,0,0,4,1.7761989342806395,3,0,1,0,0,0,0.0,0.0,0,0,0,1,0,2,4,0.5,0,0.500000
K161201,/Users/winko/Library/Mobile Documents/com~apple~CloudDocs/Research/1.5-Policy/data/raw_text/K161201.txt,1466,0,0,0,0,0,0,0,0.0,0,0,0,2,0,0,0,0,2,1.364256480218281,0,0,2,0,0.0,0,0,0,0,0,0,0,0,0.0,0,0,0,0,0,0,8,0,0,8,5.457025920873124,3,2,3,0,0,0,0.0,0.0,0,0,0,1,0,2,8,0.25,0,0.250000
K161322,/Users/winko/Library/Mobile Documents/com~apple~CloudDocs/Research/1.5-Policy/data/raw_text/K161322.txt,2481,0,0,0,0,0,0,0,0.0,0,0,0,0,13,0,0,0,13,5.239822652156389,0,8,5,0,0.0,0,0,0,0,0,0,0,0,0.0,0,0,0,0,0,0,4,0,0,4,1.6122531237404274,3,1,0,0,0,0,0.0,0.0,0,0,0,1,0,13,4,3.25,0,3.250000
K161382,/Users/winko/Library/Mobile Documents/com~apple~CloudDocs/Research/1.5-Policy/data/raw_text/K161382.txt,2958,0,0,0,0,0,0,0,0.0,0,0,0,2,2,6,6,0,16,5.409060175794456,0,0,16,0,0.0,0,0,0,0,0,0,0,0,0.0,0,0,0,0,0,0,4,0,0,4,1.352265043948614,3,1,0,0,0,0,0.0,0.0,0,0,0,1,0,16,4,4.0,0,4.000000
K161625,/Users/winko/Library/Mobile Documents/com~apple~CloudDocs/Research/1.5-Policy/data/raw_text/K161625.txt,1788,0,0,0,0,0,0,0,0.0,0,0,0,0,0,0,0,0,0,0.0,0,0,0,0,0.0,0,0,0,0,0,0,0,0,0.0,0,0,0,0,0,0,4,0,1,5,2.796420581655481,3,1,1,0,0,0,0.0,0.0,0,0,0,1,0,0,5,0.0,0,0.000000
K161772,/Users/winko/Library/Mobile Documents/com~apple~CloudDocs/Research/1.5-Policy/data/raw_text/K161772.txt,2777,0,0,0,0,0,0,0,0.0,0,0,0,0,1,6,8,0,15,5.401512423478574,0,0,15,0,0.0,0,0,0,0,0,0,0,0,0.0,0,0,0,0,0,0,6,0,0,6,2.1606049693914295,4,2,0,0,0,0,0.0,0.0,0,0,0,1,0,15,6,2.5,0,2.500000
K161834,/Users/winko/Library/Mobile Documents/com~apple~CloudDocs/Research/1.5-Policy/data/raw_text/K161834.txt,2154,0,0,0,0,0,0,0,0.0,0,0,0,0,0,0,0,0,0,0.0,0,0,0,0,0.0,0,0,0,0,0,0,0,0,0.0,0,0,0,0,0,0,5,0,0,5,2.321262766945218,3,2,0,0,0,0,0.0,0.0,0,0,0,1,0,0,5,0.0,0,0.000000
K161959,/Users/winko/Library/Mobile Documents/com~apple~CloudDocs/Research/1.5-Policy/data/raw_text/K161959.txt,2538,0,0,0,0,0,0,0,0.0,0,0,0,0,1,0,0,0,1,0.39401103230890466,0,0,1,0,0.0,0,0,0,0,0,0,0,0,0.0,0,0,0,0,0,0,4,0,0,4,1.5760441292356187,3,1,0,0,0,0,0.0,0.0,0,0,0,1,0,1,4,0.25,0,0.250000
K162830,/Users/winko/Library/Mobile Documents/com~apple~CloudDocs/Research/1.5-Policy/data/raw_text/K162830.txt,2213,0,0,0,0,0,0,0,0.0,0,0,0,0,0,0,0,0,0,0.0,0,0,0,0,0.0,0,0,0,0,0,0,0,0,0.0,0,0,0,0,0,0,3,0,0,3,1.3556258472661546,3,0,0,0,0,0,0.0,0.0,0,0,0,1,0,0,3,0.0,0,0.000000
K162855,/Users/winko/Library/Mobile Documents/com~apple~CloudDocs/Research/1.5-Policy/data/raw_text/K162855.txt,1987,0,0,0,0,0,0,0,0.0,0,0,0,0,0,0,0,0,0,0.0,0,0,0,0,0.0,0,0,0,0,0,0,0,0,0.0,0,0,0,0,0,0,7,0,0,7,3.5228988424760947,4,2,1,0,0,0,0.0,0.0,0,0,0,1,0,0,7,0.0,0,0.000000
K163013,/Users/winko/Library/Mobile Documents/com~apple~CloudDocs/Research/1.5-Policy/data/raw_text/K163013.txt,2132,0,0,0,0,0,0,0,0.0,0,0,0,0,0,0,0,0,0,0.0,0,0,0,0,0.0,0,0,0,0,0,0,0,0,0.0,0,0,0,0,0,0,5,0,1,6,2.8142589118198873,3,2,1,0,0,0,0.0,0.0,0,0,0,1,0,0,6,0.0,0,0.000000
K163138,/Users/winko/Library/Mobile Documents/com~apple~CloudDocs/Research/1.5-Policy/data/raw_text/K163138.txt,2693,0,0,0,0,0,0,0,0.0,0,0,0,0,0,0,0,0,0,0.0,0,0,0,0,0.0,0,0,0,0,0,0,0,0,0.0,0,0,0,0,0,0,5,0,0,5,1.856665428889714,3,1,1,0,0,0,0.0,0.0,0,0,0,1,0,0,5,0.0,0,0.000000
K163253,/Users/winko/Library/Mobile Documents/com~apple~CloudDocs/Research/1.5-Policy/data/raw_text/K163253.txt,2142,0,0,0,0,0,0,0,0.0,0,0,0,0,0,0,0,0,0,0.0,0,0,0,0,0.0,0,0,0,0,0,0,0,0,0.0,0,0,0,0,0,0,6,0,0,6,2.8011204481792715,3,3,0,0,0,0,0.0,0.0,0,0,0,1,0,0,6,0.0,0,0.000000
K163339,/Users/winko/Library/Mobile Documents/com~apple~CloudDocs/Research/1.5-Policy/data/raw_text/K163339.txt,2405,0,0,0,0,0,0,0,0.0,0,0,0,0,0,0,0,0,0,0.0,0,0,0,0,0.0,0,0,0,0,0,0,0,0,0.0,0,0,0,0,0,0,10,0,0,10,4.158004158004158,4,6,0,0,0,0,0.0,0.0,0,0,0,1,0,0,10,0.0,0,0.000000
K163622,/Users/winko/Library/Mobile Documents/com~apple~CloudDocs/Research/1.5-Policy/data/raw_text/K163622.txt,2008,0,0,0,0,0,0,0,0.0,0,0,0,0,1,0,0,0,1,0.49800796812749004,0,0,1,0,0.0,0,0,0,0,0,0,0,0,0.0,0,0,0,0,0,0,7,0,1,8,3.9840637450199203,4,1,3,0,0,0,0.0,0.0,0,0,0,1,0,1,8,0.125,0,0.125000
K163623,/Users/winko/Library/Mobile Documents/com~apple~CloudDocs/Research/1.5-Policy/data/raw_text/K163623.txt,1862,0,0,0,0,0,0,0,0.0,0,0,0,0,4,0,0,0,4,2.1482277121374866,0,1,3,0,0.0,0,0,0,0,0,0,0,0,0.0,0,0,0,0,0,0,8,0,0,8,4.296455424274973,4,4,0,0,0,0,0.0,0.0,0,0,0,1,0,4,8,0.5,0,0.500000
K163665,/Users/winko/Library/Mobile Documents/com~apple~CloudDocs/Research/1.5-Policy/data/raw_text/K163665.txt,3386,0,0,0,0,0,0,0,0.0,0,0,0,0,0,0,0,0,0,0.0,0,0,0,0,0.0,0,0,0,0,0,0,1,1,0.29533372711163614,0,1,0,0,0,0,5,0,1,6,1.772002362669817,5,1,0,0,0,0,0.0,0.0,0,0,0,1,0,0,6,0.0,0,0.000000
K163694,/Users/winko/Library/Mobile Documents/com~apple~CloudDocs/Research/1.5-Policy/data/raw_text/K163694.txt,2155,0,0,0,0,0,0,0,0.0,0,0,0,0,0,0,0,0,0,0.0,0,0,0,0,0.0,0,0,0,0,0,0,4,4,1.8561484918793503,1,1,2,0,0,0,7,0,1,8,3.7122969837587005,4,4,0,0,0,0,0.0,0.0,0,0,0,1,0,0,8,0.0,0,0.000000
K170069,/Users/winko/Library/Mobile Documents/com~apple~CloudDocs/Research/1.5-Policy/data/raw_text/K170069.txt,3232,0,0,0,0,0,0,0,0.0,0,0,0,0,0,0,0,0,0,0.0,0,0,0,0,0.0,0,0,0,0,0,0,0,0,0.0,0,0,0,0,0,0,5,0,0,5,1.547029702970297,4,1,0,0,0,0,0.0,0.0,0,0,0,1,0,0,5,0.0,0,0.000000
K170172,/Users/winko/Library/Mobile Documents/com~apple~CloudDocs/Research/1.5-Policy/data/raw_text/K170172.txt,1673,0,0,0,0,0,0,0,0.0,0,0,0,0,0,0,0,0,0,0.0,0,0,0,0,0.0,0,0,0,0,0,0,0,0,0.0,0,0,0,0,0,0,4,0,0,4,2.390914524805738,3,1,0,0,0,0,0.0,0.0,0,0,0,1,0,0,4,0.0,0,0.000000
K170250,/Users/winko/Library/Mobile Documents/com~apple~CloudDocs/Research/1.5-Policy/data/raw_text/K170250.txt,3203,0,0,0,0,0,1,1,0.3122073056509522,1,0,0,0,1,0,0,0,1,0.3122073056509522,0,0,1,0,0.0,0,0,0,0,0,0,0,0,0.0,0,0,0,0,0,0,5,0,1,6,1.8732438339057136,5,0,1,0,0,0,0.0,0.0,0,0,0,1,0,1,6,0.16666666666666666,0,0.166667
K170540,/Users/winko/Library/Mobile Documents/com~apple~CloudDocs/Research/1.5-Policy/data/raw_text/K170540.txt,2259,0,0,0,0,0,0,0,0.0,0,0,0,0,3,0,0,0,3,1.3280212483399734,0,0,3,0,0.0,0,0,0,0,0,0,2,2,0.8853474988933157,0,0,2,0,0,0,4,0,0,4,1.7706949977866313,3,1,0,0,0,0,0.0,0.0,0,0,0,1,0,3,4,0.75,0,0.750000
K170568,/Users/winko/Library/Mobile Documents/com~apple~CloudDocs/Research/1.5-Policy/data/raw_text/K170568.txt,3214,0,0,0,0,0,0,0,0.0,0,0,0,0,0,0,0,0,0,0.0,0,0,0,0,0.0,0,0,0,0,0,0,3,3,0.9334163036714375,2,1,0,0,0,0,9,0,0,9,2.8002489110143127,5,2,2,0,0,0,0.0,0.0,0,0,0,1,0,0,9,0.0,0,0.000000
K170747,/Users/winko/Library/Mobile Documents/com~apple~CloudDocs/Research/1.5-Policy/data/raw_text/K170747.txt,3413,0,0,0,0,0,0,0,0.0,0,0,0,0,0,0,0,0,0,0.0,0,0,0,0,0.0,0,0,0,0,0,0,0,0,0.0,0,0,0,0,0,0,8,0,0,8,2.3439789041898624,4,4,0,0,0,0,0.0,0.0,0,0,0,1,0,0,8,0.0,0,0.000000
K170981,/Users/winko/Library/Mobile Documents/com~apple~CloudDocs/Research/1.5-Policy/data/raw_text/K170981.txt,2272,0,0,0,0,0,0,0,0.0,0,0,0,0,2,0,1,0,3,1.3204225352112675,0,1,2,0,0.0,0,0,0,0,0,2,2,4,1.7605633802816902,0,4,0,0,0,0,6,0,0,6,2.640845070422535,4,2,0,0,0,0,0.0,0.0,0,0,0,1,0,3,6,0.5,0,0.500000
K171056,/Users/winko/Library/Mobile Documents/com~apple~CloudDocs/Research/1.5-Policy/data/raw_text/K171056.txt,3137,0,0,0,0,0,0,0,0.0,0,0,0,0,0,0,0,0,0,0.0,0,0,0,0,0.0,0,0,0,0,0,0,0,0,0.0,0,0,0,0,0,0,7,0,0,7,2.2314313037934332,5,1,1,0,0,0,0.0,0.0,0,0,0,1,0,0,7,0.0,0,0.000000
K171122,/Users/winko/Library/Mobile Documents/com~apple~CloudDocs/Research/1.5-Policy/data/raw_text/K171122.txt,2377,0,0,0,0,0,0,0,0.0,0,0,0,0,1,0,0,0,1,0.4206983592763988,0,0,1,0,0.0,0,0,0,0,0,0,0,0,0.0,0,0,0,0,0,0,6,0,0,6,2.5241901556583928,4,2,0,0,0,0,0.0,0.0,0,0,0,1,0,1,6,0.16666666666666666,0,0.166667
K171315,/Users/winko/Library/Mobile Documents/com~apple~CloudDocs/Research/1.5-Policy/data/raw_text/K171315.txt,2869,0,0,0,0,0,0,0,0.0,0,0,0,0,0,2,2,0,4,1.394214011850819,0,0,4,0,0.0,0,0,0,0,0,0,0,0,0.0,0,0,0,0,0,0,6,0,0,6,2.0913210177762287,6,0,0,0,0,0,0.0,0.0,0,0,0,1,0,4,6,0.6666666666666666,0,0.666667
K171328,/Users/winko/Library/Mobile Documents/com~apple~CloudDocs/Research/1.5-Policy/data/raw_text/K171328.txt,2519,0,0,0,0,0,0,0,0.0,0,0,0,0,2,0,0,0,2,0.7939658594680429,0,0,2,0,0.0,0,0,0,0,0,0,1,1,0.39698292973402144,0,0,1,0,0,0,3,0,6,9,3.5728463676061932,5,2,2,0,0,0,0.0,0.0,0,0,0,1,0,2,9,0.2222222222222222,0,0.222222
K171936,/Users/winko/Library/Mobile Documents/com~apple~CloudDocs/Research/1.5-Policy/data/raw_text/K171936.txt,1985,0,0,0,0,0,0,0,0.0,0,0,0,0,0,0,0,0,0,0.0,0,0,0,0,0.0,0,0,0,0,0,0,0,0,0.0,0,0,0,0,0,0,5,0,0,5,2.5188916876574305,4,1,0,0,0,0,0.0,0.0,0,0,0,1,0,0,5,0.0,0,0.000000
K172122,/Users/winko/Library/Mobile Documents/com~apple~CloudDocs/Research/1.5-Policy/data/raw_text/K172122.txt,1930,0,0,0,0,0,0,0,0.0,0,0,0,0,0,0,0,0,0,0.0,0,0,0,0,0.0,0,0,0,0,0,0,0,0,0.0,0,0,0,0,0,0,4,0,0,4,2.0725388601036268,3,1,0,0,0,0,0.0,0.0,0,0,0,1,0,0,4,0.0,0,0.000000
K172356,/Users/winko/Library/Mobile Documents/com~apple~CloudDocs/Research/1.5-Policy/data/raw_text/K172356.txt,2685,0,0,0,0,0,0,0,0.0,0,0,0,0,1,0,0,0,1,0.37243947858473,0,1,0,0,0.0,0,0,0,0,0,0,0,0,0.0,0,0,0,0,0,0,5,0,0,5,1.86219739292365,3,2,0,0,0,0,0.0,0.0,0,0,0,1,0,1,5,0.2,0,0.200000
K172385,/Users/winko/Library/Mobile Documents/com~apple~CloudDocs/Research/1.5-Policy/data/raw_text/K172385.txt,4143,0,0,0,0,0,0,0,0.0,0,0,0,0,0,0,0,0,0,0.0,0,0,0,0,0.0,0,0,0,0,0,0,0,0,0.0,0,0,0,0,0,0,4,0,2,6,1.448225923244026,3,1,2,0,0,0,0.0,0.0,0,0,0,1,0,0,6,0.0,0,0.000000
K172507,/Users/winko/Library/Mobile Documents/com~apple~CloudDocs/Research/1.5-Policy/data/raw_text/K172507.txt,1687,0,0,0,0,0,0,0,0.0,0,0,0,0,0,0,0,0,0,0.0,0,0,0,0,0.0,0,0,0,0,0,0,0,0,0.0,0,0,0,0,0,0,4,0,0,4,2.3710729104919976,3,1,0,0,0,0,0.0,0.0,0,0,0,1,0,0,4,0.0,0,0.000000
K172803,/Users/winko/Library/Mobile Documents/com~apple~CloudDocs/Research/1.5-Policy/data/raw_text/K172803.txt,4959,0,0,0,0,0,0,0,0.0,0,0,0,0,0,0,0,0,0,0.0,0,0,0,0,0.0,0,0,0,0,0,0,0,0,0.0,0,0,0,0,0,0,3,0,1,4,0.8066142367412785,4,0,0,0,0,0,0.0,0.0,0,0,0,1,0,0,4,0.0,0,0.000000
K172959,/Users/winko/Library/Mobile Documents/com~apple~CloudDocs/Research/1.5-Policy/data/raw_text/K172959.txt,2567,0,0,0,0,0,0,0,0.0,0,0,0,0,0,0,0,0,0,0.0,0,0,0,0,0.0,0,0,0,0,0,0,3,3,1.168679392286716,0,0,3,0,0,0,7,0,2,9,3.506038176860148,4,4,1,0,0,0,0.0,0.0,0,0,0,1,0,0,9,0.0,0,0.000000
K172983,/Users/winko/Library/Mobile Documents/com~apple~CloudDocs/Research/1.5-Policy/data/raw_text/K172983.txt,2080,0,0,0,0,0,0,0,0.0,0,0,0,0,1,0,0,0,1,0.4807692307692308,0,0,1,0,0.0,0,0,0,0,0,0,2,2,0.9615384615384616,1,1,0,0,0,0,6,0,0,6,2.8846153846153846,3,3,0,0,0,0,0.0,0.0,0,0,0,1,0,1,6,0.16666666666666666,0,0.166667
K173327,/Users/winko/Library/Mobile Documents/com~apple~CloudDocs/Research/1.5-Policy/data/raw_text/K173327.txt,3890,0,0,0,0,0,0,0,0.0,0,0,0,0,5,0,0,0,5,1.2853470437017993,0,1,4,0,0.0,0,0,0,0,0,0,0,0,0.0,0,0,0,0,0,0,8,0,1,9,2.3136246786632393,6,0,3,0,0,0,0.0,0.0,0,0,0,1,0,5,9,0.5555555555555556,0,0.555556
K173420,/Users/winko/Library/Mobile Documents/com~apple~CloudDocs/Research/1.5-Policy/data/raw_text/K173420.txt,2654,0,0,0,0,0,0,0,0.0,0,0,0,0,0,0,0,0,0,0.0,0,0,0,0,0.0,0,0,0,0,0,0,0,0,0.0,0,0,0,0,0,0,5,0,0,5,1.8839487565938207,3,2,0,0,0,0,0.0,0.0,0,0,0,1,0,0,5,0.0,0,0.000000
K173444,/Users/winko/Library/Mobile Documents/com~apple~CloudDocs/Research/1.5-Policy/data/raw_text/K173444.txt,2600,0,0,0,0,0,0,0,0.0,0,0,0,0,0,0,0,0,0,0.0,0,0,0,0,0.0,0,0,0,0,0,0,0,0,0.0,0,0,0,0,0,0,4,0,0,4,1.5384615384615385,3,1,0,0,0,0,0.0,0.0,0,0,0,1,0,0,4,0.0,0,0.000000
K173542,/Users/winko/Library/Mobile Documents/com~apple~CloudDocs/Research/1.5-Policy/data/raw_text/K173542.txt,1895,0,0,0,0,0,0,0,0.0,0,0,0,0,0,0,0,0,0,0.0,0,0,0,0,0.0,0,0,0,0,0,0,0,0,0.0,0,0,0,0,0,0,6,0,0,6,3.1662269129287597,3,3,0,0,0,0,0.0,0.0,0,0,0,1,0,0,6,0.0,0,0.000000
K173574,/Users/winko/Library/Mobile Documents/com~apple~CloudDocs/Research/1.5-Policy/data/raw_text/K173574.txt,2491,0,0,0,0,0,0,0,0.0,0,0,0,0,0,0,0,0,0,0.0,0,0,0,0,0.0,0,0,0,0,0,0,0,0,0.0,0,0,0,0,0,0,6,0,1,7,2.8101164191087915,4,2,1,0,0,0,0.0,0.0,0,0,0,1,0,0,7,0.0,0,0.000000
K173588,/Users/winko/Library/Mobile Documents/com~apple~CloudDocs/Research/1.5-Policy/data/raw_text/K173588.txt,3266,0,0,0,0,0,0,0,0.0,0,0,0,0,0,0,0,0,0,0.0,0,0,0,0,0.0,0,0,0,0,0,0,0,0,0.0,0,0,0,0,0,0,11,0,4,15,4.5927740355174524,8,7,0,0,0,0,0.0,0.0,0,0,0,1,0,0,15,0.0,0,0.000000
K173605,/Users/winko/Library/Mobile Documents/com~apple~CloudDocs/Research/1.5-Policy/data/raw_text/K173605.txt,1468,0,0,0,0,0,0,0,0.0,0,0,0,0,0,0,0,0,0,0.0,0,0,0,0,0.0,0,0,0,0,0,0,0,0,0.0,0,0,0,0,0,0,4,0,1,5,3.4059945504087192,3,1,1,0,0,0,0.0,0.0,0,0,0,1,0,0,5,0.0,0,0.000000
K173749,/Users/winko/Library/Mobile Documents/com~apple~CloudDocs/Research/1.5-Policy/data/raw_text/K173749.txt,1027,0,0,0,0,0,0,0,0.0,0,0,0,0,0,0,0,0,0,0.0,0,0,0,0,0.0,0,0,0,0,0,0,0,0,0.0,0,0,0,0,0,0,4,0,0,4,3.8948393378773125,4,0,0,0,0,0,0.0,0.0,0,0,0,1,0,0,4,0.0,0,0.000000
K173780,/Users/winko/Library/Mobile Documents/com~apple~CloudDocs/Research/1.5-Policy/data/raw_text/K173780.txt,2255,0,0,0,0,0,0,0,0.0,0,0,0,0,0,0,0,0,0,0.0,0,0,0,0,0.0,0,0,0,0,0,1,0,1,0.4434589800443459,0,0,1,0,0,0,4,0,0,4,1.7738359201773837,3,1,0,0,0,0,0.0,0.0,0,0,0,1,0,0,4,0.0,0,0.000000
K173810,/Users/winko/Library/Mobile Documents/com~apple~CloudDocs/Research/1.5-Policy/data/raw_text/K173810.txt,1679,0,0,0,0,0,0,0,0.0,0,0,0,0,1,0,0,0,1,0.5955926146515784,0,0,1,0,0.0,0,0,0,0,0,0,0,0,0.0,0,0,0,0,0,0,4,0,0,4,2.3823704586063137,3,1,0,0,0,0,0.0,0.0,0,0,0,1,0,1,4,0.25,0,0.250000
K173821,/Users/winko/Library/Mobile Documents/com~apple~CloudDocs/Research/1.5-Policy/data/raw_text/K173821.txt,2272,0,0,0,0,0,0,0,0.0,0,0,0,0,0,0,0,0,0,0.0,0,0,0,0,0.0,0,0,0,0,0,0,0,0,0.0,0,0,0,0,0,0,7,0,0,7,3.0809859154929575,6,1,0,0,0,0,0.0,0.0,0,0,0,1,0,0,7,0.0,0,0.000000
K173839,/Users/winko/Library/Mobile Documents/com~apple~CloudDocs/Research/1.5-Policy/data/raw_text/K173839.txt,2410,0,0,0,0,0,0,0,0.0,0,0,0,0,1,0,0,0,1,0.41493775933609955,0,0,1,0,0.0,0,0,0,0,0,0,0,0,0.0,0,0,0,0,0,0,5,0,0,5,2.074688796680498,4,1,0,0,0,0,0.0,0.0,0,0,0,1,0,1,5,0.2,0,0.200000
K173872,/Users/winko/Library/Mobile Documents/com~apple~CloudDocs/Research/1.5-Policy/data/raw_text/K173872.txt,2443,0,0,0,0,0,0,0,0.0,0,0,0,0,3,1,1,0,5,2.046663937781416,0,0,5,0,0.0,0,0,0,0,0,0,0,0,0.0,0,0,0,0,0,0,6,0,0,6,2.4559967253376995,4,1,1,0,0,0,0.0,0.0,0,0,0,1,0,5,6,0.8333333333333334,0,0.833333
K173939,/Users/winko/Library/Mobile Documents/com~apple~CloudDocs/Research/1.5-Policy/data/raw_text/K173939.txt,2114,0,0,0,0,0,0,0,0.0,0,0,0,0,0,0,0,0,0,0.0,0,0,0,0,0.0,0,0,0,0,0,0,0,0,0.0,0,0,0,0,0,0,6,0,1,7,3.3112582781456954,4,2,1,0,0,0,0.0,0.0,0,0,0,1,0,0,7,0.0,0,0.000000
K180038,/Users/winko/Library/Mobile Documents/com~apple~CloudDocs/Research/1.5-Policy/data/raw_text/K180038.txt,5616,0,0,0,0,0,2,2,0.3561253561253561,0,0,2,0,1,0,0,0,1,0.17806267806267806,0,0,1,0,0.0,0,0,0,0,0,0,0,0,0.0,0,0,0,0,0,0,7,0,0,7,1.2464387464387465,6,1,0,0,0,0,0.0,0.0,0,0,0,1,0,1,7,0.14285714285714285,0,0.142857
K180091,/Users/winko/Library/Mobile Documents/com~apple~CloudDocs/Research/1.5-Policy/data/raw_text/K180091.txt,1490,0,0,0,0,0,0,0,0.0,0,0,0,0,0,0,0,0,0,0.0,0,0,0,0,0.0,0,0,0,0,0,0,0,0,0.0,0,0,0,0,0,0,4,0,0,4,2.6845637583892614,3,1,0,0,0,0,0.0,0.0,0,0,0,1,0,0,4,0.0,0,0.000000
K180126,/Users/winko/Library/Mobile Documents/com~apple~CloudDocs/Research/1.5-Policy/data/raw_text/K180126.txt,1868,0,0,0,0,0,0,0,0.0,0,0,0,0,0,0,0,0,0,0.0,0,0,0,0,0.0,0,0,0,0,0,0,0,0,0.0,0,0,0,0,0,0,4,0,0,4,2.1413276231263385,3,1,0,0,0,0,0.0,0.0,0,0,0,1,0,0,4,0.0,0,0.000000
K180161,/Users/winko/Library/Mobile Documents/com~apple~CloudDocs/Research/1.5-Policy/data/raw_text/K180161.txt,2439,0,0,0,0,0,0,0,0.0,0,0,0,0,0,0,0,0,0,0.0,0,0,0,0,0.0,0,0,0,0,0,0,0,0,0.0,0,0,0,0,0,0,5,0,0,5,2.050020500205002,3,2,0,0,0,0,0.0,0.0,0,0,0,1,0,0,5,0.0,0,0.000000
K180163,/Users/winko/Library/Mobile Documents/com~apple~CloudDocs/Research/1.5-Policy/data/raw_text/K180163.txt,3764,0,0,0,0,0,0,0,0.0,0,0,0,0,0,0,0,0,0,0.0,0,0,0,0,0.0,0,0,0,0,0,0,1,1,0.26567481402763016,0,0,1,0,0,0,5,0,2,7,1.8597236981934113,6,1,0,0,0,0,0.0,0.0,0,0,0,1,0,0,7,0.0,0,0.000000
K180343,/Users/winko/Library/Mobile Documents/com~apple~CloudDocs/Research/1.5-Policy/data/raw_text/K180343.txt,3531,0,0,0,0,0,0,0,0.0,0,0,0,0,2,3,0,0,5,1.416029453412631,0,0,5,0,0.0,0,0,0,0,0,0,0,0,0.0,0,0,0,0,0,0,5,0,4,9,2.548853016142736,4,1,4,0,0,0,0.0,0.0,0,0,0,1,0,5,9,0.5555555555555556,0,0.555556
K180432,/Users/winko/Library/Mobile Documents/com~apple~CloudDocs/Research/1.5-Policy/data/raw_text/K180432.txt,3384,0,0,0,0,0,0,0,0.0,0,0,0,0,0,0,0,0,0,0.0,0,0,0,0,0.0,0,0,0,0,0,0,0,0,0.0,0,0,0,0,0,0,4,0,1,5,1.4775413711583925,4,0,1,0,0,0,0.0,0.0,0,0,0,1,0,0,5,0.0,0,0.000000
K180589,/Users/winko/Library/Mobile Documents/com~apple~CloudDocs/Research/1.5-Policy/data/raw_text/K180589.txt,3546,0,0,0,0,0,0,0,0.0,0,0,0,0,0,0,0,0,0,0.0,0,0,0,0,0.0,0,0,0,0,0,0,1,1,0.28200789622109423,0,1,0,0,0,0,6,0,0,6,1.6920473773265652,6,0,0,0,0,0,0.0,0.0,0,0,0,1,0,0,6,0.0,0,0.000000
K180599,/Users/winko/Library/Mobile Documents/com~apple~CloudDocs/Research/1.5-Policy/data/raw_text/K180599.txt,4871,0,0,0,0,0,0,0,0.0,0,0,0,0,0,0,0,0,0,0.0,0,0,0,0,0.0,0,0,0,0,0,0,0,0,0.0,0,0,0,0,0,0,4,0,0,4,0.821186614658181,3,0,1,0,0,0,0.0,0.0,0,0,0,1,0,0,4,0.0,0,0.000000
K180647,/Users/winko/Library/Mobile Documents/com~apple~CloudDocs/Research/1.5-Policy/data/raw_text/K180647.txt,3364,0,0,0,0,0,0,0,0.0,0,0,0,0,1,2,2,0,5,1.4863258026159334,0,1,4,0,0.0,0,0,0,0,0,0,0,0,0.0,0,0,0,0,0,0,5,0,0,5,1.4863258026159334,3,2,0,0,0,0,0.0,0.0,0,0,0,1,0,5,5,1.0,0,1.000000
K180799,/Users/winko/Library/Mobile Documents/com~apple~CloudDocs/Research/1.5-Policy/data/raw_text/K180799.txt,4051,0,0,0,0,0,0,0,0.0,0,0,0,0,0,0,0,0,0,0.0,0,0,0,0,0.0,0,0,0,0,0,0,0,0,0.0,0,0,0,0,0,0,4,0,1,5,1.2342631449024932,3,1,1,0,0,0,0.0,0.0,0,0,0,1,0,0,5,0.0,0,0.000000
K180867,/Users/winko/Library/Mobile Documents/com~apple~CloudDocs/Research/1.5-Policy/data/raw_text/K180867.txt,2801,0,0,0,0,0,0,0,0.0,0,0,0,0,0,0,0,0,0,0.0,0,0,0,0,0.0,0,0,0,0,0,0,0,0,0.0,0,0,0,0,0,0,5,0,0,5,1.785076758300607,4,1,0,0,0,0,0.0,0.0,0,0,0,1,0,0,5,0.0,0,0.000000
K181247,/Users/winko/Library/Mobile Documents/com~apple~CloudDocs/Research/1.5-Policy/data/raw_text/K181247.txt,3831,0,0,0,0,0,0,0,0.0,0,0,0,0,0,0,0,0,0,0.0,0,0,0,0,0.0,0,0,0,0,0,0,0,0,0.0,0,0,0,0,0,0,8,0,1,9,2.3492560689115116,5,3,1,0,0,0,0.0,0.0,0,0,0,1,0,0,9,0.0,0,0.000000
K181288,/Users/winko/Library/Mobile Documents/com~apple~CloudDocs/Research/1.5-Policy/data/raw_text/K181288.txt,4164,0,0,0,0,0,0,0,0.0,0,0,0,0,2,1,1,0,4,0.9606147934678194,0,0,4,0,0.0,0,0,0,0,0,0,0,0,0.0,0,0,0,0,0,0,4,0,1,5,1.2007684918347743,4,1,0,0,0,0,0.0,0.0,0,0,0,1,0,4,5,0.8,0,0.800000
K181352,/Users/winko/Library/Mobile Documents/com~apple~CloudDocs/Research/1.5-Policy/data/raw_text/K181352.txt,3142,0,0,0,0,0,0,0,0.0,0,0,0,0,10,0,0,0,10,3.182686187141948,0,2,8,0,0.0,0,0,0,0,0,0,0,0,0.0,0,0,0,0,0,0,7,0,9,16,5.092297899427116,9,6,1,0,0,0,0.0,0.0,0,0,0,1,0,10,16,0.625,0,0.625000
K181502,/Users/winko/Library/Mobile Documents/com~apple~CloudDocs/Research/1.5-Policy/data/raw_text/K181502.txt,2231,0,0,0,0,0,0,0,0.0,0,0,0,0,0,0,0,0,0,0.0,0,0,0,0,0.0,0,0,0,0,0,0,0,0,0.0,0,0,0,0,0,0,8,0,1,9,4.034065441506051,4,4,1,0,0,0,0.0,0.0,0,0,0,1,0,0,9,0.0,0,0.000000
K181572,/Users/winko/Library/Mobile Documents/com~apple~CloudDocs/Research/1.5-Policy/data/raw_text/K181572.txt,3090,0,0,0,0,0,0,0,0.0,0,0,0,0,0,0,0,0,0,0.0,0,0,0,0,0.0,0,0,0,0,0,0,0,0,0.0,0,0,0,0,0,0,6,0,4,10,3.236245954692557,5,4,1,0,0,0,0.0,0.0,0,0,0,1,0,0,10,0.0,0,0.000000
K181574,/Users/winko/Library/Mobile Documents/com~apple~CloudDocs/Research/1.5-Policy/data/raw_text/K181574.txt,2256,0,0,0,0,0,0,0,0.0,0,0,0,0,2,0,0,0,2,0.8865248226950354,0,0,2,0,0.0,0,0,0,0,0,0,0,0,0.0,0,0,0,0,0,0,4,0,0,4,1.7730496453900708,3,1,0,0,0,0,0.0,0.0,0,0,0,1,0,2,4,0.5,0,0.500000
K181685,/Users/winko/Library/Mobile Documents/com~apple~CloudDocs/Research/1.5-Policy/data/raw_text/K181685.txt,3979,0,0,0,0,0,0,0,0.0,0,0,0,0,0,0,0,0,0,0.0,0,0,0,0,0.0,0,0,0,0,0,0,0,0,0.0,0,0,0,0,0,0,5,0,1,6,1.5079165619502388,4,0,2,0,0,0,0.0,0.0,0,0,0,1,0,0,6,0.0,0,0.000000
K181704,/Users/winko/Library/Mobile Documents/com~apple~CloudDocs/Research/1.5-Policy/data/raw_text/K181704.txt,3551,0,0,0,0,0,0,0,0.0,0,0,0,12,1,5,3,0,21,5.913827090960293,0,4,17,0,0.0,0,0,0,0,0,0,0,0,0.0,0,0,0,0,0,0,7,0,0,7,1.9712756969867644,4,3,0,0,0,0,0.0,0.0,0,0,0,1,0,21,7,3.0,0,3.000000
K181771,/Users/winko/Library/Mobile Documents/com~apple~CloudDocs/Research/1.5-Policy/data/raw_text/K181771.txt,1905,0,0,0,0,0,0,0,0.0,0,0,0,0,1,0,0,0,1,0.5249343832020997,0,0,1,0,0.0,0,0,0,0,0,0,0,0,0.0,0,0,0,0,0,0,9,0,0,9,4.724409448818897,4,2,3,0,0,0,0.0,0.0,0,0,0,1,0,1,9,0.1111111111111111,0,0.111111
K181823,/Users/winko/Library/Mobile Documents/com~apple~CloudDocs/Research/1.5-Policy/data/raw_text/K181823.txt,2464,0,0,0,0,0,0,0,0.0,0,0,0,0,0,0,0,0,0,0.0,0,0,0,0,0.0,0,0,0,0,0,0,1,1,0.4058441558441559,0,1,0,0,0,0,5,0,0,5,2.029220779220779,4,1,0,0,0,0,0.0,0.0,0,0,0,1,0,0,5,0.0,0,0.000000
K181861,/Users/winko/Library/Mobile Documents/com~apple~CloudDocs/Research/1.5-Policy/data/raw_text/K181861.txt,2525,0,0,0,0,0,0,0,0.0,0,0,0,0,0,0,0,0,0,0.0,0,0,0,0,0.0,0,0,0,0,0,0,7,7,2.772277227722772,1,3,3,0,0,0,4,0,1,5,1.9801980198019802,4,1,0,0,0,0,0.0,0.0,0,0,0,1,0,0,5,0.0,0,0.000000
K181892,/Users/winko/Library/Mobile Documents/com~apple~CloudDocs/Research/1.5-Policy/data/raw_text/K181892.txt,1888,0,0,0,0,0,0,0,0.0,0,0,0,0,0,0,0,0,0,0.0,0,0,0,0,0.0,0,0,0,0,0,0,0,0,0.0,0,0,0,0,0,0,4,0,0,4,2.1186440677966103,4,0,0,0,0,0,0.0,0.0,0,0,0,1,0,0,4,0.0,0,0.000000
K181916,/Users/winko/Library/Mobile Documents/com~apple~CloudDocs/Research/1.5-Policy/data/raw_text/K181916.txt,5353,0,0,0,0,0,0,0,0.0,0,0,0,0,0,1,0,0,1,0.18681113394358304,1,0,0,0,0.0,0,0,0,0,0,0,0,0,0.0,0,0,0,0,0,0,5,0,0,5,0.9340556697179152,5,0,0,0,0,0,0.0,0.0,0,0,0,1,0,1,5,0.2,0,0.200000
K181939,/Users/winko/Library/Mobile Documents/com~apple~CloudDocs/Research/1.5-Policy/data/raw_text/K181939.txt,2612,0,0,0,0,0,0,0,0.0,0,0,0,0,5,0,0,0,5,1.9142419601837672,0,0,5,0,0.0,0,0,0,0,0,0,0,0,0.0,0,0,0,0,0,0,5,0,1,6,2.297090352220521,4,1,1,0,0,0,0.0,0.0,0,0,0,1,0,5,6,0.8333333333333334,0,0.833333
K181988,/Users/winko/Library/Mobile Documents/com~apple~CloudDocs/Research/1.5-Policy/data/raw_text/K181988.txt,2761,0,0,0,0,0,1,1,0.36218761318362913,1,0,0,0,3,4,4,0,11,3.9840637450199203,0,0,11,0,0.0,0,0,0,0,0,0,0,0,0.0,0,0,0,0,0,0,8,0,1,9,3.2596885186526623,7,0,2,0,0,0,0.0,0.0,0,0,0,1,0,11,9,1.2222222222222223,0,1.222222
K182034,/Users/winko/Library/Mobile Documents/com~apple~CloudDocs/Research/1.5-Policy/data/raw_text/K182034.txt,2129,0,0,0,0,0,0,0,0.0,0,0,0,0,0,0,0,0,0,0.0,0,0,0,0,0.0,0,0,0,0,0,2,2,4,1.8788163457022078,0,0,4,0,0,0,5,0,0,5,2.3485204321277595,4,1,0,0,0,0,0.0,0.0,0,0,0,1,0,0,5,0.0,0,0.000000
K182035,/Users/winko/Library/Mobile Documents/com~apple~CloudDocs/Research/1.5-Policy/data/raw_text/K182035.txt,1652,0,0,0,0,0,0,0,0.0,0,0,0,0,0,0,0,0,0,0.0,0,0,0,0,0.0,0,0,0,0,0,0,0,0,0.0,0,0,0,0,0,0,6,0,0,6,3.6319612590799033,4,2,0,0,0,0,0.0,0.0,0,0,0,1,0,0,6,0.0,0,0.000000
K182112,/Users/winko/Library/Mobile Documents/com~apple~CloudDocs/Research/1.5-Policy/data/raw_text/K182112.txt,3309,0,0,0,0,0,0,0,0.0,0,0,0,0,0,0,0,0,0,0.0,0,0,0,0,0.0,0,0,0,0,0,0,0,0,0.0,0,0,0,0,0,0,4,0,1,5,1.5110305228165608,4,0,1,0,0,0,0.0,0.0,0,0,0,1,0,0,5,0.0,0,0.000000
K182130,/Users/winko/Library/Mobile Documents/com~apple~CloudDocs/Research/1.5-Policy/data/raw_text/K182130.txt,4144,0,0,0,0,0,1,1,0.24131274131274133,0,1,0,0,0,0,0,0,0,0.0,0,0,0,0,0.0,0,0,0,0,0,0,0,0,0.0,0,0,0,0,0,0,4,0,0,4,0.9652509652509653,4,0,0,0,0,0,0.0,0.0,0,0,0,1,0,0,4,0.0,0,0.000000
K182149,/Users/winko/Library/Mobile Documents/com~apple~CloudDocs/Research/1.5-Policy/data/raw_text/K182149.txt,4057,0,0,0,0,0,0,0,0.0,0,0,0,0,4,13,13,0,30,7.394626571358146,0,9,21,0,0.0,0,0,0,0,0,0,1,1,0.24648755237860487,0,0,1,0,0,0,5,0,0,5,1.2324377618930245,5,0,0,0,0,0,0.0,0.0,0,0,0,1,0,30,5,6.0,0,6.000000
K182177,/Users/winko/Library/Mobile Documents/com~apple~CloudDocs/Research/1.5-Policy/data/raw_text/K182177.txt,1932,0,0,0,0,0,0,0,0.0,0,0,0,0,0,4,4,0,8,4.140786749482402,0,0,8,0,0.0,0,0,0,0,0,0,0,0,0.0,0,0,0,0,0,0,5,0,1,6,3.105590062111801,3,3,0,0,0,0,0.0,0.0,0,0,0,1,0,8,6,1.3333333333333333,0,1.333333
K182181,/Users/winko/Library/Mobile Documents/com~apple~CloudDocs/Research/1.5-Policy/data/raw_text/K182181.txt,1422,0,0,0,0,0,0,0,0.0,0,0,0,0,0,0,0,0,0,0.0,0,0,0,0,0.0,0,0,0,0,0,0,0,0,0.0,0,0,0,0,0,0,4,0,0,4,2.8129395218002813,4,0,0,0,0,0,0.0,0.0,0,0,0,1,0,0,4,0.0,0,0.000000
K182218,/Users/winko/Library/Mobile Documents/com~apple~CloudDocs/Research/1.5-Policy/data/raw_text/K182218.txt,3910,0,0,0,0,0,1,1,0.25575447570332477,1,0,0,0,0,6,5,0,11,2.813299232736573,0,0,11,0,0.0,0,0,0,0,0,0,0,0,0.0,0,0,0,0,0,0,6,0,0,6,1.5345268542199488,5,1,0,0,0,0,0.0,0.0,0,0,0,1,0,11,6,1.8333333333333333,0,1.833333
K182310,/Users/winko/Library/Mobile Documents/com~apple~CloudDocs/Research/1.5-Policy/data/raw_text/K182310.txt,2510,0,0,0,0,0,0,0,0.0,0,0,0,0,0,0,0,0,0,0.0,0,0,0,0,0.0,0,0,0,0,0,0,0,0,0.0,0,0,0,0,0,0,6,0,3,9,3.585657370517928,4,3,2,0,0,0,0.0,0.0,0,0,0,1,0,0,9,0.0,0,0.000000
K182336,/Users/winko/Library/Mobile Documents/com~apple~CloudDocs/Research/1.5-Policy/data/raw_text/K182336.txt,1667,0,0,0,0,0,0,0,0.0,0,0,0,0,0,0,0,0,0,0.0,0,0,0,0,0.0,0,0,0,0,0,0,0,0,0.0,0,0,0,0,0,0,8,0,0,8,4.799040191961607,4,4,0,0,0,0,0.0,0.0,0,0,0,1,0,0,8,0.0,0,0.000000
K182344,/Users/winko/Library/Mobile Documents/com~apple~CloudDocs/Research/1.5-Policy/data/raw_text/K182344.txt,2385,0,0,0,0,0,0,0,0.0,0,0,0,0,0,1,1,0,2,0.8385744234800838,0,0,2,0,0.0,0,0,0,0,0,0,3,3,1.2578616352201257,1,2,0,0,0,0,7,0,0,7,2.9350104821802936,4,3,0,0,0,0,0.0,0.0,0,0,0,1,0,2,7,0.2857142857142857,0,0.285714
K182373,/Users/winko/Library/Mobile Documents/com~apple~CloudDocs/Research/1.5-Policy/data/raw_text/K182373.txt,4410,0,0,0,0,0,0,0,0.0,0,0,0,7,0,17,8,0,32,7.2562358276643995,0,11,21,0,0.0,0,0,0,0,0,0,0,0,0.0,0,0,0,0,0,0,6,0,0,6,1.3605442176870748,5,1,0,0,0,0,0.0,0.0,0,0,0,1,0,32,6,5.333333333333333,0,5.333333
K182384,/Users/winko/Library/Mobile Documents/com~apple~CloudDocs/Research/1.5-Policy/data/raw_text/K182384.txt,3717,0,0,0,0,0,0,0,0.0,0,0,0,0,5,0,0,0,5,1.3451708366962605,0,1,4,0,0.0,0,0,0,0,0,0,0,0,0.0,0,0,0,0,0,0,6,0,0,6,1.6142050040355125,6,0,0,0,0,0,0.0,0.0,0,0,0,1,0,5,6,0.8333333333333334,0,0.833333
K182419,/Users/winko/Library/Mobile Documents/com~apple~CloudDocs/Research/1.5-Policy/data/raw_text/K182419.txt,4052,0,0,0,0,0,0,0,0.0,0,0,0,0,0,0,0,0,0,0.0,0,0,0,0,0.0,0,0,0,0,0,0,0,0,0.0,0,0,0,0,0,0,5,0,1,6,1.4807502467917077,5,0,1,0,0,0,0.0,0.0,0,0,0,1,0,0,6,0.0,0,0.000000
K182456,/Users/winko/Library/Mobile Documents/com~apple~CloudDocs/Research/1.5-Policy/data/raw_text/K182456.txt,2679,0,0,0,0,0,0,0,0.0,0,0,0,0,0,0,0,0,0,0.0,0,0,0,0,0.0,0,0,0,0,0,0,1,1,0.3732736095558044,0,1,0,0,0,0,5,0,1,6,2.2396416573348263,4,1,1,0,0,0,0.0,0.0,0,0,0,1,0,0,6,0.0,0,0.000000
K182513,/Users/winko/Library/Mobile Documents/com~apple~CloudDocs/Research/1.5-Policy/data/raw_text/K182513.txt,1455,0,0,0,0,0,0,0,0.0,0,0,0,0,0,0,0,0,0,0.0,0,0,0,0,0.0,0,0,0,0,0,0,0,0,0.0,0,0,0,0,0,0,4,0,0,4,2.7491408934707904,4,0,0,0,0,0,0.0,0.0,0,0,0,1,0,0,4,0.0,0,0.000000
K182564,/Users/winko/Library/Mobile Documents/com~apple~CloudDocs/Research/1.5-Policy/data/raw_text/K182564.txt,2679,0,0,0,0,0,0,0,0.0,0,0,0,0,0,0,0,0,0,0.0,0,0,0,0,0.0,0,0,0,0,0,0,0,0,0.0,0,0,0,0,0,0,6,0,1,7,2.6129152668906306,4,3,0,0,0,0,0.0,0.0,0,0,0,1,0,0,7,0.0,0,0.000000
K182616,/Users/winko/Library/Mobile Documents/com~apple~CloudDocs/Research/1.5-Policy/data/raw_text/K182616.txt,2560,0,0,0,0,0,0,0,0.0,0,0,0,0,0,0,0,0,0,0.0,0,0,0,0,0.0,0,0,0,0,0,0,0,0,0.0,0,0,0,0,0,0,6,0,0,6,2.34375,4,2,0,0,0,0,0.0,0.0,0,0,0,1,0,0,6,0.0,0,0.000000
K182790,/Users/winko/Library/Mobile Documents/com~apple~CloudDocs/Research/1.5-Policy/data/raw_text/K182790.txt,2711,0,0,0,0,0,0,0,0.0,0,0,0,0,0,0,0,0,0,0.0,0,0,0,0,0.0,0,0,0,0,0,0,1,1,0.36886757654002217,0,1,0,0,0,0,5,0,0,5,1.8443378827001107,4,1,0,0,0,0,0.0,0.0,0,0,0,1,0,0,5,0.0,0,0.000000
K182798,/Users/winko/Library/Mobile Documents/com~apple~CloudDocs/Research/1.5-Policy/data/raw_text/K182798.txt,2962,0,0,0,0,0,0,0,0.0,0,0,0,0,0,1,1,0,2,0.675219446320054,0,0,2,0,0.0,0,0,0,0,0,0,0,0,0.0,0,0,0,0,0,0,5,0,0,5,1.688048615800135,4,1,0,0,0,0,0.0,0.0,0,0,0,1,0,2,5,0.4,0,0.400000
K182875,/Users/winko/Library/Mobile Documents/com~apple~CloudDocs/Research/1.5-Policy/data/raw_text/K182875.txt,2884,0,0,0,0,0,0,0,0.0,0,0,0,0,1,2,2,0,5,1.7337031900138697,0,1,4,0,0.0,0,0,0,0,0,0,0,0,0.0,0,0,0,0,0,0,5,0,1,6,2.0804438280166435,4,2,0,0,0,0,0.0,0.0,0,0,0,1,0,5,6,0.8333333333333334,0,0.833333
K182901,/Users/winko/Library/Mobile Documents/com~apple~CloudDocs/Research/1.5-Policy/data/raw_text/K182901.txt,2286,0,0,0,0,0,0,0,0.0,0,0,0,0,1,1,0,0,2,0.8748906386701663,0,0,2,0,0.0,0,0,0,0,0,0,0,0,0.0,0,0,0,0,0,0,6,0,0,6,2.6246719160104988,4,2,0,0,0,0,0.0,0.0,0,0,0,1,0,2,6,0.3333333333333333,0,0.333333
K183012,/Users/winko/Library/Mobile Documents/com~apple~CloudDocs/Research/1.5-Policy/data/raw_text/K183012.txt,2467,0,0,0,0,0,0,0,0.0,0,0,0,0,0,0,0,0,0,0.0,0,0,0,0,0.0,0,0,0,0,0,0,0,0,0.0,0,0,0,0,0,0,5,0,0,5,2.026753141467369,4,1,0,0,0,0,0.0,0.0,0,0,0,1,0,0,5,0.0,0,0.000000
K183019,/Users/winko/Library/Mobile Documents/com~apple~CloudDocs/Research/1.5-Policy/data/raw_text/K183019.txt,3684,0,0,0,0,0,0,0,0.0,0,0,0,0,2,3,3,0,8,2.1715526601520088,0,0,8,0,0.0,0,0,0,0,0,0,0,0,0.0,0,0,0,0,0,0,6,0,0,6,1.6286644951140066,6,0,0,0,0,0,0.0,0.0,0,0,0,1,0,8,6,1.3333333333333333,0,1.333333
K183046,/Users/winko/Library/Mobile Documents/com~apple~CloudDocs/Research/1.5-Policy/data/raw_text/K183046.txt,2428,0,0,0,0,0,0,0,0.0,0,0,0,0,1,1,0,0,2,0.8237232289950577,0,0,2,0,0.0,0,0,0,0,0,0,0,0,0.0,0,0,0,0,0,0,6,0,0,6,2.471169686985173,4,2,0,0,0,0,0.0,0.0,0,0,0,1,0,2,6,0.3333333333333333,0,0.333333
K183089,/Users/winko/Library/Mobile Documents/com~apple~CloudDocs/Research/1.5-Policy/data/raw_text/K183089.txt,2884,0,0,0,0,0,0,0,0.0,0,0,0,0,3,0,0,0,3,1.0402219140083218,0,2,1,0,0.0,0,0,0,0,0,0,4,4,1.3869625520110958,1,3,0,0,0,0,6,0,2,8,2.7739251040221915,6,2,0,0,0,0,0.0,0.0,0,0,0,1,0,3,8,0.375,0,0.375000
K183133,/Users/winko/Library/Mobile Documents/com~apple~CloudDocs/Research/1.5-Policy/data/raw_text/K183133.txt,5243,0,0,0,0,0,0,0,0.0,0,0,0,0,8,0,0,0,8,1.5258439824527943,1,0,7,0,0.0,0,0,0,0,0,0,0,0,0.0,0,0,0,0,0,0,6,0,7,13,2.4794964714857906,7,3,3,0,0,0,0.0,0.0,0,0,0,1,0,8,13,0.6153846153846154,0,0.615385
K183182,/Users/winko/Library/Mobile Documents/com~apple~CloudDocs/Research/1.5-Policy/data/raw_text/K183182.txt,3179,0,0,0,0,0,0,0,0.0,0,0,0,10,2,6,5,0,23,7.234979553318654,0,5,18,0,0.0,0,0,0,0,0,0,2,2,0.6291286568103177,0,2,0,0,0,0,8,0,0,8,2.516514627241271,6,2,0,0,0,0,0.0,0.0,0,0,0,1,0,23,8,2.875,0,2.875000
K183202,/Users/winko/Library/Mobile Documents/com~apple~CloudDocs/Research/1.5-Policy/data/raw_text/K183202.txt,2458,0,0,0,0,0,0,0,0.0,0,0,0,0,1,1,0,0,2,0.8136696501220504,0,0,2,0,0.0,0,0,0,0,0,0,0,0,0.0,0,0,0,0,0,0,5,0,0,5,2.0341741253051264,4,1,0,0,0,0,0.0,0.0,0,0,0,1,0,2,5,0.4,0,0.400000
K183204,/Users/winko/Library/Mobile Documents/com~apple~CloudDocs/Research/1.5-Policy/data/raw_text/K183204.txt,2238,0,0,0,0,0,0,0,0.0,0,0,0,0,0,0,0,0,0,0.0,0,0,0,0,0.0,0,0,0,0,0,0,0,0,0.0,0,0,0,0,0,0,6,0,0,6,2.680965147453083,4,2,0,0,0,0,0.0,0.0,0,0,0,1,0,0,6,0.0,0,0.000000
K183231,/Users/winko/Library/Mobile Documents/com~apple~CloudDocs/Research/1.5-Policy/data/raw_text/K183231.txt,1874,0,0,0,0,0,0,0,0.0,0,0,0,0,0,0,0,0,0,0.0,0,0,0,0,0.0,0,0,0,0,0,0,0,0,0.0,0,0,0,0,0,0,4,0,2,6,3.2017075773746,4,1,1,0,0,0,0.0,0.0,0,0,0,1,0,0,6,0.0,0,0.000000
K183268,/Users/winko/Library/Mobile Documents/com~apple~CloudDocs/Research/1.5-Policy/data/raw_text/K183268.txt,3348,0,0,0,0,0,0,0,0.0,0,0,0,0,0,0,0,0,0,0.0,0,0,0,0,0.0,0,0,0,0,0,0,0,0,0.0,0,0,0,0,0,0,12,0,1,13,3.8829151732377536,4,8,1,0,0,0,0.0,0.0,0,0,0,1,0,0,13,0.0,0,0.000000
K183271,/Users/winko/Library/Mobile Documents/com~apple~CloudDocs/Research/1.5-Policy/data/raw_text/K183271.txt,3475,0,0,0,0,0,0,0,0.0,0,0,0,0,0,0,0,0,0,0.0,0,0,0,0,0.0,0,0,0,0,0,0,0,0,0.0,0,0,0,0,0,0,10,0,1,11,3.165467625899281,6,4,1,0,0,0,0.0,0.0,0,0,0,1,0,0,11,0.0,0,0.000000
K183272,/Users/winko/Library/Mobile Documents/com~apple~CloudDocs/Research/1.5-Policy/data/raw_text/K183272.txt,2878,0,0,0,0,0,0,0,0.0,0,0,0,0,0,0,0,0,0,0.0,0,0,0,0,0.0,0,0,0,0,0,0,0,0,0.0,0,0,0,0,0,0,8,0,0,8,2.779708130646282,4,4,0,0,0,0,0.0,0.0,0,0,0,1,0,0,8,0.0,0,0.000000
K183274,/Users/winko/Library/Mobile Documents/com~apple~CloudDocs/Research/1.5-Policy/data/raw_text/K183274.txt,3931,0,0,0,0,0,0,0,0.0,0,0,0,0,0,0,0,0,0,0.0,0,0,0,0,0.0,0,0,0,0,0,0,0,0,0.0,0,0,0,0,0,0,6,0,1,7,1.7807173747138134,6,1,0,0,0,0,0.0,0.0,0,0,0,1,0,0,7,0.0,0,0.000000
K183282,/Users/winko/Library/Mobile Documents/com~apple~CloudDocs/Research/1.5-Policy/data/raw_text/K183282.txt,3283,0,0,0,0,0,0,0,0.0,0,0,0,0,0,0,0,0,0,0.0,0,0,0,0,0.0,0,0,0,0,0,0,0,0,0.0,0,0,0,0,0,0,7,0,1,8,2.436795613767895,5,3,0,0,0,0,0.0,0.0,0,0,0,1,0,0,8,0.0,0,0.000000
K183285,/Users/winko/Library/Mobile Documents/com~apple~CloudDocs/Research/1.5-Policy/data/raw_text/K183285.txt,3902,0,0,0,0,0,0,0,0.0,0,0,0,9,0,15,13,0,37,9.482316760635571,0,0,37,0,0.0,0,0,0,0,0,0,3,3,0.768836494105587,0,0,3,0,0,0,7,0,0,7,1.7939518195797026,6,1,0,0,0,0,0.0,0.0,0,0,0,1,0,37,7,5.285714285714286,0,5.285714
K183322,/Users/winko/Library/Mobile Documents/com~apple~CloudDocs/Research/1.5-Policy/data/raw_text/K183322.txt,2886,0,0,0,0,0,0,0,0.0,0,0,0,0,0,0,0,0,0,0.0,0,0,0,0,0.0,0,0,0,0,0,0,1,1,0.3465003465003465,0,0,1,0,0,0,8,0,0,8,2.772002772002772,4,4,0,0,0,0,0.0,0.0,0,0,0,1,0,0,8,0.0,0,0.000000
K183370,/Users/winko/Library/Mobile Documents/com~apple~CloudDocs/Research/1.5-Policy/data/raw_text/K183370.txt,3986,0,0,0,0,0,0,0,0.0,0,0,0,0,0,0,0,0,0,0.0,0,0,0,0,0.0,0,0,0,0,0,0,0,0,0.0,0,0,0,0,0,0,7,0,1,8,2.007024586051179,5,3,0,0,0,0,0.0,0.0,0,0,0,1,0,0,8,0.0,0,0.000000
K183460,/Users/winko/Library/Mobile Documents/com~apple~CloudDocs/Research/1.5-Policy/data/raw_text/K183460.txt,1900,0,0,0,0,0,0,0,0.0,0,0,0,0,0,0,0,0,0,0.0,0,0,0,0,0.0,0,0,0,0,0,0,0,0,0.0,0,0,0,0,0,0,5,0,0,5,2.631578947368421,4,1,0,1,0,0,0.0,0.0,0,0,0,1,0,0,5,0.0,0,0.000000
K183489,/Users/winko/Library/Mobile Documents/com~apple~CloudDocs/Research/1.5-Policy/data/raw_text/K183489.txt,1766,0,0,0,0,0,0,0,0.0,0,0,0,0,1,0,0,0,1,0.5662514156285391,0,0,1,0,0.0,0,0,0,0,0,0,0,0,0.0,0,0,0,0,0,0,5,0,0,5,2.8312570781426953,4,1,0,0,0,0,0.0,0.0,0,0,0,1,0,1,5,0.2,0,0.200000
K183593,/Users/winko/Library/Mobile Documents/com~apple~CloudDocs/Research/1.5-Policy/data/raw_text/K183593.txt,21,0,0,0,0,0,0,0,0.0,0,0,0,0,0,0,0,0,0,0.0,0,0,0,0,0.0,0,0,0,0,0,0,0,0,0.0,0,0,0,0,0,0,0,0,0,0,0.0,0,0,0,0,0,0,0.0,0.0,0,0,0,1,0,0,0,0.0,0,0.000000
K183646,/Users/winko/Library/Mobile Documents/com~apple~CloudDocs/Research/1.5-Policy/data/raw_text/K183646.txt,1455,0,0,0,0,0,0,0,0.0,0,0,0,0,0,0,0,0,0,0.0,0,0,0,0,0.0,0,0,0,0,0,0,0,0,0.0,0,0,0,0,0,0,6,0,0,6,4.123711340206186,4,0,2,0,0,0,0.0,0.0,0,0,0,1,0,0,6,0.0,0,0.000000
K183648,/Users/winko/Library/Mobile Documents/com~apple~CloudDocs/Research/1.5-Policy/data/raw_text/K183648.txt,4524,0,0,0,0,0,0,0,0.0,0,0,0,0,0,0,0,0,0,0.0,0,0,0,0,0.0,0,0,0,0,0,0,0,0,0.0,0,0,0,0,0,0,5,0,1,6,1.3262599469496021,5,1,0,0,0,0,0.0,0.0,0,0,0,1,0,0,6,0.0,0,0.000000
K183704,/Users/winko/Library/Mobile Documents/com~apple~CloudDocs/Research/1.5-Policy/data/raw_text/K183704.txt,2530,0,0,0,0,0,0,0,0.0,0,0,0,0,0,0,0,0,0,0.0,0,0,0,0,0.0,0,0,0,0,0,0,0,0,0.0,0,0,0,0,0,0,6,0,1,7,2.766798418972332,4,2,1,0,0,0,0.0,0.0,0,0,0,1,0,0,7,0.0,0,0.000000
K190013,/Users/winko/Library/Mobile Documents/com~apple~CloudDocs/Research/1.5-Policy/data/raw_text/K190013.txt,4157,0,0,0,0,0,0,0,0.0,0,0,0,0,0,0,0,0,0,0.0,0,0,0,0,0.0,0,0,0,0,0,0,0,0,0.0,0,0,0,0,0,0,5,0,3,8,1.9244647582391148,4,1,3,0,0,0,0.0,0.0,0,0,0,1,0,0,8,0.0,0,0.000000
K190017,/Users/winko/Library/Mobile Documents/com~apple~CloudDocs/Research/1.5-Policy/data/raw_text/K190017.txt,5808,0,0,0,0,0,0,0,0.0,0,0,0,0,2,0,0,0,2,0.34435261707988984,0,0,2,0,0.0,0,0,0,0,0,0,0,0,0.0,0,0,0,0,0,0,10,0,4,14,2.4104683195592287,8,2,4,0,0,0,0.0,0.0,0,0,0,1,0,2,14,0.14285714285714285,0,0.142857
K190072,/Users/winko/Library/Mobile Documents/com~apple~CloudDocs/Research/1.5-Policy/data/raw_text/K190072.txt,3403,0,0,0,0,0,0,0,0.0,0,0,0,0,1,4,4,0,9,2.644725242433147,0,0,9,0,0.0,0,0,0,0,0,0,0,0,0.0,0,0,0,0,0,0,6,0,0,6,1.7631501616220981,4,2,0,0,0,0,0.0,0.0,0,0,0,1,0,9,6,1.5,0,1.500000
K190334,/Users/winko/Library/Mobile Documents/com~apple~CloudDocs/Research/1.5-Policy/data/raw_text/K190334.txt,2420,0,0,0,0,0,0,0,0.0,0,0,0,0,1,0,0,0,1,0.4132231404958678,0,0,1,0,0.0,0,0,0,0,0,0,2,2,0.8264462809917356,0,0,2,0,0,0,6,0,3,9,3.71900826446281,4,1,4,0,0,0,0.0,0.0,0,0,0,1,0,1,9,0.1111111111111111,0,0.111111
K190362,/Users/winko/Library/Mobile Documents/com~apple~CloudDocs/Research/1.5-Policy/data/raw_text/K190362.txt,2581,0,0,0,0,0,0,0,0.0,0,0,0,1,3,1,1,0,6,2.324680356450988,0,0,6,0,0.0,0,0,0,0,0,0,1,1,0.38744672607516467,0,1,0,0,0,0,6,0,3,9,3.487020534676482,5,4,0,0,0,0,0.0,0.0,0,0,0,1,0,6,9,0.6666666666666666,0,0.666667
K190387,/Users/winko/Library/Mobile Documents/com~apple~CloudDocs/Research/1.5-Policy/data/raw_text/K190387.txt,1770,0,0,0,0,0,0,0,0.0,0,0,0,0,0,0,0,0,0,0.0,0,0,0,0,0.0,0,0,0,0,0,0,0,0,0.0,0,0,0,0,0,0,4,0,0,4,2.2598870056497176,4,0,0,0,0,0,0.0,0.0,0,0,0,1,0,0,4,0.0,0,0.000000
K190424,/Users/winko/Library/Mobile Documents/com~apple~CloudDocs/Research/1.5-Policy/data/raw_text/K190424.txt,2785,0,0,0,0,0,0,0,0.0,0,0,0,0,2,2,2,0,6,2.154398563734291,0,0,6,0,0.0,0,0,0,0,0,0,1,1,0.3590664272890485,0,1,0,0,0,0,6,0,4,10,3.5906642728904847,5,3,2,0,0,0,0.0,0.0,0,0,0,1,0,6,10,0.6,0,0.600000
K190442,/Users/winko/Library/Mobile Documents/com~apple~CloudDocs/Research/1.5-Policy/data/raw_text/K190442.txt,5363,0,0,0,0,0,0,0,0.0,0,0,0,11,3,3,3,0,20,3.7292560134253216,3,5,12,0,0.0,0,0,0,0,0,0,1,1,0.18646280067126608,0,0,1,0,0,0,7,0,1,8,1.4917024053701287,5,1,2,0,0,0,0.0,0.0,0,0,0,1,0,20,8,2.5,0,2.500000
K190529,/Users/winko/Library/Mobile Documents/com~apple~CloudDocs/Research/1.5-Policy/data/raw_text/K190529.txt,2086,0,0,0,0,0,0,0,0.0,0,0,0,0,0,0,0,0,0,0.0,0,0,0,0,0.0,0,0,0,0,0,0,2,2,0.9587727708533077,0,1,1,0,0,0,4,0,0,4,1.9175455417066154,3,1,0,0,0,0,0.0,0.0,0,0,0,1,0,0,4,0.0,0,0.000000
K190593,/Users/winko/Library/Mobile Documents/com~apple~CloudDocs/Research/1.5-Policy/data/raw_text/K190593.txt,1793,0,0,0,0,0,0,0,0.0,0,0,0,0,0,1,0,0,1,0.5577244841048522,0,0,1,0,0.0,0,0,0,0,0,0,0,0,0.0,0,0,0,0,0,0,6,0,0,6,3.3463469046291134,4,2,0,0,0,0,0.0,0.0,0,0,0,1,0,1,6,0.16666666666666666,0,0.166667
K190764,/Users/winko/Library/Mobile Documents/com~apple~CloudDocs/Research/1.5-Policy/data/raw_text/K190764.txt,2785,0,0,0,0,0,0,0,0.0,0,0,0,0,0,0,0,0,0,0.0,0,0,0,0,0.0,0,0,0,0,0,0,0,0,0.0,0,0,0,0,0,0,5,0,1,6,2.154398563734291,5,1,0,0,0,0,0.0,0.0,0,0,0,1,0,0,6,0.0,0,0.000000
K190815,/Users/winko/Library/Mobile Documents/com~apple~CloudDocs/Research/1.5-Policy/data/raw_text/K190815.txt,5251,0,0,0,0,0,0,0,0.0,0,0,0,0,0,3,3,0,6,1.1426394972386211,0,0,6,0,0.0,0,0,0,0,0,0,13,13,2.475718910683679,2,11,0,0,0,0,4,0,0,4,0.7617596648257475,4,0,0,0,0,0,0.0,0.0,0,0,0,1,0,6,4,1.5,0,1.500000
K190868,/Users/winko/Library/Mobile Documents/com~apple~CloudDocs/Research/1.5-Policy/data/raw_text/K190868.txt,2527,0,0,0,0,0,0,0,0.0,0,0,0,0,0,0,0,0,0,0.0,0,0,0,0,0.0,0,0,0,0,0,0,0,0,0.0,0,0,0,0,0,0,5,0,0,5,1.9786307874950535,4,1,0,0,0,0,0.0,0.0,0,0,0,1,0,0,5,0.0,0,0.000000
K190896,/Users/winko/Library/Mobile Documents/com~apple~CloudDocs/Research/1.5-Policy/data/raw_text/K190896.txt,3283,0,0,0,0,0,0,0,0.0,0,0,0,0,0,2,2,0,4,1.2183978068839476,0,0,4,0,0.0,0,0,0,0,0,0,0,0,0.0,0,0,0,0,0,0,6,0,0,6,1.8275967103259214,4,2,0,0,0,0,0.0,0.0,0,0,0,1,0,4,6,0.6666666666666666,0,0.666667
K190898,/Users/winko/Library/Mobile Documents/com~apple~CloudDocs/Research/1.5-Policy/data/raw_text/K190898.txt,7861,0,0,0,0,0,0,0,0.0,0,0,0,0,1,2,3,0,6,0.7632616715430607,0,0,6,0,0.0,0,0,0,0,0,0,2,2,0.25442055718102025,0,2,0,0,0,0,5,0,0,5,0.6360513929525506,5,0,0,0,0,0,0.0,0.0,0,0,0,1,0,6,5,1.2,0,1.200000
K190925,/Users/winko/Library/Mobile Documents/com~apple~CloudDocs/Research/1.5-Policy/data/raw_text/K190925.txt,1850,0,0,0,0,0,0,0,0.0,0,0,0,0,0,0,0,0,0,0.0,0,0,0,0,0.0,0,0,0,0,0,0,0,0,0.0,0,0,0,0,0,0,6,0,0,6,3.243243243243243,4,2,0,0,0,0,0.0,0.0,0,0,0,1,0,0,6,0.0,0,0.000000
K191026,/Users/winko/Library/Mobile Documents/com~apple~CloudDocs/Research/1.5-Policy/data/raw_text/K191026.txt,2200,0,0,0,0,0,0,0,0.0,0,0,0,0,0,0,0,0,0,0.0,0,0,0,0,0.0,0,0,0,0,0,0,0,0,0.0,0,0,0,0,0,0,5,0,0,5,2.2727272727272725,4,1,0,0,0,0,0.0,0.0,0,0,0,1,0,0,5,0.0,0,0.000000
K191083,/Users/winko/Library/Mobile Documents/com~apple~CloudDocs/Research/1.5-Policy/data/raw_text/K191083.txt,3504,0,0,0,0,0,0,0,0.0,0,0,0,0,0,0,0,0,0,0.0,0,0,0,0,0.0,0,0,0,0,0,0,0,0,0.0,0,0,0,0,0,0,6,0,0,6,1.7123287671232876,6,0,0,0,0,0,0.0,0.0,0,0,0,1,0,0,6,0.0,0,0.000000
K191125,/Users/winko/Library/Mobile Documents/com~apple~CloudDocs/Research/1.5-Policy/data/raw_text/K191125.txt,4407,0,0,0,0,0,0,0,0.0,0,0,0,0,3,0,0,0,3,0.6807351940095302,1,1,1,0,0.0,0,0,0,0,0,0,0,0,0.0,0,0,0,0,0,0,7,0,0,7,1.5883821193555707,4,3,0,0,0,0,0.0,0.0,0,0,0,1,0,3,7,0.42857142857142855,0,0.428571
K191171,/Users/winko/Library/Mobile Documents/com~apple~CloudDocs/Research/1.5-Policy/data/raw_text/K191171.txt,2523,0,0,0,0,0,0,0,0.0,0,0,0,0,1,0,0,0,1,0.39635354736424894,0,0,1,0,0.0,0,0,0,0,0,1,1,2,0.7927070947284979,0,0,2,0,0,0,5,0,0,5,1.9817677368212443,4,1,0,0,0,0,0.0,0.0,0,0,0,1,0,1,5,0.2,0,0.200000
K191179,/Users/winko/Library/Mobile Documents/com~apple~CloudDocs/Research/1.5-Policy/data/raw_text/K191179.txt,2132,0,0,0,0,0,0,0,0.0,0,0,0,0,0,0,0,0,0,0.0,0,0,0,0,0.0,0,0,0,0,0,0,0,0,0.0,0,0,0,0,0,0,4,0,1,5,2.3452157598499066,4,0,1,0,0,0,0.0,0.0,0,0,0,1,0,0,5,0.0,0,0.000000
K191183,/Users/winko/Library/Mobile Documents/com~apple~CloudDocs/Research/1.5-Policy/data/raw_text/K191183.txt,2181,0,0,0,0,0,0,0,0.0,0,0,0,0,0,0,0,0,0,0.0,0,0,0,0,0.0,0,0,0,0,0,0,4,4,1.8340210912425492,0,3,1,0,0,0,6,0,0,6,2.751031636863824,4,2,0,0,0,0,0.0,0.0,0,0,0,1,0,0,6,0.0,0,0.000000
K191194,/Users/winko/Library/Mobile Documents/com~apple~CloudDocs/Research/1.5-Policy/data/raw_text/K191194.txt,5325,0,0,0,0,0,0,0,0.0,0,0,0,0,0,0,0,0,0,0.0,0,0,0,0,0.0,0,0,0,0,0,0,1,1,0.18779342723004694,0,1,0,0,0,0,13,0,0,13,2.4413145539906105,5,2,6,0,0,0,0.0,0.0,0,0,0,1,0,0,13,0.0,0,0.000000
K191262,/Users/winko/Library/Mobile Documents/com~apple~CloudDocs/Research/1.5-Policy/data/raw_text/K191262.txt,2848,0,0,0,0,0,0,0,0.0,0,0,0,0,1,0,0,0,1,0.35112359550561795,0,0,1,0,0.0,0,0,0,0,0,0,0,0,0.0,0,0,0,0,0,0,5,0,1,6,2.106741573033708,4,2,0,0,0,0,0.0,0.0,0,0,0,1,0,1,6,0.16666666666666666,0,0.166667
K191278,/Users/winko/Library/Mobile Documents/com~apple~CloudDocs/Research/1.5-Policy/data/raw_text/K191278.txt,2064,0,0,0,0,0,0,0,0.0,0,0,0,0,1,0,0,0,1,0.4844961240310077,0,0,1,0,0.0,0,0,0,0,0,0,0,0,0.0,0,0,0,0,0,0,6,0,1,7,3.391472868217054,4,2,1,0,0,0,0.0,0.0,0,0,0,1,0,1,7,0.14285714285714285,0,0.142857
K191370,/Users/winko/Library/Mobile Documents/com~apple~CloudDocs/Research/1.5-Policy/data/raw_text/K191370.txt,3797,0,0,0,0,0,0,0,0.0,0,0,0,0,6,3,0,0,9,2.37029233605478,1,2,6,0,0.0,0,0,0,0,0,0,4,4,1.0534632604687912,2,2,0,0,0,0,7,0,1,8,2.1069265209375825,8,0,0,0,0,0,0.0,0.0,0,0,0,1,0,9,8,1.125,0,1.125000
K191384,/Users/winko/Library/Mobile Documents/com~apple~CloudDocs/Research/1.5-Policy/data/raw_text/K191384.txt,1646,0,0,0,0,0,0,0,0.0,0,0,0,0,0,0,0,0,0,0.0,0,0,0,0,0.0,0,0,0,0,0,0,0,0,0.0,0,0,0,0,0,0,4,0,2,6,3.6452004860267313,4,0,2,0,0,0,0.0,0.0,0,0,0,1,0,0,6,0.0,0,0.000000
K191493,/Users/winko/Library/Mobile Documents/com~apple~CloudDocs/Research/1.5-Policy/data/raw_text/K191493.txt,2431,0,0,0,0,0,0,0,0.0,0,0,0,0,1,0,0,0,1,0.41135335252982314,0,0,1,0,0.0,0,0,0,0,0,0,0,0,0.0,0,0,0,0,0,0,7,0,1,8,3.290826820238585,4,4,0,0,0,0,0.0,0.0,0,0,0,1,0,1,8,0.125,0,0.125000
K191550,/Users/winko/Library/Mobile Documents/com~apple~CloudDocs/Research/1.5-Policy/data/raw_text/K191550.txt,3161,0,0,0,0,0,0,0,0.0,0,0,0,0,1,0,0,0,1,0.3163555836760519,0,1,0,0,0.0,0,0,0,0,0,0,0,0,0.0,0,0,0,0,0,0,7,0,0,7,2.214489085732363,4,3,0,0,0,0,0.0,0.0,0,0,0,1,0,1,7,0.14285714285714285,0,0.142857
K191556,/Users/winko/Library/Mobile Documents/com~apple~CloudDocs/Research/1.5-Policy/data/raw_text/K191556.txt,3271,0,0,0,0,0,0,0,0.0,0,0,0,1,2,2,2,0,7,2.140018343014369,0,0,7,0,0.0,0,0,0,0,0,0,0,0,0.0,0,0,0,0,0,0,7,0,4,11,3.362885967594008,5,5,1,0,0,0,0.0,0.0,0,0,0,1,0,7,11,0.6363636363636364,0,0.636364
K191585,/Users/winko/Library/Mobile Documents/com~apple~CloudDocs/Research/1.5-Policy/data/raw_text/K191585.txt,3562,0,0,0,0,0,0,0,0.0,0,0,0,0,0,0,0,0,0,0.0,0,0,0,0,0.0,0,0,0,0,0,0,0,0,0.0,0,0,0,0,0,0,5,0,0,5,1.403705783267827,5,0,0,0,0,0,0.0,0.0,0,0,0,1,0,0,5,0.0,0,0.000000
K191647,/Users/winko/Library/Mobile Documents/com~apple~CloudDocs/Research/1.5-Policy/data/raw_text/K191647.txt,2610,0,0,0,0,0,0,0,0.0,0,0,0,0,0,0,0,0,0,0.0,0,0,0,0,0.0,0,0,0,0,0,0,0,0,0.0,0,0,0,0,0,0,5,0,0,5,1.9157088122605364,4,1,0,0,0,0,0.0,0.0,0,0,0,1,0,0,5,0.0,0,0.000000
K191688,/Users/winko/Library/Mobile Documents/com~apple~CloudDocs/Research/1.5-Policy/data/raw_text/K191688.txt,1971,0,0,0,0,0,0,0,0.0,0,0,0,0,0,0,0,0,0,0.0,0,0,0,0,0.0,0,0,0,0,0,0,0,0,0.0,0,0,0,0,0,0,8,0,1,9,4.5662100456621,4,5,0,0,0,0,0.0,0.0,0,0,0,1,0,0,9,0.0,0,0.000000
K191713,/Users/winko/Library/Mobile Documents/com~apple~CloudDocs/Research/1.5-Policy/data/raw_text/K191713.txt,5654,0,0,0,0,0,0,0,0.0,0,0,0,0,0,0,0,0,0,0.0,0,0,0,0,0.0,0,0,0,0,0,0,0,0,0.0,0,0,0,0,0,0,11,0,1,12,2.1223912274495933,8,1,3,0,0,0,0.0,0.0,0,0,0,1,0,0,12,0.0,0,0.000000
K191928,/Users/winko/Library/Mobile Documents/com~apple~CloudDocs/Research/1.5-Policy/data/raw_text/K191928.txt,2214,0,0,0,0,0,0,0,0.0,0,0,0,0,2,0,0,0,2,0.9033423667570009,0,2,0,0,0.0,0,0,0,0,0,0,0,0,0.0,0,0,0,0,0,0,5,0,0,5,2.2583559168925023,4,1,0,0,0,0,0.0,0.0,0,0,0,1,0,2,5,0.4,0,0.400000
K191994,/Users/winko/Library/Mobile Documents/com~apple~CloudDocs/Research/1.5-Policy/data/raw_text/K191994.txt,3790,0,0,0,0,0,0,0,0.0,0,0,0,4,0,12,6,0,22,5.804749340369393,0,0,22,0,0.0,0,0,0,0,0,0,0,0,0.0,0,0,0,0,0,0,4,0,0,4,1.0554089709762533,4,0,0,0,0,0,0.0,0.0,0,0,0,1,0,22,4,5.5,0,5.500000
K192004,/Users/winko/Library/Mobile Documents/com~apple~CloudDocs/Research/1.5-Policy/data/raw_text/K192004.txt,2739,0,0,0,0,0,0,0,0.0,0,0,0,0,1,4,4,0,9,3.2858707557502735,0,0,9,0,0.0,0,0,0,0,0,0,5,5,1.8254837531945967,0,1,4,0,0,0,6,0,0,6,2.190580503833516,4,2,0,0,0,0,0.0,0.0,0,0,0,1,0,9,6,1.5,0,1.500000
K192051,/Users/winko/Library/Mobile Documents/com~apple~CloudDocs/Research/1.5-Policy/data/raw_text/K192051.txt,3093,0,0,0,0,0,0,0,0.0,0,0,0,0,7,0,1,0,8,2.58648561267378,1,6,1,0,0.0,0,0,0,0,0,3,3,6,1.9398642095053347,2,2,2,0,0,0,10,0,1,11,3.556417717426447,8,3,0,0,0,0,0.0,0.0,0,0,0,1,0,8,11,0.7272727272727273,0,0.727273
K192065,/Users/winko/Library/Mobile Documents/com~apple~CloudDocs/Research/1.5-Policy/data/raw_text/K192065.txt,3096,0,0,0,0,0,0,0,0.0,0,0,0,0,0,0,0,0,0,0.0,0,0,0,0,0.0,0,0,0,0,0,0,0,0,0.0,0,0,0,0,0,0,8,0,0,8,2.5839793281653747,4,4,0,0,0,0,0.0,0.0,0,0,0,1,0,0,8,0.0,0,0.000000
K192107,/Users/winko/Library/Mobile Documents/com~apple~CloudDocs/Research/1.5-Policy/data/raw_text/K192107.txt,5524,0,0,0,0,0,0,0,0.0,0,0,0,0,0,0,0,0,0,0.0,0,0,0,0,0.0,0,0,0,0,0,0,0,0,0.0,0,0,0,0,0,0,5,0,2,7,1.2671976828385227,4,0,3,0,0,0,0.0,0.0,0,0,0,1,0,0,7,0.0,0,0.000000
K192109,/Users/winko/Library/Mobile Documents/com~apple~CloudDocs/Research/1.5-Policy/data/raw_text/K192109.txt,2056,0,0,0,0,0,0,0,0.0,0,0,0,0,3,2,2,0,7,3.404669260700389,0,1,6,0,0.0,0,0,0,0,0,0,0,0,0.0,0,0,0,0,0,0,6,0,2,8,3.8910505836575875,4,4,0,0,0,0,0.0,0.0,0,0,0,1,0,7,8,0.875,0,0.875000
K192130,/Users/winko/Library/Mobile Documents/com~apple~CloudDocs/Research/1.5-Policy/data/raw_text/K192130.txt,2686,0,0,0,0,0,2,2,0.7446016381236039,0,0,2,0,2,0,0,0,2,0.7446016381236039,0,0,2,0,0.0,0,0,0,0,0,0,0,0,0.0,0,0,0,0,0,0,4,0,0,4,1.4892032762472078,4,0,0,0,0,0,0.0,0.0,0,0,0,1,0,2,4,0.5,0,0.500000
K192167,/Users/winko/Library/Mobile Documents/com~apple~CloudDocs/Research/1.5-Policy/data/raw_text/K192167.txt,2271,0,0,0,0,0,0,0,0.0,0,0,0,0,1,3,3,0,7,3.0823425803610744,0,0,7,0,0.0,0,0,0,0,0,0,0,0,0.0,0,0,0,0,0,0,6,0,0,6,2.642007926023778,4,2,0,0,0,0,0.0,0.0,0,0,0,1,0,7,6,1.1666666666666667,0,1.166667
K192279,/Users/winko/Library/Mobile Documents/com~apple~CloudDocs/Research/1.5-Policy/data/raw_text/K192279.txt,1774,0,0,0,0,0,0,0,0.0,0,0,0,0,0,0,0,0,0,0.0,0,0,0,0,0.0,0,0,0,0,0,0,0,0,0.0,0,0,0,0,0,0,6,0,0,6,3.3821871476888385,4,2,0,0,0,0,0.0,0.0,0,0,0,1,0,0,6,0.0,0,0.000000
K192287,/Users/winko/Library/Mobile Documents/com~apple~CloudDocs/Research/1.5-Policy/data/raw_text/K192287.txt,2361,0,0,0,0,0,0,0,0.0,0,0,0,0,1,0,0,0,1,0.4235493434985176,0,0,1,0,0.0,0,0,0,0,0,0,0,0,0.0,0,0,0,0,0,0,7,0,0,7,2.964845404489623,4,2,1,0,0,0,0.0,0.0,0,0,0,1,0,1,7,0.14285714285714285,0,0.142857
K192304,/Users/winko/Library/Mobile Documents/com~apple~CloudDocs/Research/1.5-Policy/data/raw_text/K192304.txt,1979,0,0,0,0,0,0,0,0.0,0,0,0,0,0,0,0,0,0,0.0,0,0,0,0,0.0,0,0,0,0,0,0,0,0,0.0,0,0,0,0,0,0,6,0,1,7,3.5371399696816574,4,2,1,0,0,0,0.0,0.0,0,0,0,1,0,0,7,0.0,0,0.000000
K192320,/Users/winko/Library/Mobile Documents/com~apple~CloudDocs/Research/1.5-Policy/data/raw_text/K192320.txt,2830,0,0,0,0,0,0,0,0.0,0,0,0,3,3,6,9,0,21,7.420494699646643,0,0,21,0,0.0,0,0,0,0,0,0,1,1,0.3533568904593639,0,1,0,0,0,0,6,0,4,10,3.5335689045936394,5,5,0,0,0,0,0.0,0.0,0,0,0,1,0,21,10,2.1,0,2.100000
K192377,/Users/winko/Library/Mobile Documents/com~apple~CloudDocs/Research/1.5-Policy/data/raw_text/K192377.txt,2528,0,0,0,0,0,0,0,0.0,0,0,0,0,0,0,0,0,0,0.0,0,0,0,0,0.0,0,0,0,0,0,0,0,0,0.0,0,0,0,0,0,0,4,0,0,4,1.5822784810126582,4,0,0,0,0,0,0.0,0.0,0,0,0,1,0,0,4,0.0,0,0.000000
K192383,/Users/winko/Library/Mobile Documents/com~apple~CloudDocs/Research/1.5-Policy/data/raw_text/K192383.txt,4222,0,0,0,0,0,0,0,0.0,0,0,0,0,0,2,2,0,4,0.9474182851729038,0,0,4,0,0.0,0,0,0,0,0,0,3,3,0.7105637138796779,0,1,2,0,0,0,6,0,0,6,1.4211274277593557,6,0,0,0,0,0,0.0,0.0,0,0,0,1,0,4,6,0.6666666666666666,0,0.666667
K192388,/Users/winko/Library/Mobile Documents/com~apple~CloudDocs/Research/1.5-Policy/data/raw_text/K192388.txt,1855,0,0,0,0,0,0,0,0.0,0,0,0,0,0,0,0,0,0,0.0,0,0,0,0,0.0,0,0,0,0,0,0,0,0,0.0,0,0,0,0,0,0,4,0,0,4,2.15633423180593,4,0,0,0,0,0,0.0,0.0,0,0,0,1,0,0,4,0.0,0,0.000000
K192415,/Users/winko/Library/Mobile Documents/com~apple~CloudDocs/Research/1.5-Policy/data/raw_text/K192415.txt,2951,0,0,0,0,0,0,0,0.0,0,0,0,0,0,4,4,0,8,2.7109454422229753,0,0,8,0,0.0,0,0,0,0,0,0,0,0,0.0,0,0,0,0,0,0,5,0,0,5,1.6943409013893596,4,1,0,0,0,0,0.0,0.0,0,0,0,1,0,8,5,1.6,0,1.600000
K192437,/Users/winko/Library/Mobile Documents/com~apple~CloudDocs/Research/1.5-Policy/data/raw_text/K192437.txt,2211,0,0,0,0,0,0,0,0.0,0,0,0,0,0,0,0,0,0,0.0,0,0,0,0,0.0,0,0,0,0,0,0,0,0,0.0,0,0,0,0,0,0,5,0,0,5,2.261420171867933,4,1,0,0,0,0,0.0,0.0,0,0,0,1,0,0,5,0.0,0,0.000000
K192442,/Users/winko/Library/Mobile Documents/com~apple~CloudDocs/Research/1.5-Policy/data/raw_text/K192442.txt,3709,0,0,0,0,0,0,0,0.0,0,0,0,0,1,3,3,0,7,1.8873011593421407,0,6,1,0,0.0,0,0,0,0,0,0,0,0,0.0,0,0,0,0,0,0,5,0,0,5,1.3480722566729577,5,0,0,0,0,0,0.0,0.0,0,0,0,1,0,7,5,1.4,0,1.400000
K192455,/Users/winko/Library/Mobile Documents/com~apple~CloudDocs/Research/1.5-Policy/data/raw_text/K192455.txt,4249,0,0,0,0,0,0,0,0.0,0,0,0,0,0,0,0,0,0,0.0,0,0,0,0,0.0,0,0,0,0,0,0,0,0,0.0,0,0,0,0,0,0,6,0,0,6,1.4120969639915275,6,0,0,0,0,0,0.0,0.0,0,0,0,1,0,0,6,0.0,0,0.000000
K192531,/Users/winko/Library/Mobile Documents/com~apple~CloudDocs/Research/1.5-Policy/data/raw_text/K192531.txt,2281,0,0,0,0,0,0,0,0.0,0,0,0,0,2,0,1,0,3,1.31521262604121,0,1,2,0,0.0,0,0,0,0,0,1,1,2,0.8768084173608067,0,2,0,0,0,0,7,0,0,7,3.068829460762823,4,3,0,0,0,0,0.0,0.0,0,0,0,1,0,3,7,0.42857142857142855,0,0.428571
K192571,/Users/winko/Library/Mobile Documents/com~apple~CloudDocs/Research/1.5-Policy/data/raw_text/K192571.txt,978,0,0,0,0,0,0,0,0.0,0,0,0,0,0,0,0,0,0,0.0,0,0,0,0,0.0,0,0,0,0,0,0,0,0,0.0,0,0,0,0,0,0,4,0,0,4,4.08997955010225,4,0,0,0,0,0,0.0,0.0,0,0,0,1,0,0,4,0.0,0,0.000000
K192574,/Users/winko/Library/Mobile Documents/com~apple~CloudDocs/Research/1.5-Policy/data/raw_text/K192574.txt,2496,0,0,0,0,0,0,0,0.0,0,0,0,0,0,0,0,0,0,0.0,0,0,0,0,0.0,0,0,0,0,0,0,0,0,0.0,0,0,0,0,0,0,5,0,0,5,2.003205128205128,4,1,0,0,0,0,0.0,0.0,0,0,0,1,0,0,5,0.0,0,0.000000
K192601,/Users/winko/Library/Mobile Documents/com~apple~CloudDocs/Research/1.5-Policy/data/raw_text/K192601.txt,3557,0,0,0,0,0,0,0,0.0,0,0,0,0,0,0,0,0,0,0.0,0,0,0,0,0.0,0,0,0,0,0,0,0,0,0.0,0,0,0,0,0,0,5,0,1,6,1.686814731515322,4,1,1,0,0,0,0.0,0.0,0,0,0,1,0,0,6,0.0,0,0.000000
K192665,/Users/winko/Library/Mobile Documents/com~apple~CloudDocs/Research/1.5-Policy/data/raw_text/K192665.txt,7200,0,0,0,0,0,0,0,0.0,0,0,0,0,0,1,0,9,10,1.3888888888888888,0,0,10,0,0.0,0,0,0,0,0,0,0,0,0.0,0,0,0,0,0,0,6,0,0,6,0.8333333333333334,4,0,2,0,0,0,0.0,0.0,0,0,0,1,0,10,6,1.6666666666666667,0,1.666667
K192732,/Users/winko/Library/Mobile Documents/com~apple~CloudDocs/Research/1.5-Policy/data/raw_text/K192732.txt,1807,0,0,0,0,0,0,0,0.0,0,0,0,0,0,0,0,0,0,0.0,0,0,0,0,0.0,0,0,0,0,0,0,0,0,0.0,0,0,0,0,0,0,4,0,0,4,2.213613724405091,4,0,0,0,0,0,0.0,0.0,0,0,0,1,0,0,4,0.0,0,0.000000
K192763,/Users/winko/Library/Mobile Documents/com~apple~CloudDocs/Research/1.5-Policy/data/raw_text/K192763.txt,2648,0,0,0,0,0,0,0,0.0,0,0,0,0,1,0,0,0,1,0.3776435045317221,0,0,1,0,0.0,0,0,0,0,0,0,0,0,0.0,0,0,0,0,0,0,10,0,0,10,3.776435045317221,4,6,0,0,0,0,0.0,0.0,0,0,0,1,0,1,10,0.1,0,0.100000
K192828,/Users/winko/Library/Mobile Documents/com~apple~CloudDocs/Research/1.5-Policy/data/raw_text/K192828.txt,2697,0,0,0,0,0,0,0,0.0,0,0,0,0,2,2,0,0,4,1.4831294030404152,0,0,4,0,0.0,0,0,0,0,0,0,0,0,0.0,0,0,0,0,0,0,6,0,0,6,2.2246941045606228,4,2,0,0,0,0,0.0,0.0,0,0,0,1,0,4,6,0.6666666666666666,0,0.666667
K192832,/Users/winko/Library/Mobile Documents/com~apple~CloudDocs/Research/1.5-Policy/data/raw_text/K192832.txt,2346,0,0,0,0,0,0,0,0.0,0,0,0,0,1,1,0,0,2,0.8525149190110827,0,0,2,0,0.0,0,0,0,0,0,0,0,0,0.0,0,0,0,0,0,0,6,0,0,6,2.557544757033248,4,2,0,0,0,0,0.0,0.0,0,0,0,1,0,2,6,0.3333333333333333,0,0.333333
K192854,/Users/winko/Library/Mobile Documents/com~apple~CloudDocs/Research/1.5-Policy/data/raw_text/K192854.txt,6185,0,0,0,0,0,0,0,0.0,0,0,0,20,0,23,15,0,58,9.377526273241715,0,20,38,0,0.0,0,0,0,0,0,0,0,0,0.0,0,0,0,0,0,0,7,0,0,7,1.1317704122877932,7,0,0,0,0,0,0.0,0.0,0,0,0,1,0,58,7,8.285714285714286,0,8.285714
K192880,/Users/winko/Library/Mobile Documents/com~apple~CloudDocs/Research/1.5-Policy/data/raw_text/K192880.txt,2942,0,0,0,0,0,0,0,0.0,0,0,0,2,2,1,0,0,5,1.699524133242692,0,0,5,0,0.0,0,0,0,0,0,0,0,0,0.0,0,0,0,0,0,0,6,0,0,6,2.0394289598912305,6,0,0,0,0,0,0.0,0.0,0,0,0,1,0,5,6,0.8333333333333334,0,0.833333
K192901,/Users/winko/Library/Mobile Documents/com~apple~CloudDocs/Research/1.5-Policy/data/raw_text/K192901.txt,2928,0,0,0,0,0,0,0,0.0,0,0,0,3,3,2,2,0,10,3.4153005464480874,0,0,10,0,0.0,0,0,0,0,0,0,1,1,0.34153005464480873,0,1,0,0,0,0,6,0,0,6,2.0491803278688527,4,2,0,0,0,0,0.0,0.0,0,0,0,1,0,10,6,1.6666666666666667,0,1.666667
K192945,/Users/winko/Library/Mobile Documents/com~apple~CloudDocs/Research/1.5-Policy/data/raw_text/K192945.txt,3366,0,0,0,0,0,0,0,0.0,0,0,0,0,6,0,0,0,6,1.7825311942959001,0,0,6,0,0.0,0,0,0,0,0,0,0,0,0.0,0,0,0,0,0,0,4,0,1,5,1.4854426619132501,4,0,1,0,0,0,0.0,0.0,0,0,0,1,0,6,5,1.2,0,1.200000
K192956,/Users/winko/Library/Mobile Documents/com~apple~CloudDocs/Research/1.5-Policy/data/raw_text/K192956.txt,3143,0,0,0,0,0,0,0,0.0,0,0,0,0,1,0,0,0,1,0.3181673560292714,0,0,1,0,0.0,0,0,0,0,0,0,0,0,0.0,0,0,0,0,0,0,8,0,1,9,2.8635062042634427,4,4,1,0,0,0,0.0,0.0,0,0,0,1,0,1,9,0.1111111111111111,0,0.111111
K192962,/Users/winko/Library/Mobile Documents/com~apple~CloudDocs/Research/1.5-Policy/data/raw_text/K192962.txt,3081,0,0,0,0,0,1,1,0.32456994482310936,0,0,1,0,7,0,0,0,7,2.2719896137617654,0,0,7,0,0.0,0,0,0,0,0,0,0,0,0.0,0,0,0,0,0,0,5,0,0,5,1.6228497241155468,4,1,0,0,0,0,0.0,0.0,0,0,0,1,0,7,5,1.4,0,1.400000
K192969,/Users/winko/Library/Mobile Documents/com~apple~CloudDocs/Research/1.5-Policy/data/raw_text/K192969.txt,1929,0,0,0,0,0,0,0,0.0,0,0,0,0,0,0,0,0,0,0.0,0,0,0,0,0.0,0,0,0,0,0,0,0,0,0.0,0,0,0,0,0,0,4,0,0,4,2.0736132711249353,4,0,0,0,0,0,0.0,0.0,0,0,0,1,0,0,4,0.0,0,0.000000
K192973,/Users/winko/Library/Mobile Documents/com~apple~CloudDocs/Research/1.5-Policy/data/raw_text/K192973.txt,2386,0,0,0,0,0,0,0,0.0,0,0,0,0,5,0,0,0,5,2.095557418273261,0,0,5,0,0.0,0,0,0,0,0,0,3,3,1.2573344509639564,0,0,3,0,0,0,5,0,0,5,2.095557418273261,4,1,0,0,0,0,0.0,0.0,0,0,0,1,0,5,5,1.0,0,1.000000
K193073,/Users/winko/Library/Mobile Documents/com~apple~CloudDocs/Research/1.5-Policy/data/raw_text/K193073.txt,2507,0,0,0,0,0,0,0,0.0,0,0,0,0,0,0,0,0,0,0.0,0,0,0,0,0.0,0,0,0,0,0,0,0,0,0.0,0,0,0,0,0,0,7,0,0,7,2.792181890706023,4,3,0,0,0,0,0.0,0.0,0,0,0,1,0,0,7,0.0,0,0.000000
K193087,/Users/winko/Library/Mobile Documents/com~apple~CloudDocs/Research/1.5-Policy/data/raw_text/K193087.txt,3745,0,0,0,0,0,0,0,0.0,0,0,0,0,1,2,1,0,4,1.0680907877169559,0,0,4,0,0.0,0,0,0,0,0,0,0,0,0.0,0,0,0,0,0,0,4,0,0,4,1.0680907877169559,4,0,0,0,0,0,0.0,0.0,0,0,0,1,0,4,4,1.0,0,1.000000
K193097,/Users/winko/Library/Mobile Documents/com~apple~CloudDocs/Research/1.5-Policy/data/raw_text/K193097.txt,2775,0,0,0,0,0,0,0,0.0,0,0,0,0,0,0,0,0,0,0.0,0,0,0,0,0.0,0,0,0,0,0,0,0,0,0.0,0,0,0,0,0,0,5,0,0,5,1.8018018018018018,4,1,0,0,0,0,0.0,0.0,0,0,0,1,0,0,5,0.0,0,0.000000
K193109,/Users/winko/Library/Mobile Documents/com~apple~CloudDocs/Research/1.5-Policy/data/raw_text/K193109.txt,3576,0,0,0,0,0,0,0,0.0,0,0,0,0,12,1,0,0,13,3.635346756152125,1,1,11,0,0.0,0,0,0,0,0,0,0,0,0.0,0,0,0,0,0,0,10,0,0,10,2.796420581655481,10,0,0,0,0,0,0.0,0.0,0,0,0,1,0,13,10,1.3,0,1.300000
K193170,/Users/winko/Library/Mobile Documents/com~apple~CloudDocs/Research/1.5-Policy/data/raw_text/K193170.txt,2499,0,0,0,0,0,0,0,0.0,0,0,0,0,1,1,0,0,2,0.8003201280512205,0,0,2,0,0.0,0,0,0,0,0,0,0,0,0.0,0,0,0,0,0,0,5,0,1,6,2.4009603841536613,4,1,1,0,0,0,0.0,0.0,0,0,0,1,0,2,6,0.3333333333333333,0,0.333333
K193176,/Users/winko/Library/Mobile Documents/com~apple~CloudDocs/Research/1.5-Policy/data/raw_text/K193176.txt,1676,0,0,0,0,0,0,0,0.0,0,0,0,0,0,0,0,0,0,0.0,0,0,0,0,0.0,0,0,0,0,0,0,0,0,0.0,0,0,0,0,0,0,6,0,0,6,3.579952267303103,4,0,2,0,0,0,0.0,0.0,0,0,0,1,0,0,6,0.0,0,0.000000
K193178,/Users/winko/Library/Mobile Documents/com~apple~CloudDocs/Research/1.5-Policy/data/raw_text/K193178.txt,3154,0,0,0,0,0,0,0,0.0,0,0,0,0,2,2,0,0,4,1.2682308180088777,0,0,4,0,0.0,0,0,0,0,0,0,0,0,0.0,0,0,0,0,0,0,8,0,0,8,2.5364616360177554,4,4,0,0,0,0,0.0,0.0,0,0,0,1,0,4,8,0.5,0,0.500000
K193210,/Users/winko/Library/Mobile Documents/com~apple~CloudDocs/Research/1.5-Policy/data/raw_text/K193210.txt,2361,0,0,0,0,0,0,0,0.0,0,0,0,0,0,0,0,0,0,0.0,0,0,0,0,0.0,0,0,0,0,0,0,0,0,0.0,0,0,0,0,0,0,7,0,0,7,2.964845404489623,4,3,0,0,0,0,0.0,0.0,0,0,0,1,0,0,7,0.0,0,0.000000
K193216,/Users/winko/Library/Mobile Documents/com~apple~CloudDocs/Research/1.5-Policy/data/raw_text/K193216.txt,4437,0,0,0,0,0,0,0,0.0,0,0,0,0,5,1,1,0,7,1.577642551273383,0,3,4,0,0.0,0,0,0,0,0,0,0,0,0.0,0,0,0,0,0,0,8,0,1,9,2.028397565922921,8,0,1,0,0,0,0.0,0.0,0,0,0,1,0,7,9,0.7777777777777778,0,0.777778
K193220,/Users/winko/Library/Mobile Documents/com~apple~CloudDocs/Research/1.5-Policy/data/raw_text/K193220.txt,4861,0,0,0,0,0,0,0,0.0,0,0,0,0,4,0,0,0,4,0.8228759514503189,0,0,4,0,0.0,0,0,0,0,0,0,0,0,0.0,0,0,0,0,0,0,8,0,1,9,1.8514708907632176,8,0,1,0,0,0,0.0,0.0,0,0,0,1,0,4,9,0.4444444444444444,0,0.444444
K193229,/Users/winko/Library/Mobile Documents/com~apple~CloudDocs/Research/1.5-Policy/data/raw_text/K193229.txt,2821,0,0,0,0,0,0,0,0.0,0,0,0,4,2,2,1,0,9,3.1903580290677063,0,0,9,0,0.0,0,0,0,0,0,0,0,0,0.0,0,0,0,0,0,0,7,0,0,7,2.4813895781637716,4,2,1,0,0,0,0.0,0.0,0,0,0,1,0,9,7,1.2857142857142858,0,1.285714
K193248,/Users/winko/Library/Mobile Documents/com~apple~CloudDocs/Research/1.5-Policy/data/raw_text/K193248.txt,3043,0,0,0,0,0,0,0,0.0,0,0,0,0,3,4,0,0,7,2.3003614853762735,0,2,5,0,0.0,0,0,0,0,0,0,0,0,0.0,0,0,0,0,0,0,10,0,0,10,3.286230693394676,4,6,0,0,0,0,0.0,0.0,0,0,0,1,0,7,10,0.7,0,0.700000
K193252,/Users/winko/Library/Mobile Documents/com~apple~CloudDocs/Research/1.5-Policy/data/raw_text/K193252.txt,2903,0,0,0,0,0,0,0,0.0,0,0,0,0,0,0,0,0,0,0.0,0,0,0,0,0.0,0,0,0,0,0,0,0,0,0.0,0,0,0,0,0,0,4,0,0,4,1.3778849466069585,4,0,0,0,0,0,0.0,0.0,0,0,0,1,0,0,4,0.0,0,0.000000
K193267,/Users/winko/Library/Mobile Documents/com~apple~CloudDocs/Research/1.5-Policy/data/raw_text/K193267.txt,3226,0,0,0,0,0,0,0,0.0,0,0,0,0,0,0,0,0,0,0.0,0,0,0,0,0.0,0,0,0,0,0,0,1,1,0.30998140111593303,0,0,1,0,0,0,10,0,1,11,3.4097954122752636,4,6,1,0,0,0,0.0,0.0,0,0,0,1,0,0,11,0.0,0,0.000000
K193271,/Users/winko/Library/Mobile Documents/com~apple~CloudDocs/Research/1.5-Policy/data/raw_text/K193271.txt,4021,0,0,0,0,0,0,0,0.0,0,0,0,1,1,3,2,0,7,1.740860482467048,0,2,5,0,0.0,0,0,0,0,0,0,1,1,0.24869435463814973,0,0,1,0,0,0,6,0,0,6,1.4921661278288985,6,0,0,0,0,0,0.0,0.0,0,0,0,1,0,7,6,1.1666666666666667,0,1.166667
K193281,/Users/winko/Library/Mobile Documents/com~apple~CloudDocs/Research/1.5-Policy/data/raw_text/K193281.txt,1902,0,0,0,0,0,0,0,0.0,0,0,0,0,0,0,0,0,0,0.0,0,0,0,0,0.0,0,0,0,0,0,0,0,0,0.0,0,0,0,0,0,0,6,0,0,6,3.1545741324921135,4,2,0,0,0,0,0.0,0.0,0,0,0,1,0,0,6,0.0,0,0.000000
K193282,/Users/winko/Library/Mobile Documents/com~apple~CloudDocs/Research/1.5-Policy/data/raw_text/K193282.txt,2211,0,0,0,0,0,0,0,0.0,0,0,0,0,0,0,0,0,0,0.0,0,0,0,0,0.0,0,0,0,0,0,0,0,0,0.0,0,0,0,0,0,0,4,0,2,6,2.7137042062415193,4,1,1,0,0,0,0.0,0.0,0,0,0,1,0,0,6,0.0,0,0.000000
K193283,/Users/winko/Library/Mobile Documents/com~apple~CloudDocs/Research/1.5-Policy/data/raw_text/K193283.txt,2962,0,0,0,0,0,0,0,0.0,0,0,0,0,1,0,0,0,1,0.337609723160027,0,1,0,0,0.0,0,0,0,0,0,0,0,0,0.0,0,0,0,0,0,0,8,0,1,9,3.0384875084402427,4,5,0,0,0,0,0.0,0.0,0,0,0,1,0,1,9,0.1111111111111111,0,0.111111
K193287,/Users/winko/Library/Mobile Documents/com~apple~CloudDocs/Research/1.5-Policy/data/raw_text/K193287.txt,2369,0,0,0,0,0,0,0,0.0,0,0,0,0,6,0,0,0,6,2.5327142254115658,0,4,2,0,0.0,0,0,0,0,0,1,4,5,2.110595187842972,1,3,1,0,0,0,4,0,0,4,1.6884761502743773,4,0,0,0,0,0,0.0,0.0,0,0,0,1,0,6,4,1.5,0,1.500000
K193289,/Users/winko/Library/Mobile Documents/com~apple~CloudDocs/Research/1.5-Policy/data/raw_text/K193289.txt,3093,0,0,0,0,0,0,0,0.0,0,0,0,0,0,0,0,0,0,0.0,0,0,0,0,0.0,0,0,0,0,0,0,0,0,0.0,0,0,0,0,0,0,7,0,0,7,2.2631749110895574,4,3,0,0,0,0,0.0,0.0,0,0,0,1,0,0,7,0.0,0,0.000000
K193290,/Users/winko/Library/Mobile Documents/com~apple~CloudDocs/Research/1.5-Policy/data/raw_text/K193290.txt,2478,0,0,0,0,0,0,0,0.0,0,0,0,0,0,0,0,0,0,0.0,0,0,0,0,0.0,0,0,0,0,0,0,1,1,0.4035512510088781,0,1,0,0,0,0,8,0,1,9,3.6319612590799033,4,5,0,0,0,0,0.0,0.0,0,0,0,1,0,0,9,0.0,0,0.000000
K193294,/Users/winko/Library/Mobile Documents/com~apple~CloudDocs/Research/1.5-Policy/data/raw_text/K193294.txt,2678,0,0,0,0,0,0,0,0.0,0,0,0,0,0,0,0,0,0,0.0,0,0,0,0,0.0,0,0,0,0,0,0,0,0,0.0,0,0,0,0,0,0,8,0,1,9,3.3607169529499625,4,5,0,0,0,0,0.0,0.0,0,0,0,1,0,0,9,0.0,0,0.000000
K193298,/Users/winko/Library/Mobile Documents/com~apple~CloudDocs/Research/1.5-Policy/data/raw_text/K193298.txt,3545,0,0,0,0,0,0,0,0.0,0,0,0,0,0,2,2,0,4,1.1283497884344147,0,0,4,0,0.0,0,0,0,0,0,0,0,0,0.0,0,0,0,0,0,0,6,0,0,6,1.692524682651622,6,0,0,0,0,0,0.0,0.0,0,0,0,1,0,4,6,0.6666666666666666,0,0.666667
K193300,/Users/winko/Library/Mobile Documents/com~apple~CloudDocs/Research/1.5-Policy/data/raw_text/K193300.txt,2669,0,0,0,0,0,0,0,0.0,0,0,0,1,0,3,3,0,7,2.6227051330086173,0,0,7,0,0.0,0,0,0,0,0,0,2,2,0.7493443237167479,0,2,0,0,0,0,5,0,1,6,2.2480329711502436,4,1,1,0,0,0,0.0,0.0,0,0,0,1,0,7,6,1.1666666666666667,0,1.166667
K193306,/Users/winko/Library/Mobile Documents/com~apple~CloudDocs/Research/1.5-Policy/data/raw_text/K193306.txt,1994,0,0,0,0,0,0,0,0.0,0,0,0,0,1,0,0,0,1,0.5015045135406219,0,0,1,0,0.0,0,0,0,0,0,0,0,0,0.0,0,0,0,0,0,0,6,0,0,6,3.009027081243731,4,2,0,0,0,0,0.0,0.0,0,0,0,1,0,1,6,0.16666666666666666,0,0.166667
K193351,/Users/winko/Library/Mobile Documents/com~apple~CloudDocs/Research/1.5-Policy/data/raw_text/K193351.txt,2761,0,0,0,0,0,0,0,0.0,0,0,0,1,0,4,4,0,9,3.2596885186526623,0,0,9,0,0.0,0,0,0,0,0,0,0,0,0.0,0,0,0,0,0,0,6,0,0,6,2.1731256791017746,4,2,0,0,0,0,0.0,0.0,0,0,0,1,0,9,6,1.5,0,1.500000
K193417,/Users/winko/Library/Mobile Documents/com~apple~CloudDocs/Research/1.5-Policy/data/raw_text/K193417.txt,2847,0,0,0,0,0,0,0,0.0,0,0,0,8,4,2,2,0,16,5.619950825430277,0,0,16,0,0.0,0,0,0,0,0,0,2,2,0.7024938531787847,0,0,2,0,0,0,5,0,0,5,1.7562346329469618,4,1,0,0,0,0,0.0,0.0,0,0,0,1,0,16,5,3.2,0,3.200000
K193518,/Users/winko/Library/Mobile Documents/com~apple~CloudDocs/Research/1.5-Policy/data/raw_text/K193518.txt,3246,0,0,0,0,0,0,0,0.0,0,0,0,0,0,0,0,0,0,0.0,0,0,0,0,0.0,0,0,0,0,0,0,0,0,0.0,0,0,0,0,0,0,5,0,0,5,1.5403573629081946,5,0,0,0,0,0,0.0,0.0,0,0,0,1,0,0,5,0.0,0,0.000000
K193562,/Users/winko/Library/Mobile Documents/com~apple~CloudDocs/Research/1.5-Policy/data/raw_text/K193562.txt,4306,0,0,0,0,0,0,0,0.0,0,0,0,0,1,0,0,0,1,0.23223409196470043,0,0,1,0,0.0,0,0,0,0,0,0,0,0,0.0,0,0,0,0,0,0,8,0,0,8,1.8578727357176035,8,0,0,0,0,0,0.0,0.0,0,0,0,1,0,1,8,0.125,0,0.125000
K193631,/Users/winko/Library/Mobile Documents/com~apple~CloudDocs/Research/1.5-Policy/data/raw_text/K193631.txt,4192,0,0,0,0,0,1,1,0.23854961832061067,0,0,1,0,3,2,0,1,6,1.4312977099236641,2,2,2,0,0.0,0,0,0,0,0,0,1,1,0.23854961832061067,1,0,0,0,0,0,11,0,0,11,2.6240458015267176,11,0,0,0,0,0,0.0,0.0,0,0,0,1,0,6,11,0.5454545454545454,0,0.545455
K193658,/Users/winko/Library/Mobile Documents/com~apple~CloudDocs/Research/1.5-Policy/data/raw_text/K193658.txt,3083,0,0,0,0,0,0,0,0.0,0,0,0,1,0,12,9,0,22,7.135906584495621,0,0,22,0,0.0,0,0,0,0,0,2,2,4,1.2974375608173856,0,0,4,0,0,0,6,0,0,6,1.9461563412260785,4,2,0,0,0,0,0.0,0.0,0,0,0,1,0,22,6,3.6666666666666665,0,3.666667
K200036,/Users/winko/Library/Mobile Documents/com~apple~CloudDocs/Research/1.5-Policy/data/raw_text/K200036.txt,2943,0,0,0,0,0,0,0,0.0,0,0,0,0,0,0,0,0,0,0.0,0,0,0,0,0.0,0,0,0,0,0,0,5,5,1.6989466530750934,1,4,0,0,0,0,4,0,0,4,1.3591573224600748,4,0,0,0,0,0,0.0,0.0,0,0,0,1,0,0,4,0.0,0,0.000000
K200232,/Users/winko/Library/Mobile Documents/com~apple~CloudDocs/Research/1.5-Policy/data/raw_text/K200232.txt,3774,0,0,0,0,0,0,0,0.0,0,0,0,0,0,1,1,0,2,0.5299417064122947,0,0,2,0,0.0,0,0,0,0,0,0,0,0,0.0,0,0,0,0,0,0,5,0,1,6,1.589825119236884,5,0,1,0,0,0,0.0,0.0,0,0,0,1,0,2,6,0.3333333333333333,0,0.333333
K200323,/Users/winko/Library/Mobile Documents/com~apple~CloudDocs/Research/1.5-Policy/data/raw_text/K200323.txt,2948,0,0,0,0,0,0,0,0.0,0,0,0,0,0,0,0,0,0,0.0,0,0,0,0,0.0,0,0,0,0,0,0,0,0,0.0,0,0,0,0,0,0,5,0,2,7,2.37449118046133,5,0,2,0,0,0,0.0,0.0,0,0,0,1,0,0,7,0.0,0,0.000000
K200356,/Users/winko/Library/Mobile Documents/com~apple~CloudDocs/Research/1.5-Policy/data/raw_text/K200356.txt,1514,0,0,0,0,0,0,0,0.0,0,0,0,0,0,0,0,0,0,0.0,0,0,0,0,0.0,0,0,0,0,0,0,0,0,0.0,0,0,0,0,0,0,4,0,0,4,2.642007926023778,4,0,0,0,0,0,0.0,0.0,0,0,0,1,0,0,4,0.0,0,0.000000
K200497,/Users/winko/Library/Mobile Documents/com~apple~CloudDocs/Research/1.5-Policy/data/raw_text/K200497.txt,2474,0,0,0,0,0,0,0,0.0,0,0,0,0,0,0,0,0,0,0.0,0,0,0,0,0.0,0,0,0,0,0,0,0,0,0.0,0,0,0,0,0,0,5,0,2,7,2.8294260307194823,4,3,0,0,0,0,0.0,0.0,0,0,0,1,0,0,7,0.0,0,0.000000
K200569,/Users/winko/Library/Mobile Documents/com~apple~CloudDocs/Research/1.5-Policy/data/raw_text/K200569.txt,1735,0,0,0,0,0,0,0,0.0,0,0,0,0,0,0,0,0,0,0.0,0,0,0,0,0.0,0,0,0,0,0,0,0,0,0.0,0,0,0,0,0,0,4,0,0,4,2.3054755043227666,4,0,0,0,0,0,0.0,0.0,0,0,0,1,0,0,4,0.0,0,0.000000
K200595,/Users/winko/Library/Mobile Documents/com~apple~CloudDocs/Research/1.5-Policy/data/raw_text/K200595.txt,5467,0,0,0,0,0,0,0,0.0,0,0,0,0,5,0,0,0,5,0.9145783793671117,0,0,5,0,0.0,0,0,0,0,0,0,0,0,0.0,0,0,0,0,0,0,11,0,0,11,2.012072434607646,5,3,3,0,0,0,0.0,0.0,0,0,0,1,0,5,11,0.45454545454545453,0,0.454545
K200621,/Users/winko/Library/Mobile Documents/com~apple~CloudDocs/Research/1.5-Policy/data/raw_text/K200621.txt,2116,0,0,0,0,0,0,0,0.0,0,0,0,0,1,1,0,0,2,0.945179584120983,0,0,2,0,0.0,0,0,0,0,0,0,0,0,0.0,0,0,0,0,0,0,5,0,0,5,2.3629489603024574,4,1,0,0,0,0,0.0,0.0,0,0,0,1,0,2,5,0.4,0,0.400000
K200667,/Users/winko/Library/Mobile Documents/com~apple~CloudDocs/Research/1.5-Policy/data/raw_text/K200667.txt,8152,0,0,0,0,0,0,0,0.0,0,0,0,0,0,13,13,0,26,3.1894013738959766,4,10,12,0,0.0,0,0,0,1,1,0,1,3,0.3680078508341511,3,0,0,0,0,0,6,0,0,6,0.7360157016683022,6,0,0,0,0,0,0.0,0.0,0,0,0,1,0,26,6,4.333333333333333,0,4.333333
K200708,/Users/winko/Library/Mobile Documents/com~apple~CloudDocs/Research/1.5-Policy/data/raw_text/K200708.txt,2359,0,0,0,0,0,0,0,0.0,0,0,0,0,0,0,0,0,0,0.0,0,0,0,0,0.0,0,0,0,0,0,0,0,0,0.0,0,0,0,0,0,0,5,0,2,7,2.967359050445104,5,2,0,0,0,0,0.0,0.0,0,0,0,1,0,0,7,0.0,0,0.000000
K200714,/Users/winko/Library/Mobile Documents/com~apple~CloudDocs/Research/1.5-Policy/data/raw_text/K200714.txt,5974,0,0,0,0,0,0,0,0.0,0,0,0,0,0,0,0,0,0,0.0,0,0,0,0,0.0,0,0,0,0,0,4,4,8,1.3391362571141614,4,4,0,0,0,0,12,0,6,18,3.013056578506863,16,2,0,0,0,0,0.0,0.0,0,0,0,1,0,0,18,0.0,0,0.000000
K200717,/Users/winko/Library/Mobile Documents/com~apple~CloudDocs/Research/1.5-Policy/data/raw_text/K200717.txt,2086,0,0,0,0,0,0,0,0.0,0,0,0,0,0,2,1,0,3,1.4381591562799616,0,0,3,0,0.0,0,0,0,0,0,0,1,1,0.47938638542665385,0,0,1,0,0,0,6,0,0,6,2.876318312559923,4,2,0,0,0,0,0.0,0.0,0,0,0,1,0,3,6,0.5,0,0.500000
K200743,/Users/winko/Library/Mobile Documents/com~apple~CloudDocs/Research/1.5-Policy/data/raw_text/K200743.txt,2560,0,0,0,0,0,0,0,0.0,0,0,0,0,0,0,0,0,0,0.0,0,0,0,0,0.0,0,0,0,0,0,0,0,0,0.0,0,0,0,0,0,0,5,0,2,7,2.734375,5,2,0,0,0,0,0.0,0.0,0,0,0,1,0,0,7,0.0,0,0.000000
K200750,/Users/winko/Library/Mobile Documents/com~apple~CloudDocs/Research/1.5-Policy/data/raw_text/K200750.txt,3439,0,0,0,0,0,0,0,0.0,0,0,0,0,0,0,0,0,0,0.0,0,0,0,0,0.0,0,0,0,0,0,0,0,0,0.0,0,0,0,0,0,0,4,0,0,4,1.163128816516429,4,0,0,0,0,0,0.0,0.0,0,0,0,1,0,0,4,0.0,0,0.000000
K200755,/Users/winko/Library/Mobile Documents/com~apple~CloudDocs/Research/1.5-Policy/data/raw_text/K200755.txt,2171,0,0,0,0,0,0,0,0.0,0,0,0,0,0,0,0,0,0,0.0,0,0,0,0,0.0,0,0,0,0,0,0,0,0,0.0,0,0,0,0,0,0,5,0,1,6,2.763703362505758,4,1,1,0,0,0,0.0,0.0,0,0,0,1,0,0,6,0.0,0,0.000000
K200760,/Users/winko/Library/Mobile Documents/com~apple~CloudDocs/Research/1.5-Policy/data/raw_text/K200760.txt,4315,0,0,0,0,0,2,2,0.46349942062572425,0,1,1,0,1,0,0,0,1,0.23174971031286212,0,0,1,0,0.0,0,0,0,0,0,0,0,0,0.0,0,0,0,0,0,0,4,0,0,4,0.9269988412514485,4,0,0,1,0,0,0.0,0.0,0,0,0,1,0,1,4,0.25,0,0.250000
K200828,/Users/winko/Library/Mobile Documents/com~apple~CloudDocs/Research/1.5-Policy/data/raw_text/K200828.txt,7815,0,0,0,0,0,0,0,0.0,0,0,0,0,2,1,1,0,4,0.5118362124120281,0,4,0,0,0.0,0,0,0,0,0,0,2,2,0.2559181062060141,0,0,2,0,0,0,4,0,3,7,0.8957133717210493,4,0,3,0,0,0,0.0,0.0,0,0,0,1,0,4,7,0.5714285714285714,0,0.571429
K200833,/Users/winko/Library/Mobile Documents/com~apple~CloudDocs/Research/1.5-Policy/data/raw_text/K200833.txt,2950,0,0,0,0,0,0,0,0.0,0,0,0,0,0,0,0,0,0,0.0,0,0,0,0,0.0,0,0,0,0,0,0,0,0,0.0,0,0,0,0,0,0,6,0,1,7,2.3728813559322033,6,0,1,0,0,0,0.0,0.0,0,0,0,1,0,0,7,0.0,0,0.000000
K200851,/Users/winko/Library/Mobile Documents/com~apple~CloudDocs/Research/1.5-Policy/data/raw_text/K200851.txt,2249,0,0,0,0,0,0,0,0.0,0,0,0,0,0,0,0,0,0,0.0,0,0,0,0,0.0,0,0,0,0,0,0,0,0,0.0,0,0,0,0,0,0,5,0,2,7,3.1124944419742104,5,2,0,0,0,0,0.0,0.0,0,0,0,1,0,0,7,0.0,0,0.000000
K200852,/Users/winko/Library/Mobile Documents/com~apple~CloudDocs/Research/1.5-Policy/data/raw_text/K200852.txt,2281,0,0,0,0,0,0,0,0.0,0,0,0,0,0,0,0,0,0,0.0,0,0,0,0,0.0,0,0,0,0,0,0,0,0,0.0,0,0,0,0,0,0,5,0,0,5,2.1920210434020166,4,1,0,0,0,0,0.0,0.0,0,0,0,1,0,0,5,0.0,0,0.000000
K200855,/Users/winko/Library/Mobile Documents/com~apple~CloudDocs/Research/1.5-Policy/data/raw_text/K200855.txt,4075,0,0,0,0,0,0,0,0.0,0,0,0,2,1,5,5,0,13,3.1901840490797544,0,13,0,0,0.0,0,0,0,0,0,0,0,0,0.0,0,0,0,0,0,0,9,0,0,9,2.208588957055215,9,0,0,0,0,0,0.0,0.0,0,0,0,1,0,13,9,1.4444444444444444,0,1.444444
K200873,/Users/winko/Library/Mobile Documents/com~apple~CloudDocs/Research/1.5-Policy/data/raw_text/K200873.txt,2256,0,0,0,0,0,0,0,0.0,0,0,0,1,0,2,2,0,5,2.2163120567375887,0,0,5,0,0.0,0,0,0,0,0,0,0,0,0.0,0,0,0,0,0,0,8,0,0,8,3.5460992907801416,4,4,0,0,0,0,0.0,0.0,0,0,0,1,0,5,8,0.625,0,0.625000
K200905,/Users/winko/Library/Mobile Documents/com~apple~CloudDocs/Research/1.5-Policy/data/raw_text/K200905.txt,3218,0,0,0,0,0,0,0,0.0,0,0,0,3,3,8,8,0,22,6.836544437538843,0,0,22,0,0.0,0,0,0,0,0,0,2,2,0.6215040397762585,0,1,1,0,0,0,6,0,3,9,2.7967681789931635,6,3,0,0,0,0,0.0,0.0,0,0,0,1,0,22,9,2.4444444444444446,0,2.444444
K200921,/Users/winko/Library/Mobile Documents/com~apple~CloudDocs/Research/1.5-Policy/data/raw_text/K200921.txt,4243,0,0,0,0,0,0,0,0.0,0,0,0,2,2,2,3,0,9,2.1211407023332547,0,1,8,0,0.0,0,0,0,0,0,0,0,0,0.0,0,0,0,0,0,0,6,0,0,6,1.4140938015555031,6,0,0,0,0,0,0.0,0.0,0,0,0,1,0,9,6,1.5,0,1.500000
K200941,/Users/winko/Library/Mobile Documents/com~apple~CloudDocs/Research/1.5-Policy/data/raw_text/K200941.txt,3637,0,0,0,0,0,1,1,0.27495188342040144,0,1,0,1,0,2,2,0,5,1.3747594171020072,0,5,0,0,0.0,0,0,0,0,0,0,0,0,0.0,0,0,0,0,0,0,4,0,0,4,1.0998075336816058,4,0,0,0,0,0,0.0,0.0,0,0,0,1,0,5,4,1.25,0,1.250000
K200974,/Users/winko/Library/Mobile Documents/com~apple~CloudDocs/Research/1.5-Policy/data/raw_text/K200974.txt,2876,0,0,0,0,0,0,0,0.0,0,0,0,0,0,0,0,0,0,0.0,0,0,0,0,0.0,0,0,0,0,0,0,0,0,0.0,0,0,0,0,0,0,10,0,0,10,3.4770514603616136,9,1,0,0,0,0,0.0,0.0,0,0,0,1,0,0,10,0.0,0,0.000000
K200980,/Users/winko/Library/Mobile Documents/com~apple~CloudDocs/Research/1.5-Policy/data/raw_text/K200980.txt,2173,0,0,0,0,0,0,0,0.0,0,0,0,0,1,0,0,0,1,0.4601932811780948,0,0,1,0,0.0,0,0,0,0,0,1,1,2,0.9203865623561897,0,0,2,0,0,0,5,0,0,5,2.300966405890474,4,1,0,0,0,0,0.0,0.0,0,0,0,1,0,1,5,0.2,0,0.200000
K200990,/Users/winko/Library/Mobile Documents/com~apple~CloudDocs/Research/1.5-Policy/data/raw_text/K200990.txt,2827,0,0,0,0,0,0,0,0.0,0,0,0,0,0,0,0,0,0,0.0,0,0,0,0,0.0,0,0,0,0,0,0,0,0,0.0,0,0,0,0,0,0,8,0,0,8,2.829854969932791,8,0,0,0,0,0,0.0,0.0,0,0,0,1,0,0,8,0.0,0,0.000000
K201012,/Users/winko/Library/Mobile Documents/com~apple~CloudDocs/Research/1.5-Policy/data/raw_text/K201012.txt,7332,0,0,0,0,0,0,0,0.0,0,0,0,0,0,0,0,0,0,0.0,0,0,0,0,0.0,0,0,0,0,0,0,0,0,0.0,0,0,0,0,0,0,6,0,0,6,0.8183306055646482,4,2,0,0,0,0,0.0,0.0,0,0,0,1,0,0,6,0.0,0,0.000000
K201019,/Users/winko/Library/Mobile Documents/com~apple~CloudDocs/Research/1.5-Policy/data/raw_text/K201019.txt,3219,0,0,0,0,0,0,0,0.0,0,0,0,3,1,3,0,0,7,2.1745883814849334,0,0,7,0,0.0,0,0,0,0,0,0,0,0,0.0,0,0,0,0,0,0,9,0,0,9,2.7958993476234855,8,1,0,0,0,0,0.0,0.0,0,0,0,1,0,7,9,0.7777777777777778,0,0.777778
K201020,/Users/winko/Library/Mobile Documents/com~apple~CloudDocs/Research/1.5-Policy/data/raw_text/K201020.txt,3745,0,0,0,0,0,0,0,0.0,0,0,0,0,0,2,2,0,4,1.0680907877169559,0,0,4,0,0.0,0,0,0,0,0,0,2,2,0.5340453938584779,0,0,2,0,0,0,6,0,0,6,1.6021361815754338,6,0,0,0,0,0,0.0,0.0,0,0,0,1,0,4,6,0.6666666666666666,0,0.666667
K201034,/Users/winko/Library/Mobile Documents/com~apple~CloudDocs/Research/1.5-Policy/data/raw_text/K201034.txt,2968,0,0,0,0,0,0,0,0.0,0,0,0,0,0,0,0,0,0,0.0,0,0,0,0,0.0,0,0,0,0,0,0,1,1,0.3369272237196766,0,0,1,0,0,0,8,0,0,8,2.6954177897574128,4,4,0,0,0,0,0.0,0.0,0,0,0,1,0,0,8,0.0,0,0.000000
K201039,/Users/winko/Library/Mobile Documents/com~apple~CloudDocs/Research/1.5-Policy/data/raw_text/K201039.txt,3120,0,0,0,0,0,1,1,0.32051282051282054,1,0,0,0,0,3,3,0,6,1.9230769230769231,0,0,6,0,0.0,0,0,0,0,0,0,0,0,0.0,0,0,0,0,0,0,6,0,0,6,1.9230769230769231,5,1,0,0,0,0,0.0,0.0,0,0,0,1,0,6,6,1.0,0,1.000000
K201103,/Users/winko/Library/Mobile Documents/com~apple~CloudDocs/Research/1.5-Policy/data/raw_text/K201103.txt,3865,0,0,0,0,0,0,0,0.0,0,0,0,0,0,0,0,0,0,0.0,0,0,0,0,0.0,0,0,0,0,0,0,0,0,0.0,0,0,0,0,0,0,4,0,0,4,1.034928848641656,4,0,0,0,0,0,0.0,0.0,0,0,0,1,0,0,4,0.0,0,0.000000
K201195,/Users/winko/Library/Mobile Documents/com~apple~CloudDocs/Research/1.5-Policy/data/raw_text/K201195.txt,2776,0,0,0,0,0,0,0,0.0,0,0,0,0,0,0,0,0,0,0.0,0,0,0,0,0.0,0,0,0,0,0,0,0,0,0.0,0,0,0,0,0,0,10,0,0,10,3.6023054755043225,4,6,0,0,0,0,0.0,0.0,0,0,0,1,0,0,10,0.0,0,0.000000
K201232,/Users/winko/Library/Mobile Documents/com~apple~CloudDocs/Research/1.5-Policy/data/raw_text/K201232.txt,2880,0,0,0,0,0,0,0,0.0,0,0,0,0,0,0,0,0,0,0.0,0,0,0,0,0.0,0,0,0,0,0,0,0,0,0.0,0,0,0,0,0,0,6,0,3,9,3.125,6,0,3,0,0,0,0.0,0.0,0,0,0,1,0,0,9,0.0,0,0.000000
K201298,/Users/winko/Library/Mobile Documents/com~apple~CloudDocs/Research/1.5-Policy/data/raw_text/K201298.txt,3874,0,0,0,0,0,0,0,0.0,0,0,0,0,1,0,0,0,1,0.2581311306143521,0,0,1,0,0.0,0,0,0,0,0,0,0,0,0.0,0,0,0,0,0,0,5,0,0,5,1.2906556530717603,5,0,0,0,0,0,0.0,0.0,0,0,0,1,0,1,5,0.2,0,0.200000
K201301,/Users/winko/Library/Mobile Documents/com~apple~CloudDocs/Research/1.5-Policy/data/raw_text/K201301.txt,2873,0,0,0,0,0,0,0,0.0,0,0,0,0,0,4,4,0,8,2.7845457709711106,0,0,8,0,0.0,0,0,0,0,0,0,0,0,0.0,0,0,0,0,0,0,6,0,0,6,2.088409328228333,6,0,0,0,0,0,0.0,0.0,0,0,0,1,0,8,6,1.3333333333333333,0,1.333333
K201310,/Users/winko/Library/Mobile Documents/com~apple~CloudDocs/Research/1.5-Policy/data/raw_text/K201310.txt,2868,0,0,0,0,0,0,0,0.0,0,0,0,0,1,5,3,0,9,3.1380753138075312,0,0,9,0,0.0,0,0,0,0,0,0,2,2,0.6973500697350069,0,0,2,0,0,0,6,0,4,10,3.486750348675035,5,5,0,0,0,0,0.0,0.0,0,0,0,1,0,9,10,0.9,0,0.900000
K201369,/Users/winko/Library/Mobile Documents/com~apple~CloudDocs/Research/1.5-Policy/data/raw_text/K201369.txt,3671,0,0,0,0,0,0,0,0.0,0,0,0,0,2,0,0,0,2,0.5448106782892945,0,0,2,0,0.0,0,0,0,0,0,0,0,0,0.0,0,0,0,0,0,0,10,0,0,10,2.724053391446472,6,4,0,0,0,0,0.0,0.0,0,0,0,1,0,2,10,0.2,0,0.200000
K201411,/Users/winko/Library/Mobile Documents/com~apple~CloudDocs/Research/1.5-Policy/data/raw_text/K201411.txt,1888,0,0,0,0,0,0,0,0.0,0,0,0,0,1,0,0,0,1,0.5296610169491526,0,0,1,0,0.0,0,0,0,0,0,0,0,0,0.0,0,0,0,0,0,0,9,0,0,9,4.766949152542373,4,4,1,0,0,0,0.0,0.0,0,0,0,1,0,1,9,0.1111111111111111,0,0.111111
K201444,/Users/winko/Library/Mobile Documents/com~apple~CloudDocs/Research/1.5-Policy/data/raw_text/K201444.txt,2969,0,0,0,0,0,0,0,0.0,0,0,0,0,0,0,0,0,0,0.0,0,0,0,0,0.0,0,0,0,0,0,0,0,0,0.0,0,0,0,0,0,0,8,0,0,8,2.694509936005389,4,4,0,0,0,0,0.0,0.0,0,0,0,1,0,0,8,0.0,0,0.000000
K201555,/Users/winko/Library/Mobile Documents/com~apple~CloudDocs/Research/1.5-Policy/data/raw_text/K201555.txt,3034,0,0,0,0,0,0,0,0.0,0,0,0,0,1,1,1,0,3,0.988793671720501,0,1,2,0,0.0,0,0,0,0,0,0,0,0,0.0,0,0,0,0,0,0,5,0,0,5,1.6479894528675016,4,1,0,0,0,0,0.0,0.0,0,0,0,1,0,3,5,0.6,0,0.600000
K201560,/Users/winko/Library/Mobile Documents/com~apple~CloudDocs/Research/1.5-Policy/data/raw_text/K201560.txt,2295,0,0,0,0,0,0,0,0.0,0,0,0,0,0,1,0,0,1,0.43572984749455335,0,0,1,0,0.0,0,0,0,0,0,0,0,0,0.0,0,0,0,0,0,0,6,0,0,6,2.6143790849673203,4,2,0,0,0,0,0.0,0.0,0,0,0,1,0,1,6,0.16666666666666666,0,0.166667
K201615,/Users/winko/Library/Mobile Documents/com~apple~CloudDocs/Research/1.5-Policy/data/raw_text/K201615.txt,2125,0,0,0,0,0,0,0,0.0,0,0,0,0,0,1,0,0,1,0.47058823529411764,0,1,0,0,0.0,0,0,0,0,0,0,1,1,0.47058823529411764,0,0,1,0,0,0,4,0,2,6,2.823529411764706,5,1,0,0,0,0,0.0,0.0,0,0,0,1,0,1,6,0.16666666666666666,0,0.166667
K201632,/Users/winko/Library/Mobile Documents/com~apple~CloudDocs/Research/1.5-Policy/data/raw_text/K201632.txt,4809,0,0,0,0,0,0,0,0.0,0,0,0,0,0,0,0,0,0,0.0,0,0,0,0,0.0,0,0,0,0,0,0,0,0,0.0,0,0,0,0,0,0,5,0,1,6,1.2476606363069245,5,0,1,0,0,0,0.0,0.0,0,0,0,1,0,0,6,0.0,0,0.000000
K201710,/Users/winko/Library/Mobile Documents/com~apple~CloudDocs/Research/1.5-Policy/data/raw_text/K201710.txt,4425,0,0,0,0,0,0,0,0.0,0,0,0,0,0,0,0,0,0,0.0,0,0,0,0,0.0,0,0,0,0,0,1,1,2,0.4519774011299435,0,2,0,0,0,0,8,0,2,10,2.2598870056497176,8,2,0,0,0,0,0.0,0.0,0,0,0,1,0,0,10,0.0,0,0.000000
K201745,/Users/winko/Library/Mobile Documents/com~apple~CloudDocs/Research/1.5-Policy/data/raw_text/K201745.txt,2827,0,0,0,0,0,0,0,0.0,0,0,0,0,4,0,0,0,4,1.4149274849663955,0,2,2,0,0.0,0,0,0,0,0,0,0,0,0.0,0,0,0,0,0,0,5,0,0,5,1.7686593562079944,4,1,0,0,0,0,0.0,0.0,0,0,0,1,0,4,5,0.8,0,0.800000
K201836,/Users/winko/Library/Mobile Documents/com~apple~CloudDocs/Research/1.5-Policy/data/raw_text/K201836.txt,2401,0,0,0,0,0,0,0,0.0,0,0,0,0,1,1,0,0,2,0.8329862557267805,0,0,2,0,0.0,0,0,0,0,0,0,0,0,0.0,0,0,0,0,0,0,6,0,0,6,2.498958767180342,4,2,0,0,0,0,0.0,0.0,0,0,0,1,0,2,6,0.3333333333333333,0,0.333333
K201841,/Users/winko/Library/Mobile Documents/com~apple~CloudDocs/Research/1.5-Policy/data/raw_text/K201841.txt,2027,0,0,0,0,0,0,0,0.0,0,0,0,0,0,0,0,0,0,0.0,0,0,0,0,0.0,0,0,0,0,0,0,3,3,1.4800197335964478,0,2,1,0,0,0,6,0,0,6,2.9600394671928956,4,2,0,0,0,0,0.0,0.0,0,0,0,1,0,0,6,0.0,0,0.000000
K201985,/Users/winko/Library/Mobile Documents/com~apple~CloudDocs/Research/1.5-Policy/data/raw_text/K201985.txt,2852,0,0,0,0,0,1,1,0.3506311360448808,0,1,0,0,0,0,0,0,0,0.0,0,0,0,0,0.0,0,0,0,0,0,0,0,0,0.0,0,0,0,0,0,0,8,0,0,8,2.805049088359046,4,4,0,0,0,0,0.0,0.0,0,0,0,1,0,0,8,0.0,0,0.000000
K201992,/Users/winko/Library/Mobile Documents/com~apple~CloudDocs/Research/1.5-Policy/data/raw_text/K201992.txt,1705,0,0,0,0,0,0,0,0.0,0,0,0,0,0,0,0,0,0,0.0,0,0,0,0,0.0,0,0,0,0,0,0,0,0,0.0,0,0,0,0,0,0,5,0,0,5,2.932551319648094,4,0,1,0,0,0,0.0,0.0,0,0,0,1,0,0,5,0.0,0,0.000000
K202013,/Users/winko/Library/Mobile Documents/com~apple~CloudDocs/Research/1.5-Policy/data/raw_text/K202013.txt,2270,0,0,0,0,0,0,0,0.0,0,0,0,0,1,0,0,0,1,0.4405286343612335,0,0,1,0,0.0,0,0,0,0,0,0,0,0,0.0,0,0,0,0,0,0,9,0,0,9,3.9647577092511015,4,2,3,0,0,0,0.0,0.0,0,0,0,1,0,1,9,0.1111111111111111,0,0.111111
K202089,/Users/winko/Library/Mobile Documents/com~apple~CloudDocs/Research/1.5-Policy/data/raw_text/K202089.txt,2979,0,0,0,0,0,0,0,0.0,0,0,0,0,4,0,0,0,4,1.342732460557234,0,2,2,0,0.0,0,0,0,0,0,0,0,0,0.0,0,0,0,0,0,0,5,0,0,5,1.6784155756965424,4,1,0,0,0,0,0.0,0.0,0,0,0,1,0,4,5,0.8,0,0.800000
K202170,/Users/winko/Library/Mobile Documents/com~apple~CloudDocs/Research/1.5-Policy/data/raw_text/K202170.txt,4836,0,0,0,0,0,0,0,0.0,0,0,0,0,4,0,0,0,4,0.8271298593879239,1,0,3,0,0.0,0,0,0,0,0,0,0,0,0.0,0,0,0,0,0,0,8,0,4,12,2.4813895781637716,9,1,2,0,0,0,0.0,0.0,0,0,0,1,0,4,12,0.3333333333333333,0,0.333333
K202212,/Users/winko/Library/Mobile Documents/com~apple~CloudDocs/Research/1.5-Policy/data/raw_text/K202212.txt,2592,0,0,0,0,0,0,0,0.0,0,0,0,0,0,0,0,0,0,0.0,0,0,0,0,0.0,0,0,0,0,0,0,0,0,0.0,0,0,0,0,0,0,6,0,0,6,2.314814814814815,5,1,0,0,0,0,0.0,0.0,0,0,0,1,0,0,6,0.0,0,0.000000
K202229,/Users/winko/Library/Mobile Documents/com~apple~CloudDocs/Research/1.5-Policy/data/raw_text/K202229.txt,2641,0,0,0,0,0,0,0,0.0,0,0,0,0,0,0,0,0,0,0.0,0,0,0,0,0.0,0,0,0,0,0,0,0,0,0.0,0,0,0,0,0,0,6,0,1,7,2.6505111700113595,4,2,1,0,0,0,0.0,0.0,0,0,0,1,0,0,7,0.0,0,0.000000
K202238,/Users/winko/Library/Mobile Documents/com~apple~CloudDocs/Research/1.5-Policy/data/raw_text/K202238.txt,2156,0,0,0,0,0,0,0,0.0,0,0,0,0,0,0,0,0,0,0.0,0,0,0,0,0.0,0,0,0,0,0,0,0,0,0.0,0,0,0,0,0,0,4,0,2,6,2.782931354359926,4,2,0,0,0,0,0.0,0.0,0,0,0,1,0,0,6,0.0,0,0.000000
K202280,/Users/winko/Library/Mobile Documents/com~apple~CloudDocs/Research/1.5-Policy/data/raw_text/K202280.txt,2874,0,0,0,0,0,0,0,0.0,0,0,0,0,0,0,0,0,0,0.0,0,0,0,0,0.0,0,0,0,0,0,0,0,0,0.0,0,0,0,0,0,0,8,0,0,8,2.783576896311761,4,4,0,0,0,0,0.0,0.0,0,0,0,1,0,0,8,0.0,0,0.000000
K202284,/Users/winko/Library/Mobile Documents/com~apple~CloudDocs/Research/1.5-Policy/data/raw_text/K202284.txt,2496,0,0,0,0,0,0,0,0.0,0,0,0,0,0,0,0,0,0,0.0,0,0,0,0,0.0,0,0,0,0,0,0,0,0,0.0,0,0,0,0,0,0,6,0,0,6,2.403846153846154,4,2,0,0,0,0,0.0,0.0,0,0,0,1,0,0,6,0.0,0,0.000000
K202300,/Users/winko/Library/Mobile Documents/com~apple~CloudDocs/Research/1.5-Policy/data/raw_text/K202300.txt,9102,0,0,0,0,0,0,0,0.0,0,0,0,16,5,2,2,0,25,2.7466490881125027,0,3,22,0,0.0,0,0,0,0,0,0,6,6,0.6591957811470006,0,2,4,0,0,0,6,0,1,7,0.7690617446715008,7,0,0,0,0,0,0.0,0.0,0,0,0,1,0,25,7,3.5714285714285716,0,3.571429
K202404,/Users/winko/Library/Mobile Documents/com~apple~CloudDocs/Research/1.5-Policy/data/raw_text/K202404.txt,2365,0,0,0,0,0,0,0,0.0,0,0,0,0,3,0,0,0,3,1.2684989429175475,0,0,3,0,0.0,0,0,0,0,0,0,0,0,0.0,0,0,0,0,0,0,6,0,0,6,2.536997885835095,4,2,0,0,0,0,0.0,0.0,0,0,0,1,0,3,6,0.5,0,0.500000
K202414,/Users/winko/Library/Mobile Documents/com~apple~CloudDocs/Research/1.5-Policy/data/raw_text/K202414.txt,1992,0,0,0,0,0,0,0,0.0,0,0,0,0,0,0,1,0,1,0.502008032128514,0,0,1,0,0.0,0,0,0,0,0,1,1,2,1.004016064257028,0,0,2,0,0,0,7,0,1,8,4.016064257028112,4,3,1,0,0,0,0.0,0.0,0,0,0,1,0,1,8,0.125,0,0.125000
K202441,/Users/winko/Library/Mobile Documents/com~apple~CloudDocs/Research/1.5-Policy/data/raw_text/K202441.txt,2172,0,0,0,0,0,0,0,0.0,0,0,0,0,0,0,0,0,0,0.0,0,0,0,0,0.0,0,0,0,0,0,0,0,0,0.0,0,0,0,0,0,0,6,0,0,6,2.7624309392265194,4,2,0,0,0,0,0.0,0.0,0,0,0,1,0,0,6,0.0,0,0.000000
K202487,/Users/winko/Library/Mobile Documents/com~apple~CloudDocs/Research/1.5-Policy/data/raw_text/K202487.txt,2463,0,0,0,0,0,0,0,0.0,0,0,0,0,7,0,0,0,7,2.8420625253755585,0,7,0,0,0.0,0,0,0,0,0,2,1,3,1.2180267965895248,0,1,2,0,0,0,6,0,0,6,2.4360535931790497,4,2,0,0,0,0,0.0,0.0,0,0,0,1,0,7,6,1.1666666666666667,0,1.166667
K202501,/Users/winko/Library/Mobile Documents/com~apple~CloudDocs/Research/1.5-Policy/data/raw_text/K202501.txt,3394,0,0,0,0,0,0,0,0.0,0,0,0,0,0,0,0,0,0,0.0,0,0,0,0,0.0,0,0,0,0,0,0,0,0,0.0,0,0,0,0,0,0,6,0,1,7,2.0624631703005303,5,1,1,0,0,0,0.0,0.0,0,0,0,1,0,0,7,0.0,0,0.000000
K202527,/Users/winko/Library/Mobile Documents/com~apple~CloudDocs/Research/1.5-Policy/data/raw_text/K202527.txt,2192,0,0,0,0,0,0,0,0.0,0,0,0,0,0,0,0,0,0,0.0,0,0,0,0,0.0,0,0,0,0,0,0,0,0,0.0,0,0,0,0,0,0,7,0,1,8,3.6496350364963503,4,2,2,0,0,0,0.0,0.0,0,0,0,1,0,0,8,0.0,0,0.000000
K202546,/Users/winko/Library/Mobile Documents/com~apple~CloudDocs/Research/1.5-Policy/data/raw_text/K202546.txt,1627,0,0,0,0,0,0,0,0.0,0,0,0,0,0,0,0,0,0,0.0,0,0,0,0,0.0,0,0,0,0,0,0,0,0,0.0,0,0,0,0,0,0,5,0,1,6,3.6877688998156115,4,2,0,0,0,0,0.0,0.0,0,0,0,1,0,0,6,0.0,0,0.000000
K202700,/Users/winko/Library/Mobile Documents/com~apple~CloudDocs/Research/1.5-Policy/data/raw_text/K202700.txt,5872,0,0,0,0,0,0,0,0.0,0,0,0,0,0,0,0,0,0,0.0,0,0,0,0,0.0,0,0,0,0,0,0,0,0,0.0,0,0,0,0,0,0,6,0,1,7,1.1920980926430518,7,0,0,0,0,0,0.0,0.0,0,0,0,1,0,0,7,0.0,0,0.000000
K202718,/Users/winko/Library/Mobile Documents/com~apple~CloudDocs/Research/1.5-Policy/data/raw_text/K202718.txt,3203,0,0,0,0,0,0,0,0.0,0,0,0,0,0,0,0,0,0,0.0,0,0,0,0,0.0,0,0,0,0,0,0,0,0,0.0,0,0,0,0,0,0,7,0,0,7,2.1854511395566654,5,2,0,0,0,0,0.0,0.0,0,0,0,1,0,0,7,0.0,0,0.000000
K202767,/Users/winko/Library/Mobile Documents/com~apple~CloudDocs/Research/1.5-Policy/data/raw_text/K202767.txt,2372,0,0,0,0,0,0,0,0.0,0,0,0,0,0,0,0,0,0,0.0,0,0,0,0,0.0,0,0,0,0,0,0,0,0,0.0,0,0,0,0,0,0,5,0,0,5,2.1079258010118043,4,1,0,0,0,0,0.0,0.0,0,0,0,1,0,0,5,0.0,0,0.000000
K202927,/Users/winko/Library/Mobile Documents/com~apple~CloudDocs/Research/1.5-Policy/data/raw_text/K202927.txt,3194,0,0,0,0,0,0,0,0.0,0,0,0,0,0,4,4,0,8,2.504696305572949,0,0,8,0,0.0,0,0,0,0,0,0,6,6,1.878522229179712,2,3,1,0,0,0,6,0,2,8,2.504696305572949,6,0,2,0,0,0,0.0,0.0,0,0,0,1,0,8,8,1.0,0,1.000000
K202928,/Users/winko/Library/Mobile Documents/com~apple~CloudDocs/Research/1.5-Policy/data/raw_text/K202928.txt,3653,0,0,0,0,1,0,1,0.27374760470845877,0,0,1,0,3,0,0,0,3,0.8212428141253764,0,0,3,0,0.0,0,0,0,0,0,0,0,0,0.0,0,0,0,0,0,0,9,0,4,13,3.558718861209964,8,3,2,0,0,0,0.0,0.0,0,0,0,1,0,3,13,0.23076923076923078,0,0.230769
K202990,/Users/winko/Library/Mobile Documents/com~apple~CloudDocs/Research/1.5-Policy/data/raw_text/K202990.txt,2352,0,0,0,0,0,0,0,0.0,0,0,0,0,0,0,0,0,0,0.0,0,0,0,0,0.0,0,0,0,0,0,0,0,0,0.0,0,0,0,0,0,0,9,0,0,9,3.826530612244898,4,5,0,0,0,0,0.0,0.0,0,0,0,1,0,0,9,0.0,0,0.000000
K202992,/Users/winko/Library/Mobile Documents/com~apple~CloudDocs/Research/1.5-Policy/data/raw_text/K202992.txt,3771,0,0,0,0,0,0,0,0.0,0,0,0,2,0,2,2,0,6,1.591089896579157,0,0,6,0,0.0,0,0,0,0,0,0,2,2,0.5303632988597189,0,0,2,0,0,0,6,0,0,6,1.591089896579157,6,0,0,0,0,0,0.0,0.0,0,0,0,1,0,6,6,1.0,0,1.000000
K203042,/Users/winko/Library/Mobile Documents/com~apple~CloudDocs/Research/1.5-Policy/data/raw_text/K203042.txt,2667,0,0,0,0,0,0,0,0.0,0,0,0,0,1,1,0,0,2,0.7499062617172854,0,0,2,0,0.0,0,0,0,0,0,0,0,0,0.0,0,0,0,0,0,0,6,0,0,6,2.249718785151856,4,2,0,0,0,0,0.0,0.0,0,0,0,1,0,2,6,0.3333333333333333,0,0.333333
K203103,/Users/winko/Library/Mobile Documents/com~apple~CloudDocs/Research/1.5-Policy/data/raw_text/K203103.txt,2887,0,0,0,0,0,0,0,0.0,0,0,0,0,1,0,0,0,1,0.3463803255975061,0,0,1,0,0.0,0,0,0,0,0,0,0,0,0.0,0,0,0,0,0,0,6,0,0,6,2.0782819535850363,4,2,0,0,0,0,0.0,0.0,0,0,0,1,0,1,6,0.16666666666666666,0,0.166667
K203169,/Users/winko/Library/Mobile Documents/com~apple~CloudDocs/Research/1.5-Policy/data/raw_text/K203169.txt,2465,0,0,0,0,0,0,0,0.0,0,0,0,0,0,0,0,0,0,0.0,0,0,0,0,0.0,0,0,0,0,0,0,0,0,0.0,0,0,0,0,0,0,6,0,0,6,2.434077079107505,4,2,0,0,0,0,0.0,0.0,0,0,0,1,0,0,6,0.0,0,0.000000
K203182,/Users/winko/Library/Mobile Documents/com~apple~CloudDocs/Research/1.5-Policy/data/raw_text/K203182.txt,1928,0,0,0,0,0,0,0,0.0,0,0,0,0,0,0,0,0,0,0.0,0,0,0,0,0.0,0,0,0,0,0,0,0,0,0.0,0,0,0,0,0,0,8,0,1,9,4.668049792531121,4,5,0,0,0,0,0.0,0.0,0,0,0,1,0,0,9,0.0,0,0.000000
K203225,/Users/winko/Library/Mobile Documents/com~apple~CloudDocs/Research/1.5-Policy/data/raw_text/K203225.txt,2642,0,0,0,0,0,0,0,0.0,0,0,0,0,1,1,0,0,2,0.757002271006813,0,0,2,0,0.0,0,0,0,0,0,0,0,0,0.0,0,0,0,0,0,0,6,0,0,6,2.2710068130204393,4,2,0,0,0,0,0.0,0.0,0,0,0,1,0,2,6,0.3333333333333333,0,0.333333
K203235,/Users/winko/Library/Mobile Documents/com~apple~CloudDocs/Research/1.5-Policy/data/raw_text/K203235.txt,4089,0,0,0,0,0,0,0,0.0,0,0,0,2,7,3,0,0,12,2.93470286133529,0,0,12,0,0.0,0,0,0,0,0,0,0,0,0.0,0,0,0,0,0,0,4,0,0,4,0.9782342871117633,4,0,0,0,0,0,0.0,0.0,0,0,0,1,0,12,4,3.0,0,3.000000
K203256,/Users/winko/Library/Mobile Documents/com~apple~CloudDocs/Research/1.5-Policy/data/raw_text/K203256.txt,1889,0,0,0,0,0,0,0,0.0,0,0,0,0,1,0,0,0,1,0.5293806246691372,0,0,1,0,0.0,0,0,0,0,0,0,0,0,0.0,0,0,0,0,0,0,6,0,1,7,3.7056643726839598,4,1,2,0,0,0,0.0,0.0,0,0,0,1,0,1,7,0.14285714285714285,0,0.142857
K203258,/Users/winko/Library/Mobile Documents/com~apple~CloudDocs/Research/1.5-Policy/data/raw_text/K203258.txt,5227,0,0,0,0,0,0,0,0.0,0,0,0,0,3,0,0,0,3,0.5739429883298259,0,0,3,0,0.0,0,0,0,0,0,0,0,0,0.0,0,0,0,0,0,0,8,0,1,9,1.7218289649894778,8,0,1,0,0,0,0.0,0.0,0,0,0,1,0,3,9,0.3333333333333333,0,0.333333
K203260,/Users/winko/Library/Mobile Documents/com~apple~CloudDocs/Research/1.5-Policy/data/raw_text/K203260.txt,2058,0,0,0,0,0,0,0,0.0,0,0,0,0,0,3,3,0,6,2.9154518950437316,0,0,6,0,0.0,0,0,0,0,0,0,0,0,0.0,0,0,0,0,0,0,8,0,0,8,3.887269193391642,4,4,0,0,0,0,0.0,0.0,0,0,0,1,0,6,8,0.75,0,0.750000
K203280,/Users/winko/Library/Mobile Documents/com~apple~CloudDocs/Research/1.5-Policy/data/raw_text/K203280.txt,5321,0,0,0,0,0,0,0,0.0,0,0,0,0,3,0,0,0,3,0.5638037962788949,0,0,3,0,0.0,0,0,0,0,0,0,0,0,0.0,0,0,0,0,0,0,8,0,4,12,2.2552151851155795,9,1,2,0,0,0,0.0,0.0,0,0,0,1,0,3,12,0.25,0,0.250000
K203314,/Users/winko/Library/Mobile Documents/com~apple~CloudDocs/Research/1.5-Policy/data/raw_text/K203314.txt,2923,0,0,0,0,0,0,0,0.0,0,0,0,0,4,0,0,0,4,1.3684570646595962,0,0,4,0,0.0,0,0,0,0,0,0,0,0,0.0,0,0,0,0,0,0,5,0,0,5,1.7105713308244954,4,1,0,0,0,0,0.0,0.0,0,0,0,1,0,4,5,0.8,0,0.800000
K203323,/Users/winko/Library/Mobile Documents/com~apple~CloudDocs/Research/1.5-Policy/data/raw_text/K203323.txt,2406,0,0,0,0,0,0,0,0.0,0,0,0,0,0,0,0,0,0,0.0,0,0,0,0,0.0,0,0,0,0,0,0,0,0,0.0,0,0,0,0,0,0,5,0,0,5,2.0781379883624274,4,1,0,0,0,0,0.0,0.0,0,0,0,1,0,0,5,0.0,0,0.000000
K203329,/Users/winko/Library/Mobile Documents/com~apple~CloudDocs/Research/1.5-Policy/data/raw_text/K203329.txt,2266,0,0,0,0,0,0,0,0.0,0,0,0,0,0,0,0,0,0,0.0,0,0,0,0,0.0,0,0,0,0,0,0,0,0,0.0,0,0,0,0,0,0,8,0,0,8,3.53045013239188,4,4,0,0,0,0,0.0,0.0,0,0,0,1,0,0,8,0.0,0,0.000000
K203443,/Users/winko/Library/Mobile Documents/com~apple~CloudDocs/Research/1.5-Policy/data/raw_text/K203443.txt,3919,0,0,0,0,0,0,0,0.0,0,0,0,0,1,0,0,0,1,0.25516713447307987,0,0,1,0,0.0,0,0,0,0,0,0,0,0,0.0,0,0,0,0,0,0,4,0,1,5,1.2758356723653994,4,1,0,0,0,0,0.0,0.0,0,0,0,1,0,1,5,0.2,0,0.200000
K203448,/Users/winko/Library/Mobile Documents/com~apple~CloudDocs/Research/1.5-Policy/data/raw_text/K203448.txt,3680,0,0,0,0,0,0,0,0.0,0,0,0,0,0,0,0,0,0,0.0,0,0,0,0,0.0,0,0,0,0,0,0,0,0,0.0,0,0,0,0,0,0,10,0,0,10,2.717391304347826,10,0,0,0,0,0,0.0,0.0,0,0,0,1,0,0,10,0.0,0,0.000000
K203469,/Users/winko/Library/Mobile Documents/com~apple~CloudDocs/Research/1.5-Policy/data/raw_text/K203469.txt,1931,0,0,0,0,0,0,0,0.0,0,0,0,0,0,0,0,0,0,0.0,0,0,0,0,0.0,0,0,0,0,0,0,0,0,0.0,0,0,0,0,0,0,5,0,0,5,2.589331952356292,4,1,0,0,0,0,0.0,0.0,0,0,0,1,0,0,5,0.0,0,0.000000
K203502,/Users/winko/Library/Mobile Documents/com~apple~CloudDocs/Research/1.5-Policy/data/raw_text/K203502.txt,1976,0,0,0,0,0,0,0,0.0,0,0,0,0,0,0,0,0,0,0.0,0,0,0,0,0.0,0,0,0,0,0,0,0,0,0.0,0,0,0,0,0,0,6,0,0,6,3.0364372469635628,4,2,0,0,0,0,0.0,0.0,0,0,0,1,0,0,6,0.0,0,0.000000
K203508,/Users/winko/Library/Mobile Documents/com~apple~CloudDocs/Research/1.5-Policy/data/raw_text/K203508.txt,11776,0,0,0,0,0,0,0,0.0,0,0,0,0,0,0,0,0,0,0.0,0,0,0,0,0.0,0,0,0,0,0,0,4,4,0.33967391304347827,0,0,4,0,0,0,16,0,0,16,1.358695652173913,6,6,4,0,0,0,0.0,0.0,0,0,0,1,0,0,16,0.0,0,0.000000
K203514,/Users/winko/Library/Mobile Documents/com~apple~CloudDocs/Research/1.5-Policy/data/raw_text/K203514.txt,2633,0,0,0,0,0,0,0,0.0,0,0,0,0,2,0,0,0,2,0.759589821496392,0,0,2,0,0.0,0,0,0,0,0,0,1,1,0.379794910748196,0,1,0,0,0,0,10,0,1,11,4.177744018230156,4,6,1,0,0,0,0.0,0.0,0,0,0,1,0,2,11,0.18181818181818182,0,0.181818
K203517,/Users/winko/Library/Mobile Documents/com~apple~CloudDocs/Research/1.5-Policy/data/raw_text/K203517.txt,3420,0,0,0,0,0,0,0,0.0,0,0,0,11,0,7,7,0,25,7.309941520467836,0,0,25,0,0.0,0,0,0,0,0,0,1,1,0.29239766081871343,0,0,1,0,0,0,7,0,0,7,2.046783625730994,6,1,0,0,0,0,0.0,0.0,0,0,0,1,0,25,7,3.5714285714285716,0,3.571429
K203555,/Users/winko/Library/Mobile Documents/com~apple~CloudDocs/Research/1.5-Policy/data/raw_text/K203555.txt,2866,0,0,0,0,0,0,0,0.0,0,0,0,0,0,0,0,0,0,0.0,0,0,0,0,0.0,0,0,0,0,0,0,0,0,0.0,0,0,0,0,0,0,7,0,0,7,2.4424284717376135,4,3,0,0,0,0,0.0,0.0,0,0,0,1,0,0,7,0.0,0,0.000000
K203578,/Users/winko/Library/Mobile Documents/com~apple~CloudDocs/Research/1.5-Policy/data/raw_text/K203578.txt,2101,0,0,0,0,0,0,0,0.0,0,0,0,0,0,0,0,0,0,0.0,0,0,0,0,0.0,0,0,0,0,0,0,0,0,0.0,0,0,0,0,0,0,6,0,1,7,3.3317467872441697,4,1,2,0,0,0,0.0,0.0,0,0,0,1,0,0,7,0.0,0,0.000000
K203582,/Users/winko/Library/Mobile Documents/com~apple~CloudDocs/Research/1.5-Policy/data/raw_text/K203582.txt,3519,0,0,0,0,0,0,0,0.0,0,0,0,1,0,0,0,0,1,0.2841716396703609,0,0,1,0,0.0,0,0,0,0,0,0,0,0,0.0,0,0,0,0,0,0,7,0,2,9,2.557544757033248,6,3,0,0,0,0,0.0,0.0,0,0,0,1,0,1,9,0.1111111111111111,0,0.111111
K203610,/Users/winko/Library/Mobile Documents/com~apple~CloudDocs/Research/1.5-Policy/data/raw_text/K203610.txt,2552,0,0,0,0,0,0,0,0.0,0,0,0,0,3,0,0,0,3,1.1755485893416928,0,1,2,0,0.0,0,0,0,0,0,0,4,4,1.567398119122257,1,1,2,0,0,0,8,0,0,8,3.134796238244514,4,2,2,0,0,0,0.0,0.0,0,0,0,1,0,3,8,0.375,0,0.375000
K203617,/Users/winko/Library/Mobile Documents/com~apple~CloudDocs/Research/1.5-Policy/data/raw_text/K203617.txt,2347,0,0,0,0,0,0,0,0.0,0,0,0,0,2,0,0,0,2,0.8521516829995739,0,0,2,0,0.0,0,0,0,0,0,0,0,0,0.0,0,0,0,0,0,0,5,0,1,6,2.5564550489987217,4,1,1,0,0,0,0.0,0.0,0,0,0,1,0,2,6,0.3333333333333333,0,0.333333
K203629,/Users/winko/Library/Mobile Documents/com~apple~CloudDocs/Research/1.5-Policy/data/raw_text/K203629.txt,2977,0,0,0,0,0,0,0,0.0,0,0,0,0,0,0,0,0,0,0.0,0,0,0,0,0.0,0,0,0,0,0,0,0,0,0.0,0,0,0,0,0,0,5,0,3,8,2.6872690628149143,5,0,3,0,0,0,0.0,0.0,0,0,0,1,0,0,8,0.0,0,0.000000
K203696,/Users/winko/Library/Mobile Documents/com~apple~CloudDocs/Research/1.5-Policy/data/raw_text/K203696.txt,2318,0,0,0,0,0,0,0,0.0,0,0,0,0,2,1,1,0,4,1.7256255392579811,0,1,3,0,0.0,0,0,0,0,0,0,0,0,0.0,0,0,0,0,0,0,8,0,2,10,4.3140638481449525,6,2,2,0,0,0,0.0,0.0,0,0,0,1,0,4,10,0.4,0,0.400000
K203744,/Users/winko/Library/Mobile Documents/com~apple~CloudDocs/Research/1.5-Policy/data/raw_text/K203744.txt,2639,0,0,0,0,0,0,0,0.0,0,0,0,0,1,0,0,0,1,0.378931413414172,0,0,1,0,0.0,0,0,0,0,0,0,0,0,0.0,0,0,0,0,0,0,5,0,0,5,1.8946570670708602,4,1,0,0,0,0,0.0,0.0,0,0,0,1,0,1,5,0.2,0,0.200000
K203783,/Users/winko/Library/Mobile Documents/com~apple~CloudDocs/Research/1.5-Policy/data/raw_text/K203783.txt,2879,0,0,0,0,0,0,0,0.0,0,0,0,0,0,0,0,0,0,0.0,0,0,0,0,0.0,0,0,0,0,0,0,0,0,0.0,0,0,0,0,0,0,5,0,0,5,1.7367141368530739,4,1,0,0,0,0,0.0,0.0,0,0,0,1,0,0,5,0.0,0,0.000000
K203785,/Users/winko/Library/Mobile Documents/com~apple~CloudDocs/Research/1.5-Policy/data/raw_text/K203785.txt,2713,0,0,0,0,0,0,0,0.0,0,0,0,0,1,0,0,0,1,0.36859565057132326,0,0,1,0,0.0,0,0,0,0,0,0,1,1,0.36859565057132326,0,0,1,0,0,0,5,0,0,5,1.8429782528566163,4,1,0,0,0,0,0.0,0.0,0,0,0,1,0,1,5,0.2,0,0.200000
K203822,/Users/winko/Library/Mobile Documents/com~apple~CloudDocs/Research/1.5-Policy/data/raw_text/K203822.txt,2958,0,0,0,0,0,0,0,0.0,0,0,0,2,0,2,3,0,7,2.366463826910074,0,0,7,0,0.0,0,0,0,0,0,0,0,0,0.0,0,0,0,0,0,0,4,0,0,4,1.352265043948614,4,0,0,0,0,0,0.0,0.0,0,0,0,1,0,7,4,1.75,0,1.750000
K210001,/Users/winko/Library/Mobile Documents/com~apple~CloudDocs/Research/1.5-Policy/data/raw_text/K210001.txt,2054,0,0,0,0,0,0,0,0.0,0,0,0,0,0,0,0,0,0,0.0,0,0,0,0,0.0,0,0,0,0,0,0,0,0,0.0,0,0,0,0,0,0,6,0,0,6,2.9211295034079843,4,2,0,0,0,0,0.0,0.0,0,0,0,1,0,0,6,0.0,0,0.000000
K210034,/Users/winko/Library/Mobile Documents/com~apple~CloudDocs/Research/1.5-Policy/data/raw_text/K210034.txt,8462,0,0,0,0,1,0,1,0.1181753722524226,0,1,0,0,2,0,0,0,2,0.2363507445048452,0,1,1,0,0.0,0,0,0,0,0,0,2,2,0.2363507445048452,0,2,0,0,0,0,5,0,2,7,0.8272276057669581,6,1,0,0,0,0,0.0,0.0,0,0,0,1,0,2,7,0.2857142857142857,0,0.285714
K210053,/Users/winko/Library/Mobile Documents/com~apple~CloudDocs/Research/1.5-Policy/data/raw_text/K210053.txt,1836,0,0,0,0,0,0,0,0.0,0,0,0,0,0,3,1,0,4,2.1786492374727673,0,0,4,0,0.0,0,0,0,0,0,0,2,2,1.0893246187363836,0,0,2,0,0,0,5,0,0,5,2.7233115468409586,4,1,0,0,0,0,0.0,0.0,0,0,0,1,0,4,5,0.8,0,0.800000
K210069,/Users/winko/Library/Mobile Documents/com~apple~CloudDocs/Research/1.5-Policy/data/raw_text/K210069.txt,2591,0,0,0,0,0,0,0,0.0,0,0,0,0,3,0,0,0,3,1.1578541103820919,0,0,3,0,0.0,0,0,0,0,0,0,0,0,0.0,0,0,0,0,0,0,8,0,0,8,3.0876109610189117,4,2,2,0,0,0,0.0,0.0,0,0,0,1,0,3,8,0.375,0,0.375000
K210071,/Users/winko/Library/Mobile Documents/com~apple~CloudDocs/Research/1.5-Policy/data/raw_text/K210071.txt,2514,0,0,0,0,0,0,0,0.0,0,0,0,0,1,0,0,0,1,0.3977724741447892,0,1,0,0,0.0,0,0,0,0,0,0,0,0,0.0,0,0,0,0,0,0,6,0,0,6,2.3866348448687353,4,2,0,0,0,0,0.0,0.0,0,0,0,1,0,1,6,0.16666666666666666,0,0.166667
K210085,/Users/winko/Library/Mobile Documents/com~apple~CloudDocs/Research/1.5-Policy/data/raw_text/K210085.txt,3124,0,0,0,0,0,1,1,0.3201024327784891,0,1,0,0,0,0,0,0,0,0.0,0,0,0,0,0.0,0,0,0,0,0,0,7,7,2.240717029449424,1,4,2,0,0,0,7,0,1,8,2.560819462227913,6,2,0,0,0,0,0.0,0.0,0,0,0,1,0,0,8,0.0,0,0.000000
K210187,/Users/winko/Library/Mobile Documents/com~apple~CloudDocs/Research/1.5-Policy/data/raw_text/K210187.txt,2406,0,0,0,0,0,0,0,0.0,0,0,0,0,1,5,4,0,10,4.156275976724855,0,0,10,0,0.0,0,0,0,0,1,0,0,1,0.41562759767248547,0,0,1,0,0,0,5,0,0,5,2.0781379883624274,4,1,0,0,0,0,0.0,0.0,0,0,0,1,0,10,5,2.0,0,2.000000
K210209,/Users/winko/Library/Mobile Documents/com~apple~CloudDocs/Research/1.5-Policy/data/raw_text/K210209.txt,3090,0,0,0,0,0,0,0,0.0,0,0,0,1,0,13,10,0,24,7.766990291262136,0,0,24,0,0.0,0,0,0,0,0,2,2,4,1.2944983818770226,0,0,4,0,0,0,6,0,0,6,1.941747572815534,4,2,0,0,0,0,0.0,0.0,0,0,0,1,0,24,6,4.0,0,4.000000
K210237,/Users/winko/Library/Mobile Documents/com~apple~CloudDocs/Research/1.5-Policy/data/raw_text/K210237.txt,4174,0,0,0,0,0,0,0,0.0,0,0,0,0,1,3,3,0,7,1.6770483948251078,0,7,0,0,0.0,0,0,0,0,0,0,0,0,0.0,0,0,0,0,0,0,9,0,0,9,2.156205079060853,9,0,0,0,0,0,0.0,0.0,0,0,0,1,0,7,9,0.7777777777777778,0,0.777778
K210365,/Users/winko/Library/Mobile Documents/com~apple~CloudDocs/Research/1.5-Policy/data/raw_text/K210365.txt,4131,0,0,0,0,0,0,0,0.0,0,0,0,0,13,13,3,0,29,7.02009198741225,0,4,25,0,0.0,0,0,0,0,0,0,4,4,0.9682885499878964,3,1,0,0,0,0,7,0,0,7,1.6945049624788187,5,1,1,0,0,0,0.0,0.0,0,0,0,1,0,29,7,4.142857142857143,0,4.142857
K210404,/Users/winko/Library/Mobile Documents/com~apple~CloudDocs/Research/1.5-Policy/data/raw_text/K210404.txt,3126,0,0,0,0,0,0,0,0.0,0,0,0,7,2,6,0,0,15,4.798464491362764,0,0,15,0,0.0,0,0,0,0,0,0,0,0,0.0,0,0,0,0,0,0,9,0,0,9,2.8790786948176583,6,2,1,0,0,0,0.0,0.0,0,0,0,1,0,15,9,1.6666666666666667,0,1.666667
K210426,/Users/winko/Library/Mobile Documents/com~apple~CloudDocs/Research/1.5-Policy/data/raw_text/K210426.txt,2105,0,0,0,0,0,0,0,0.0,0,0,0,0,0,0,0,0,0,0.0,0,0,0,0,0.0,0,0,0,0,0,0,0,0,0.0,0,0,0,0,0,0,4,0,2,6,2.8503562945368173,4,1,1,0,0,0,0.0,0.0,0,0,0,1,0,0,6,0.0,0,0.000000
K210438,/Users/winko/Library/Mobile Documents/com~apple~CloudDocs/Research/1.5-Policy/data/raw_text/K210438.txt,2774,0,0,0,0,0,0,0,0.0,0,0,0,0,0,0,0,0,0,0.0,0,0,0,0,0.0,0,0,0,0,0,0,0,0,0.0,0,0,0,0,0,0,5,0,0,5,1.802451333813987,4,1,0,0,0,0,0.0,0.0,0,0,0,1,0,0,5,0.0,0,0.000000
K210458,/Users/winko/Library/Mobile Documents/com~apple~CloudDocs/Research/1.5-Policy/data/raw_text/K210458.txt,3622,0,0,0,0,0,0,0,0.0,0,0,0,0,1,0,0,0,1,0.27609055770292656,0,0,1,0,0.0,0,0,0,0,0,0,0,0,0.0,0,0,0,0,0,0,6,0,0,6,1.6565433462175594,5,0,1,0,0,0,0.0,0.0,0,0,0,1,0,1,6,0.16666666666666666,0,0.166667
K210484,/Users/winko/Library/Mobile Documents/com~apple~CloudDocs/Research/1.5-Policy/data/raw_text/K210484.txt,2380,0,0,0,0,0,0,0,0.0,0,0,0,0,0,1,1,0,2,0.8403361344537815,0,0,2,0,0.0,0,0,0,0,0,0,0,0,0.0,0,0,0,0,0,0,6,0,0,6,2.521008403361345,4,2,0,0,0,0,0.0,0.0,0,0,0,1,0,2,6,0.3333333333333333,0,0.333333
K210543,/Users/winko/Library/Mobile Documents/com~apple~CloudDocs/Research/1.5-Policy/data/raw_text/K210543.txt,4102,0,0,0,0,0,0,0,0.0,0,0,0,0,0,0,0,0,0,0.0,0,0,0,0,0.0,0,0,0,0,0,0,0,0,0.0,0,0,0,0,0,0,8,0,0,8,1.9502681618722573,8,0,0,0,0,0,0.0,0.0,0,0,0,1,0,0,8,0.0,0,0.000000
K210556,/Users/winko/Library/Mobile Documents/com~apple~CloudDocs/Research/1.5-Policy/data/raw_text/K210556.txt,3023,0,0,0,0,0,3,3,0.9923916639100231,2,1,0,0,0,0,0,0,0,0.0,0,0,0,0,0.0,0,0,0,0,0,0,0,0,0.0,0,0,0,0,0,0,5,0,0,5,1.6539861065167052,5,0,0,0,0,0,0.0,0.0,0,0,0,1,0,0,5,0.0,0,0.000000
K210611,/Users/winko/Library/Mobile Documents/com~apple~CloudDocs/Research/1.5-Policy/data/raw_text/K210611.txt,3198,0,0,0,0,0,0,0,0.0,0,0,0,0,0,0,0,0,0,0.0,0,0,0,0,0.0,0,0,0,0,0,0,0,0,0.0,0,0,0,0,0,0,4,0,1,5,1.5634771732332708,4,1,0,0,0,0,0.0,0.0,0,0,0,1,0,0,5,0.0,0,0.000000
K210632,/Users/winko/Library/Mobile Documents/com~apple~CloudDocs/Research/1.5-Policy/data/raw_text/K210632.txt,2658,0,0,0,0,0,0,0,0.0,0,0,0,0,0,0,0,0,0,0.0,0,0,0,0,0.0,0,0,0,0,0,0,0,0,0.0,0,0,0,0,0,0,4,0,0,4,1.5048908954100828,4,0,0,0,0,0,0.0,0.0,0,0,0,1,0,0,4,0.0,0,0.000000
K210645,/Users/winko/Library/Mobile Documents/com~apple~CloudDocs/Research/1.5-Policy/data/raw_text/K210645.txt,2651,0,0,0,0,0,0,0,0.0,0,0,0,0,2,0,0,0,2,0.7544322897019993,0,0,2,0,0.0,0,0,0,0,0,0,0,0,0.0,0,0,0,0,0,0,4,0,0,4,1.5088645794039985,4,0,0,0,0,0,0.0,0.0,0,0,0,1,0,2,4,0.5,0,0.500000
K210666,/Users/winko/Library/Mobile Documents/com~apple~CloudDocs/Research/1.5-Policy/data/raw_text/K210666.txt,3431,0,0,0,0,0,0,0,0.0,0,0,0,8,3,9,6,0,26,7.57796560769455,0,4,22,0,0.0,0,0,0,0,0,0,0,0,0.0,0,0,0,0,0,0,7,0,0,7,2.040221509763917,7,0,0,0,0,0,0.0,0.0,0,0,0,1,0,26,7,3.7142857142857144,0,3.714286
K210670,/Users/winko/Library/Mobile Documents/com~apple~CloudDocs/Research/1.5-Policy/data/raw_text/K210670.txt,6450,0,0,0,0,0,0,0,0.0,0,0,0,12,2,13,16,0,43,6.666666666666667,0,7,36,0,0.0,0,0,0,0,0,0,0,0,0.0,0,0,0,0,0,0,6,0,0,6,0.930232558139535,5,0,1,2,0,0,0.0,0.0,0,0,0,1,0,43,6,7.166666666666667,0,7.166667
K210719,/Users/winko/Library/Mobile Documents/com~apple~CloudDocs/Research/1.5-Policy/data/raw_text/K210719.txt,2546,0,0,0,0,0,0,0,0.0,0,0,0,0,3,0,0,0,3,1.178318931657502,0,0,3,0,0.0,0,0,0,0,0,0,2,2,0.7855459544383347,1,1,0,0,0,0,7,0,0,7,2.7494108405341713,4,1,2,0,0,0,0.0,0.0,0,0,0,1,0,3,7,0.42857142857142855,0,0.428571
K210747,/Users/winko/Library/Mobile Documents/com~apple~CloudDocs/Research/1.5-Policy/data/raw_text/K210747.txt,2350,0,0,0,0,0,0,0,0.0,0,0,0,0,1,0,0,0,1,0.425531914893617,0,0,1,0,0.0,0,0,0,0,0,1,0,1,0.425531914893617,0,0,1,0,0,0,5,0,0,5,2.127659574468085,4,1,0,0,0,0,0.0,0.0,0,0,0,1,0,1,5,0.2,0,0.200000
K210760,/Users/winko/Library/Mobile Documents/com~apple~CloudDocs/Research/1.5-Policy/data/raw_text/K210760.txt,2827,0,0,0,0,0,0,0,0.0,0,0,0,0,0,0,0,0,0,0.0,0,0,0,0,0.0,0,0,0,0,0,0,0,0,0.0,0,0,0,0,0,0,9,0,0,9,3.1835868411743897,4,5,0,0,0,0,0.0,0.0,0,0,0,1,0,0,9,0.0,0,0.000000
K210791,/Users/winko/Library/Mobile Documents/com~apple~CloudDocs/Research/1.5-Policy/data/raw_text/K210791.txt,2872,0,0,0,0,0,0,0,0.0,0,0,0,0,2,0,0,0,2,0.6963788300835655,1,1,0,0,0.0,0,0,0,0,0,3,3,6,2.0891364902506964,1,1,4,0,0,0,9,0,0,9,3.1337047353760443,4,4,1,0,0,0,0.0,0.0,0,0,0,1,0,2,9,0.2222222222222222,0,0.222222
K210807,/Users/winko/Library/Mobile Documents/com~apple~CloudDocs/Research/1.5-Policy/data/raw_text/K210807.txt,2824,0,0,0,0,0,0,0,0.0,0,0,0,0,0,0,0,0,0,0.0,0,0,0,0,0.0,0,0,0,0,0,0,0,0,0.0,0,0,0,0,0,0,10,0,0,10,3.5410764872521248,4,6,0,0,0,0,0.0,0.0,0,0,0,1,0,0,10,0.0,0,0.000000
K210822,/Users/winko/Library/Mobile Documents/com~apple~CloudDocs/Research/1.5-Policy/data/raw_text/K210822.txt,3425,0,0,0,0,0,0,0,0.0,0,0,0,0,0,0,0,0,0,0.0,0,0,0,0,0.0,0,0,0,0,0,0,1,1,0.29197080291970806,0,1,0,0,0,0,9,0,0,9,2.627737226277372,6,3,0,0,0,0,0.0,0.0,0,0,0,1,0,0,9,0.0,0,0.000000
K210831,/Users/winko/Library/Mobile Documents/com~apple~CloudDocs/Research/1.5-Policy/data/raw_text/K210831.txt,3131,0,0,0,0,0,0,0,0.0,0,0,0,0,2,0,0,0,2,0.6387735547748323,0,0,2,0,0.0,0,0,0,0,0,0,0,0,0.0,0,0,0,0,0,0,7,0,1,8,2.5550942190993293,4,4,0,0,0,0,0.0,0.0,0,0,0,1,0,2,8,0.25,0,0.250000
K210999,/Users/winko/Library/Mobile Documents/com~apple~CloudDocs/Research/1.5-Policy/data/raw_text/K210999.txt,2394,0,0,0,0,0,0,0,0.0,0,0,0,0,0,0,0,0,0,0.0,0,0,0,0,0.0,0,0,0,0,0,0,0,0,0.0,0,0,0,0,0,0,6,0,0,6,2.506265664160401,4,2,0,0,0,0,0.0,0.0,0,0,0,1,0,0,6,0.0,0,0.000000
K211118,/Users/winko/Library/Mobile Documents/com~apple~CloudDocs/Research/1.5-Policy/data/raw_text/K211118.txt,1916,0,0,0,0,0,0,0,0.0,0,0,0,0,0,0,0,0,0,0.0,0,0,0,0,0.0,0,0,0,0,0,0,0,0,0.0,0,0,0,0,0,0,4,0,2,6,3.131524008350731,4,1,1,0,0,0,0.0,0.0,0,0,0,1,0,0,6,0.0,0,0.000000
K211161,/Users/winko/Library/Mobile Documents/com~apple~CloudDocs/Research/1.5-Policy/data/raw_text/K211161.txt,2646,0,0,0,0,0,0,0,0.0,0,0,0,1,0,1,1,0,3,1.1337868480725624,0,0,3,0,0.0,0,0,0,0,0,0,0,0,0.0,0,0,0,0,0,0,9,0,0,9,3.401360544217687,4,3,2,0,0,0,0.0,0.0,0,0,0,1,0,3,9,0.3333333333333333,0,0.333333
K211179,/Users/winko/Library/Mobile Documents/com~apple~CloudDocs/Research/1.5-Policy/data/raw_text/K211179.txt,3364,0,0,0,0,0,0,0,0.0,0,0,0,1,0,3,3,0,7,2.080856123662307,0,0,7,0,0.0,0,0,0,0,0,0,0,0,0.0,0,0,0,0,0,0,7,0,0,7,2.080856123662307,5,2,0,0,0,0,0.0,0.0,0,0,0,1,0,7,7,1.0,0,1.000000
K211222,/Users/winko/Library/Mobile Documents/com~apple~CloudDocs/Research/1.5-Policy/data/raw_text/K211222.txt,2567,0,0,0,0,0,0,0,0.0,0,0,0,0,5,0,0,0,5,1.9477989871445267,0,0,5,0,0.0,0,0,0,0,0,0,0,0,0.0,0,0,0,0,0,0,6,0,0,6,2.337358784573432,4,2,0,0,0,0,0.0,0.0,0,0,0,1,0,5,6,0.8333333333333334,0,0.833333
K211279,/Users/winko/Library/Mobile Documents/com~apple~CloudDocs/Research/1.5-Policy/data/raw_text/K211279.txt,2857,0,0,0,0,0,0,0,0.0,0,0,0,0,0,0,0,0,0,0.0,0,0,0,0,0.0,0,0,0,0,0,0,0,0,0.0,0,0,0,0,0,0,7,0,2,9,3.150157507875394,4,4,1,0,0,0,0.0,0.0,0,0,0,1,0,0,9,0.0,0,0.000000
K211326,/Users/winko/Library/Mobile Documents/com~apple~CloudDocs/Research/1.5-Policy/data/raw_text/K211326.txt,1784,0,0,0,0,0,0,0,0.0,0,0,0,1,1,2,1,0,5,2.802690582959641,0,0,5,0,0.0,0,0,0,0,0,0,0,0,0.0,0,0,0,0,0,0,6,0,0,6,3.36322869955157,4,2,0,0,0,0,0.0,0.0,0,0,0,1,0,5,6,0.8333333333333334,0,0.833333
K211379,/Users/winko/Library/Mobile Documents/com~apple~CloudDocs/Research/1.5-Policy/data/raw_text/K211379.txt,2877,0,0,0,0,0,0,0,0.0,0,0,0,0,5,0,0,0,5,1.7379214459506431,0,0,5,0,0.0,0,0,0,0,0,0,0,0,0.0,0,0,0,0,0,0,8,0,0,8,2.780674313521029,4,4,0,0,0,0,0.0,0.0,0,0,0,1,0,5,8,0.625,0,0.625000
K211431,/Users/winko/Library/Mobile Documents/com~apple~CloudDocs/Research/1.5-Policy/data/raw_text/K211431.txt,3270,0,0,0,0,0,0,0,0.0,0,0,0,0,0,0,0,0,0,0.0,0,0,0,0,0.0,0,0,0,0,0,0,0,0,0.0,0,0,0,0,0,0,5,0,0,5,1.529051987767584,4,1,0,0,0,0,0.0,0.0,0,0,0,1,0,0,5,0.0,0,0.000000
K211443,/Users/winko/Library/Mobile Documents/com~apple~CloudDocs/Research/1.5-Policy/data/raw_text/K211443.txt,2501,0,0,0,0,0,0,0,0.0,0,0,0,0,0,0,0,0,0,0.0,0,0,0,0,0.0,0,0,0,0,0,0,0,0,0.0,0,0,0,0,0,0,8,0,1,9,3.598560575769692,4,5,0,0,0,0,0.0,0.0,0,0,0,1,0,0,9,0.0,0,0.000000
K211459,/Users/winko/Library/Mobile Documents/com~apple~CloudDocs/Research/1.5-Policy/data/raw_text/K211459.txt,2621,0,0,0,0,0,0,0,0.0,0,0,0,0,0,0,0,0,0,0.0,0,0,0,0,0.0,0,0,0,0,0,0,0,0,0.0,0,0,0,0,0,0,8,0,0,8,3.052270125906143,4,4,0,0,0,0,0.0,0.0,0,0,0,1,0,0,8,0.0,0,0.000000
K211506,/Users/winko/Library/Mobile Documents/com~apple~CloudDocs/Research/1.5-Policy/data/raw_text/K211506.txt,2147,0,0,0,0,0,0,0,0.0,0,0,0,0,0,0,0,0,0,0.0,0,0,0,0,0.0,0,0,0,0,0,0,0,0,0.0,0,0,0,0,0,0,7,0,0,7,3.2603632976245924,4,2,1,0,0,0,0.0,0.0,0,0,0,1,0,0,7,0.0,0,0.000000
K211541,/Users/winko/Library/Mobile Documents/com~apple~CloudDocs/Research/1.5-Policy/data/raw_text/K211541.txt,2445,0,0,0,0,0,0,0,0.0,0,0,0,7,2,0,0,0,9,3.6809815950920246,0,1,8,0,0.0,0,0,0,0,0,0,0,0,0.0,0,0,0,0,0,0,6,0,0,6,2.4539877300613497,4,2,0,0,0,0,0.0,0.0,0,0,0,1,0,9,6,1.5,0,1.500000
K211597,/Users/winko/Library/Mobile Documents/com~apple~CloudDocs/Research/1.5-Policy/data/raw_text/K211597.txt,2831,0,0,0,0,0,0,0,0.0,0,0,0,0,0,0,0,0,0,0.0,0,0,0,0,0.0,0,0,0,0,0,0,0,0,0.0,0,0,0,0,0,0,6,0,0,6,2.1193924408336278,4,2,0,0,0,0,0.0,0.0,0,0,0,1,0,0,6,0.0,0,0.000000
K211611,/Users/winko/Library/Mobile Documents/com~apple~CloudDocs/Research/1.5-Policy/data/raw_text/K211611.txt,2968,0,0,0,0,0,0,0,0.0,0,0,0,0,0,0,0,0,0,0.0,0,0,0,0,0.0,0,0,0,0,0,0,0,0,0.0,0,0,0,0,0,0,7,0,1,8,2.6954177897574128,4,3,1,0,0,0,0.0,0.0,0,0,0,1,0,0,8,0.0,0,0.000000
K211655,/Users/winko/Library/Mobile Documents/com~apple~CloudDocs/Research/1.5-Policy/data/raw_text/K211655.txt,3445,0,0,0,0,0,0,0,0.0,0,0,0,0,1,1,0,0,2,0.5805515239477503,0,0,2,0,0.0,0,0,0,0,0,0,0,0,0.0,0,0,0,0,0,0,7,0,1,8,2.3222060957910013,5,3,0,0,0,0,0.0,0.0,0,0,0,1,0,2,8,0.25,0,0.250000
K211678,/Users/winko/Library/Mobile Documents/com~apple~CloudDocs/Research/1.5-Policy/data/raw_text/K211678.txt,4109,0,0,0,0,0,0,0,0.0,0,0,0,22,0,4,4,0,30,7.301046483329277,0,21,9,0,0.0,0,0,0,0,0,0,0,0,0.0,0,0,0,0,0,0,9,0,0,9,2.1903139449987834,7,0,2,0,0,0,0.0,0.0,0,0,0,1,0,30,9,3.3333333333333335,0,3.333333
K211733,/Users/winko/Library/Mobile Documents/com~apple~CloudDocs/Research/1.5-Policy/data/raw_text/K211733.txt,4448,0,0,0,0,0,0,0,0.0,0,0,0,17,1,15,13,0,46,10.341726618705035,0,22,24,0,0.0,0,0,0,0,0,0,0,0,0.0,0,0,0,0,0,0,9,0,1,10,2.2482014388489207,6,4,0,0,0,0,0.0,0.0,0,0,0,1,0,46,10,4.6,0,4.600000
K211764,/Users/winko/Library/Mobile Documents/com~apple~CloudDocs/Research/1.5-Policy/data/raw_text/K211764.txt,3183,0,0,0,0,0,0,0,0.0,0,0,0,0,0,0,0,0,0,0.0,0,0,0,0,0.0,0,0,0,0,0,0,0,0,0.0,0,0,0,0,0,0,9,0,0,9,2.827521206409048,5,4,0,0,0,0,0.0,0.0,0,0,0,1,0,0,9,0.0,0,0.000000
K211788,/Users/winko/Library/Mobile Documents/com~apple~CloudDocs/Research/1.5-Policy/data/raw_text/K211788.txt,2241,0,0,0,0,0,0,0,0.0,0,0,0,1,0,2,2,0,5,2.2311468094600624,0,0,5,0,0.0,0,0,0,0,0,0,0,0,0.0,0,0,0,0,0,0,8,0,0,8,3.5698348951360996,4,4,0,0,0,0,0.0,0.0,0,0,0,1,0,5,8,0.625,0,0.625000
K211803,/Users/winko/Library/Mobile Documents/com~apple~CloudDocs/Research/1.5-Policy/data/raw_text/K211803.txt,2891,0,0,0,0,0,0,0,0.0,0,0,0,2,3,5,6,0,16,5.534417156693186,0,0,16,0,0.0,0,0,0,0,0,0,1,1,0.3459010722933241,0,1,0,0,0,0,6,0,3,9,3.113109650639917,5,4,0,0,0,0,0.0,0.0,0,0,0,1,0,16,9,1.7777777777777777,0,1.777778
K211824,/Users/winko/Library/Mobile Documents/com~apple~CloudDocs/Research/1.5-Policy/data/raw_text/K211824.txt,3163,0,0,0,0,0,0,0,0.0,0,0,0,0,1,0,0,0,1,0.3161555485298767,0,0,1,0,0.0,0,0,0,0,0,0,0,0,0.0,0,0,0,0,0,0,4,0,2,6,1.89693329117926,5,1,0,0,0,0,0.0,0.0,0,0,0,1,0,1,6,0.16666666666666666,0,0.166667
K211828,/Users/winko/Library/Mobile Documents/com~apple~CloudDocs/Research/1.5-Policy/data/raw_text/K211828.txt,2470,0,0,0,0,0,0,0,0.0,0,0,0,0,5,1,0,0,6,2.4291497975708505,0,0,6,0,0.0,0,0,0,0,0,0,0,0,0.0,0,0,0,0,0,0,6,0,0,6,2.4291497975708505,4,2,0,0,0,0,0.0,0.0,0,0,0,1,0,6,6,1.0,0,1.000000
K211841,/Users/winko/Library/Mobile Documents/com~apple~CloudDocs/Research/1.5-Policy/data/raw_text/K211841.txt,2913,0,0,0,0,0,0,0,0.0,0,0,0,0,1,0,0,0,1,0.34328870580157916,0,1,0,0,0.0,0,0,0,0,0,0,3,3,1.0298661174047374,0,0,3,0,0,0,8,0,0,8,2.7463096464126333,4,4,0,0,0,0,0.0,0.0,0,0,0,1,0,1,8,0.125,0,0.125000
K211846,/Users/winko/Library/Mobile Documents/com~apple~CloudDocs/Research/1.5-Policy/data/raw_text/K211846.txt,2879,0,0,0,0,0,0,0,0.0,0,0,0,0,0,1,0,0,1,0.3473428273706148,0,1,0,0,0.0,0,0,0,0,0,0,0,0,0.0,0,0,0,0,0,0,5,0,0,5,1.7367141368530739,4,1,0,0,0,0,0.0,0.0,0,0,0,1,0,1,5,0.2,0,0.200000
K211867,/Users/winko/Library/Mobile Documents/com~apple~CloudDocs/Research/1.5-Policy/data/raw_text/K211867.txt,2072,0,0,0,0,0,0,0,0.0,0,0,0,0,0,0,0,0,0,0.0,0,0,0,0,0.0,0,0,0,0,0,0,0,0,0.0,0,0,0,0,0,0,4,0,0,4,1.9305019305019306,4,0,0,0,0,0,0.0,0.0,0,0,0,1,0,0,4,0.0,0,0.000000
K211881,/Users/winko/Library/Mobile Documents/com~apple~CloudDocs/Research/1.5-Policy/data/raw_text/K211881.txt,2038,0,0,0,0,0,0,0,0.0,0,0,0,0,0,0,0,0,0,0.0,0,0,0,0,0.0,0,0,0,0,0,0,0,0,0.0,0,0,0,0,0,0,5,0,0,5,2.4533856722276743,4,1,0,0,0,0,0.0,0.0,0,0,0,1,0,0,5,0.0,0,0.000000
K211906,/Users/winko/Library/Mobile Documents/com~apple~CloudDocs/Research/1.5-Policy/data/raw_text/K211906.txt,3056,0,0,0,0,0,0,0,0.0,0,0,0,0,3,0,0,0,3,0.981675392670157,0,1,2,0,0.0,0,0,0,0,0,0,3,3,0.981675392670157,1,1,1,0,0,0,4,0,1,5,1.6361256544502618,4,1,0,0,0,0,0.0,0.0,0,0,0,1,0,3,5,0.6,0,0.600000
K211945,/Users/winko/Library/Mobile Documents/com~apple~CloudDocs/Research/1.5-Policy/data/raw_text/K211945.txt,2188,0,0,0,0,0,0,0,0.0,0,0,0,0,0,0,0,0,0,0.0,0,0,0,0,0.0,0,0,0,0,0,0,0,0,0.0,0,0,0,0,0,0,6,0,2,8,3.656307129798903,4,3,1,0,0,0,0.0,0.0,0,0,0,1,0,0,8,0.0,0,0.000000
K211951,/Users/winko/Library/Mobile Documents/com~apple~CloudDocs/Research/1.5-Policy/data/raw_text/K211951.txt,2439,0,0,0,0,0,0,0,0.0,0,0,0,0,0,1,0,0,1,0.4100041000410004,0,0,1,0,0.0,0,0,0,0,0,0,0,0,0.0,0,0,0,0,0,0,6,0,0,6,2.4600246002460024,4,1,1,0,0,0,0.0,0.0,0,0,0,1,0,1,6,0.16666666666666666,0,0.166667
K211964,/Users/winko/Library/Mobile Documents/com~apple~CloudDocs/Research/1.5-Policy/data/raw_text/K211964.txt,1748,0,0,0,0,0,0,0,0.0,0,0,0,0,0,0,0,0,0,0.0,0,0,0,0,0.0,0,0,0,0,0,0,0,0,0.0,0,0,0,0,0,0,8,0,0,8,4.576659038901602,4,4,0,0,0,0,0.0,0.0,0,0,0,1,0,0,8,0.0,0,0.000000
K211966,/Users/winko/Library/Mobile Documents/com~apple~CloudDocs/Research/1.5-Policy/data/raw_text/K211966.txt,2595,0,0,0,0,0,0,0,0.0,0,0,0,0,3,0,0,0,3,1.1560693641618498,0,0,3,0,0.0,0,0,0,0,0,0,2,2,0.7707129094412332,0,0,2,0,0,0,7,0,0,7,2.697495183044316,4,3,0,0,0,0,0.0,0.0,0,0,0,1,0,3,7,0.42857142857142855,0,0.428571
K211980,/Users/winko/Library/Mobile Documents/com~apple~CloudDocs/Research/1.5-Policy/data/raw_text/K211980.txt,2101,0,0,0,0,0,0,0,0.0,0,0,0,0,0,0,0,0,0,0.0,0,0,0,0,0.0,0,0,0,0,0,0,0,0,0.0,0,0,0,0,0,0,4,0,2,6,2.8557829604950022,4,2,0,0,0,0,0.0,0.0,0,0,0,1,0,0,6,0.0,0,0.000000
K212005,/Users/winko/Library/Mobile Documents/com~apple~CloudDocs/Research/1.5-Policy/data/raw_text/K212005.txt,2666,0,0,0,0,0,0,0,0.0,0,0,0,0,0,0,0,0,0,0.0,0,0,0,0,0.0,0,0,0,0,0,0,0,0,0.0,0,0,0,0,0,0,7,0,0,7,2.625656414103526,4,3,0,0,0,0,0.0,0.0,0,0,0,1,0,0,7,0.0,0,0.000000
K212012,/Users/winko/Library/Mobile Documents/com~apple~CloudDocs/Research/1.5-Policy/data/raw_text/K212012.txt,2571,0,0,0,0,0,0,0,0.0,0,0,0,0,3,0,0,0,3,1.1668611435239205,0,0,3,0,0.0,0,0,0,0,0,0,0,0,0.0,0,0,0,0,0,0,7,0,0,7,2.722676001555815,6,1,0,0,0,0,0.0,0.0,0,0,0,1,0,3,7,0.42857142857142855,0,0.428571
K212067,/Users/winko/Library/Mobile Documents/com~apple~CloudDocs/Research/1.5-Policy/data/raw_text/K212067.txt,2479,0,0,0,0,0,0,0,0.0,0,0,0,0,1,0,0,0,1,0.40338846308995563,0,0,1,0,0.0,0,0,0,0,0,0,0,0,0.0,0,0,0,0,0,0,5,0,1,6,2.4203307785397334,4,1,1,0,0,0,0.0,0.0,0,0,0,1,0,1,6,0.16666666666666666,0,0.166667
K212074,/Users/winko/Library/Mobile Documents/com~apple~CloudDocs/Research/1.5-Policy/data/raw_text/K212074.txt,1878,0,0,0,0,0,0,0,0.0,0,0,0,0,0,0,0,0,0,0.0,0,0,0,0,0.0,0,0,0,0,0,0,0,0,0.0,0,0,0,0,0,0,5,0,2,7,3.727369542066028,4,2,1,0,0,0,0.0,0.0,0,0,0,1,0,0,7,0.0,0,0.000000
K212100,/Users/winko/Library/Mobile Documents/com~apple~CloudDocs/Research/1.5-Policy/data/raw_text/K212100.txt,4139,0,0,0,0,0,0,0,0.0,0,0,0,0,0,0,0,0,0,0.0,0,0,0,0,0.0,0,0,0,0,0,0,0,0,0.0,0,0,0,0,0,0,5,0,1,6,1.449625513409036,5,1,0,0,0,0,0.0,0.0,0,0,0,1,0,0,6,0.0,0,0.000000
K212116,/Users/winko/Library/Mobile Documents/com~apple~CloudDocs/Research/1.5-Policy/data/raw_text/K212116.txt,3524,0,0,0,0,0,0,0,0.0,0,0,0,0,0,0,0,0,0,0.0,0,0,0,0,0.0,0,0,0,0,0,0,0,0,0.0,0,0,0,0,0,0,4,0,0,4,1.1350737797956867,4,0,0,0,0,0,0.0,0.0,0,0,0,1,0,0,4,0.0,0,0.000000
K212218,/Users/winko/Library/Mobile Documents/com~apple~CloudDocs/Research/1.5-Policy/data/raw_text/K212218.txt,1982,0,0,0,0,0,0,0,0.0,0,0,0,0,0,0,0,0,0,0.0,0,0,0,0,0.0,0,0,0,0,0,0,0,0,0.0,0,0,0,0,0,0,5,0,0,5,2.5227043390514634,4,1,0,0,0,0,0.0,0.0,0,0,0,1,0,0,5,0.0,0,0.000000
K212219,/Users/winko/Library/Mobile Documents/com~apple~CloudDocs/Research/1.5-Policy/data/raw_text/K212219.txt,3297,0,0,0,0,0,0,0,0.0,0,0,0,0,0,0,0,0,0,0.0,0,0,0,0,0.0,0,0,0,0,0,0,0,0,0.0,0,0,0,0,0,0,5,0,0,5,1.516530178950561,4,1,0,0,0,0,0.0,0.0,0,0,0,1,0,0,5,0.0,0,0.000000
K212230,/Users/winko/Library/Mobile Documents/com~apple~CloudDocs/Research/1.5-Policy/data/raw_text/K212230.txt,2922,0,0,0,0,0,0,0,0.0,0,0,0,0,0,0,0,0,0,0.0,0,0,0,0,0.0,0,0,0,0,0,0,0,0,0.0,0,0,0,0,0,0,5,0,0,5,1.7111567419575633,4,1,0,0,0,0,0.0,0.0,0,0,0,1,0,0,5,0.0,0,0.000000
K212261,/Users/winko/Library/Mobile Documents/com~apple~CloudDocs/Research/1.5-Policy/data/raw_text/K212261.txt,3574,0,0,0,0,0,1,1,0.2797985450475658,0,0,1,0,0,4,4,0,8,2.2383883603805264,0,0,8,0,0.0,0,0,0,0,0,0,1,1,0.2797985450475658,0,0,1,0,0,0,8,0,0,8,2.2383883603805264,6,2,0,0,0,0,0.0,0.0,0,0,0,1,0,8,8,1.0,0,1.000000
K212265,/Users/winko/Library/Mobile Documents/com~apple~CloudDocs/Research/1.5-Policy/data/raw_text/K212265.txt,2952,0,0,0,0,0,0,0,0.0,0,0,0,0,0,0,0,0,0,0.0,0,0,0,0,0.0,0,0,0,0,0,0,0,0,0.0,0,0,0,0,0,0,6,0,0,6,2.032520325203252,4,2,0,0,0,0,0.0,0.0,0,0,0,1,0,0,6,0.0,0,0.000000
K212269,/Users/winko/Library/Mobile Documents/com~apple~CloudDocs/Research/1.5-Policy/data/raw_text/K212269.txt,2010,0,0,0,0,0,0,0,0.0,0,0,0,0,0,0,0,0,0,0.0,0,0,0,0,0.0,0,0,0,0,0,0,0,0,0.0,0,0,0,0,0,0,6,0,0,6,2.985074626865672,4,0,2,0,0,0,0.0,0.0,0,0,0,1,0,0,6,0.0,0,0.000000
K212274,/Users/winko/Library/Mobile Documents/com~apple~CloudDocs/Research/1.5-Policy/data/raw_text/K212274.txt,2356,0,0,0,0,0,0,0,0.0,0,0,0,0,0,0,0,0,0,0.0,0,0,0,0,0.0,0,0,0,0,0,0,1,1,0.4244482173174873,0,0,1,0,0,0,7,0,0,7,2.9711375212224107,4,3,0,0,0,0,0.0,0.0,0,0,0,1,0,0,7,0.0,0,0.000000
K212333,/Users/winko/Library/Mobile Documents/com~apple~CloudDocs/Research/1.5-Policy/data/raw_text/K212333.txt,2344,0,0,0,0,0,0,0,0.0,0,0,0,0,0,0,0,0,0,0.0,0,0,0,0,0.0,0,0,0,0,0,0,0,0,0.0,0,0,0,0,0,0,5,0,0,5,2.1331058020477816,4,1,0,0,0,0,0.0,0.0,0,0,0,1,0,0,5,0.0,0,0.000000
K212336,/Users/winko/Library/Mobile Documents/com~apple~CloudDocs/Research/1.5-Policy/data/raw_text/K212336.txt,2834,0,0,0,0,0,0,0,0.0,0,0,0,0,0,0,0,0,0,0.0,0,0,0,0,0.0,0,0,0,0,0,0,0,0,0.0,0,0,0,0,0,0,12,0,0,12,4.234297812279464,6,4,2,0,0,0,0.0,0.0,0,0,0,1,0,0,12,0.0,0,0.000000
K212365,/Users/winko/Library/Mobile Documents/com~apple~CloudDocs/Research/1.5-Policy/data/raw_text/K212365.txt,4388,0,0,0,0,0,0,0,0.0,0,0,0,0,3,25,25,0,53,12.078395624430264,0,6,47,0,0.0,0,0,0,0,0,0,5,5,1.1394712853236098,0,3,2,0,0,0,5,0,0,5,1.1394712853236098,5,0,0,3,0,0,0.0,0.0,0,0,0,1,0,53,5,10.6,0,10.600000
K212383,/Users/winko/Library/Mobile Documents/com~apple~CloudDocs/Research/1.5-Policy/data/raw_text/K212383.txt,4477,0,0,0,0,0,0,0,0.0,0,0,0,0,0,0,0,0,0,0.0,0,0,0,0,0.0,0,0,0,0,0,0,0,0,0.0,0,0,0,0,0,0,8,0,1,9,2.0102747375474648,6,2,1,0,0,0,0.0,0.0,0,0,0,1,0,0,9,0.0,0,0.000000
K212441,/Users/winko/Library/Mobile Documents/com~apple~CloudDocs/Research/1.5-Policy/data/raw_text/K212441.txt,4553,0,0,0,0,0,0,0,0.0,0,0,0,0,0,0,0,0,0,0.0,0,0,0,0,0.0,0,0,0,0,0,0,0,0,0.0,0,0,0,0,0,0,10,0,0,10,2.196354052273226,10,0,0,0,0,0,0.0,0.0,0,0,0,1,0,0,10,0.0,0,0.000000
K212442,/Users/winko/Library/Mobile Documents/com~apple~CloudDocs/Research/1.5-Policy/data/raw_text/K212442.txt,5017,0,0,0,0,0,1,1,0.19932230416583616,1,0,0,0,5,0,0,0,5,0.9966115208291809,0,2,3,0,0.0,0,0,0,0,0,0,3,3,0.5979669124975084,2,1,0,0,0,0,6,0,2,8,1.5945784333266892,6,0,2,0,0,0,0.0,0.0,0,0,0,1,0,5,8,0.625,0,0.625000
K212456,/Users/winko/Library/Mobile Documents/com~apple~CloudDocs/Research/1.5-Policy/data/raw_text/K212456.txt,2095,0,0,0,0,0,0,0,0.0,0,0,0,0,0,0,0,0,0,0.0,0,0,0,0,0.0,0,0,0,0,0,0,0,0,0.0,0,0,0,0,0,0,6,0,1,7,3.3412887828162288,4,2,1,0,0,0,0.0,0.0,0,0,0,1,0,0,7,0.0,0,0.000000
K212466,/Users/winko/Library/Mobile Documents/com~apple~CloudDocs/Research/1.5-Policy/data/raw_text/K212466.txt,1871,0,0,0,0,0,0,0,0.0,0,0,0,0,1,1,1,0,3,1.6034206306787815,0,0,3,0,0.0,0,0,0,0,0,0,4,4,2.137894174238375,0,2,2,0,0,0,5,0,1,6,3.206841261357563,4,2,0,0,0,0,0.0,0.0,0,0,0,1,0,3,6,0.5,0,0.500000
K212516,/Users/winko/Library/Mobile Documents/com~apple~CloudDocs/Research/1.5-Policy/data/raw_text/K212516.txt,3402,0,0,0,0,0,1,1,0.29394473838918284,0,0,1,0,0,3,3,0,6,1.763668430335097,0,0,6,0,0.0,0,0,0,3,1,0,7,11,3.233392122281011,1,1,9,0,0,0,8,0,1,9,2.6455026455026456,6,2,1,0,0,0,0.0,0.0,0,0,0,1,0,6,9,0.6666666666666666,0,0.666667
K212519,/Users/winko/Library/Mobile Documents/com~apple~CloudDocs/Research/1.5-Policy/data/raw_text/K212519.txt,3908,0,0,0,0,0,1,1,0.25588536335721596,0,1,0,3,2,13,8,0,26,6.653019447287615,0,4,22,0,0.0,0,0,0,0,0,2,5,7,1.7911975435005119,0,3,4,0,0,0,7,0,0,7,1.7911975435005119,5,2,0,0,0,0,0.0,0.0,0,0,0,1,0,26,7,3.7142857142857144,0,3.714286
K212616,/Users/winko/Library/Mobile Documents/com~apple~CloudDocs/Research/1.5-Policy/data/raw_text/K212616.txt,9253,0,0,0,0,0,0,0,0.0,0,0,0,30,4,54,52,0,140,15.130228034151086,3,42,95,0,0.0,0,0,0,0,2,0,3,5,0.5403652869339673,0,0,5,0,0,0,8,0,2,10,1.0807305738679347,8,0,2,0,0,0,0.0,0.0,0,0,0,1,0,140,10,14.0,0,14.000000
K212624,/Users/winko/Library/Mobile Documents/com~apple~CloudDocs/Research/1.5-Policy/data/raw_text/K212624.txt,3240,0,0,0,0,0,0,0,0.0,0,0,0,0,6,2,0,0,8,2.4691358024691357,0,0,8,0,0.0,0,0,0,0,0,0,3,3,0.9259259259259259,1,2,0,0,0,0,9,0,2,11,3.3950617283950617,6,3,2,0,0,0,0.0,0.0,0,0,0,1,0,8,11,0.7272727272727273,0,0.727273
K212654,/Users/winko/Library/Mobile Documents/com~apple~CloudDocs/Research/1.5-Policy/data/raw_text/K212654.txt,3763,0,0,0,0,0,1,1,0.26574541589157585,0,1,0,0,0,0,0,0,0,0.0,0,0,0,0,0.0,0,0,0,0,0,0,1,1,0.26574541589157585,0,1,0,0,0,0,6,0,2,8,2.125963327132607,5,3,0,0,0,0,0.0,0.0,0,0,0,1,0,0,8,0.0,0,0.000000
K212662,/Users/winko/Library/Mobile Documents/com~apple~CloudDocs/Research/1.5-Policy/data/raw_text/K212662.txt,3502,0,0,0,0,0,0,0,0.0,0,0,0,0,0,0,0,0,0,0.0,0,0,0,0,0.0,0,0,0,3,0,0,0,3,0.8566533409480297,0,3,0,0,0,0,7,0,0,7,1.9988577955454028,6,1,0,0,0,0,0.0,0.0,0,0,0,1,0,0,7,0.0,0,0.000000
K212690,/Users/winko/Library/Mobile Documents/com~apple~CloudDocs/Research/1.5-Policy/data/raw_text/K212690.txt,2401,0,0,0,0,0,0,0,0.0,0,0,0,0,4,0,0,0,4,1.665972511453561,0,0,4,0,0.0,0,0,0,0,0,0,0,0,0.0,0,0,0,0,0,0,6,0,0,6,2.498958767180342,4,2,0,0,0,0,0.0,0.0,0,0,0,1,0,4,6,0.6666666666666666,0,0.666667
K212704,/Users/winko/Library/Mobile Documents/com~apple~CloudDocs/Research/1.5-Policy/data/raw_text/K212704.txt,2689,0,0,0,0,0,0,0,0.0,0,0,0,0,0,0,0,0,0,0.0,0,0,0,0,0.0,0,0,0,0,0,0,0,0,0.0,0,0,0,0,0,0,6,0,0,6,2.231312755671253,4,2,0,0,0,0,0.0,0.0,0,0,0,1,0,0,6,0.0,0,0.000000
K212758,/Users/winko/Library/Mobile Documents/com~apple~CloudDocs/Research/1.5-Policy/data/raw_text/K212758.txt,2890,0,0,0,0,0,0,0,0.0,0,0,0,0,0,0,0,0,0,0.0,0,0,0,0,0.0,0,0,0,0,1,0,4,5,1.7301038062283738,0,0,5,0,0,0,4,0,0,4,1.3840830449826989,4,0,0,0,0,0,0.0,0.0,0,0,0,1,0,0,4,0.0,0,0.000000
K212783,/Users/winko/Library/Mobile Documents/com~apple~CloudDocs/Research/1.5-Policy/data/raw_text/K212783.txt,4678,0,0,0,0,0,0,0,0.0,0,0,0,8,8,4,0,0,20,4.2753313381787095,0,4,16,0,0.0,0,0,0,0,0,0,5,5,1.0688328345446774,0,0,5,0,0,0,6,0,1,7,1.496365968362548,7,0,0,0,0,0,0.0,0.0,0,0,0,1,0,20,7,2.857142857142857,0,2.857143
K212915,/Users/winko/Library/Mobile Documents/com~apple~CloudDocs/Research/1.5-Policy/data/raw_text/K212915.txt,2777,0,0,0,0,0,0,0,0.0,0,0,0,0,0,0,0,0,0,0.0,0,0,0,0,0.0,0,0,0,0,0,0,0,0,0.0,0,0,0,0,0,0,5,0,2,7,2.5207057976233345,4,1,2,0,0,0,0.0,0.0,0,0,0,1,0,0,7,0.0,0,0.000000
K212960,/Users/winko/Library/Mobile Documents/com~apple~CloudDocs/Research/1.5-Policy/data/raw_text/K212960.txt,2504,0,0,0,0,0,0,0,0.0,0,0,0,0,0,0,0,0,0,0.0,0,0,0,0,0.0,0,0,0,0,0,0,0,0,0.0,0,0,0,0,0,0,5,0,0,5,1.996805111821086,4,1,0,0,0,0,0.0,0.0,0,0,0,1,0,0,5,0.0,0,0.000000
K213037,/Users/winko/Library/Mobile Documents/com~apple~CloudDocs/Research/1.5-Policy/data/raw_text/K213037.txt,3758,0,0,0,0,0,0,0,0.0,0,0,0,0,0,5,5,0,10,2.6609898882384244,0,0,10,0,0.0,0,0,0,0,0,0,0,0,0.0,0,0,0,0,0,0,5,0,3,8,2.12879191059074,5,1,2,0,0,0,0.0,0.0,0,0,0,1,0,10,8,1.25,0,1.250000
K213096,/Users/winko/Library/Mobile Documents/com~apple~CloudDocs/Research/1.5-Policy/data/raw_text/K213096.txt,3850,0,0,0,0,0,1,1,0.2597402597402597,0,1,0,0,0,0,0,0,0,0.0,0,0,0,0,0.0,0,0,0,0,0,0,0,0,0.0,0,0,0,0,0,0,10,0,0,10,2.5974025974025974,10,0,0,0,0,0,0.0,0.0,0,0,0,1,0,0,10,0.0,0,0.000000
K213155,/Users/winko/Library/Mobile Documents/com~apple~CloudDocs/Research/1.5-Policy/data/raw_text/K213155.txt,2518,0,0,0,0,0,0,0,0.0,0,0,0,0,4,0,0,0,4,1.5885623510722795,0,2,2,0,0.0,0,0,0,0,0,0,1,1,0.3971405877680699,0,0,1,0,0,0,5,0,0,5,1.9857029388403493,4,1,0,0,0,0,0.0,0.0,0,0,0,1,0,4,5,0.8,0,0.800000
K213165,/Users/winko/Library/Mobile Documents/com~apple~CloudDocs/Research/1.5-Policy/data/raw_text/K213165.txt,4454,0,0,0,0,0,1,1,0.22451728783116298,0,1,0,2,0,2,2,0,6,1.3471037269869781,0,6,0,0,0.0,0,0,0,0,0,0,1,1,0.22451728783116298,0,1,0,0,0,0,6,0,0,6,1.3471037269869781,6,0,0,0,0,0,0.0,0.0,0,0,0,1,0,6,6,1.0,0,1.000000
K213272,/Users/winko/Library/Mobile Documents/com~apple~CloudDocs/Research/1.5-Policy/data/raw_text/K213272.txt,2952,0,0,0,0,0,1,1,0.33875338753387535,0,0,1,0,3,0,0,0,3,1.016260162601626,0,0,3,0,0.0,0,0,0,0,2,2,3,7,2.371273712737127,0,0,7,0,0,0,5,0,0,5,1.6937669376693767,4,1,0,0,0,0,0.0,0.0,0,0,0,1,0,3,5,0.6,0,0.600000
K213275,/Users/winko/Library/Mobile Documents/com~apple~CloudDocs/Research/1.5-Policy/data/raw_text/K213275.txt,2770,0,0,0,0,0,0,0,0.0,0,0,0,0,0,0,0,0,0,0.0,0,0,0,0,0.0,0,0,0,0,0,1,1,2,0.7220216606498194,0,0,2,0,0,0,5,0,0,5,1.8050541516245489,5,0,0,0,0,0,0.0,0.0,0,0,0,1,0,0,5,0.0,0,0.000000
K213305,/Users/winko/Library/Mobile Documents/com~apple~CloudDocs/Research/1.5-Policy/data/raw_text/K213305.txt,3581,0,0,0,0,0,0,0,0.0,0,0,0,0,0,0,0,0,0,0.0,0,0,0,0,0.0,0,0,0,0,0,0,0,0,0.0,0,0,0,0,0,0,5,0,0,5,1.3962580284836639,4,1,0,0,0,0,0.0,0.0,0,0,0,1,0,0,5,0.0,0,0.000000
K213307,/Users/winko/Library/Mobile Documents/com~apple~CloudDocs/Research/1.5-Policy/data/raw_text/K213307.txt,2180,0,0,0,0,0,0,0,0.0,0,0,0,0,0,0,0,0,0,0.0,0,0,0,0,0.0,0,0,0,0,0,0,0,0,0.0,0,0,0,0,0,0,6,0,0,6,2.7522935779816518,4,2,0,0,0,0,0.0,0.0,0,0,0,1,0,0,6,0.0,0,0.000000
K213319,/Users/winko/Library/Mobile Documents/com~apple~CloudDocs/Research/1.5-Policy/data/raw_text/K213319.txt,3799,0,0,0,0,0,0,0,0.0,0,0,0,2,0,13,11,0,26,6.843906291129244,0,0,26,0,0.0,0,0,0,0,0,0,2,2,0.5264543300868649,0,0,2,0,0,0,6,0,0,6,1.5793629902605948,6,0,0,0,0,0,0.0,0.0,0,0,0,1,0,26,6,4.333333333333333,0,4.333333
K213353,/Users/winko/Library/Mobile Documents/com~apple~CloudDocs/Research/1.5-Policy/data/raw_text/K213353.txt,3306,0,0,0,0,0,0,0,0.0,0,0,0,9,3,8,5,0,25,7.562008469449486,0,0,25,0,0.0,0,0,0,0,0,0,0,0,0.0,0,0,0,0,0,0,5,0,0,5,1.5124016938898972,4,1,0,0,0,0,0.0,0.0,0,0,0,1,0,25,5,5.0,0,5.000000
K213357,/Users/winko/Library/Mobile Documents/com~apple~CloudDocs/Research/1.5-Policy/data/raw_text/K213357.txt,2933,0,0,0,0,0,0,0,0.0,0,0,0,0,0,5,5,0,10,3.4094783498124785,0,0,10,0,0.0,0,0,0,0,0,1,1,2,0.6818956699624957,0,2,0,0,0,0,5,0,3,8,2.727582679849983,4,2,2,0,0,0,0.0,0.0,0,0,0,1,0,10,8,1.25,0,1.250000
K213409,/Users/winko/Library/Mobile Documents/com~apple~CloudDocs/Research/1.5-Policy/data/raw_text/K213409.txt,2824,0,0,0,0,0,0,0,0.0,0,0,0,0,0,0,0,0,0,0.0,0,0,0,0,0.0,0,0,0,0,0,1,1,2,0.708215297450425,0,0,2,0,0,0,7,0,2,9,3.186968838526912,4,3,2,0,0,0,0.0,0.0,0,0,0,1,0,0,9,0.0,0,0.000000
K213436,/Users/winko/Library/Mobile Documents/com~apple~CloudDocs/Research/1.5-Policy/data/raw_text/K213436.txt,2817,0,0,0,0,0,0,0,0.0,0,0,0,0,0,0,0,0,0,0.0,0,0,0,0,0.0,0,0,0,0,0,0,0,0,0.0,0,0,0,0,0,0,6,0,3,9,3.1948881789137378,5,2,2,0,0,0,0.0,0.0,0,0,0,1,0,0,9,0.0,0,0.000000
K213504,/Users/winko/Library/Mobile Documents/com~apple~CloudDocs/Research/1.5-Policy/data/raw_text/K213504.txt,6439,0,0,0,0,0,0,0,0.0,0,0,0,0,3,2,0,0,5,0.7765180928715638,0,5,0,0,0.0,0,0,0,0,0,0,0,0,0.0,0,0,0,0,0,0,7,0,0,7,1.0871253300201895,4,2,1,0,0,0,0.0,0.0,0,0,0,1,0,5,7,0.7142857142857143,0,0.714286
K213544,/Users/winko/Library/Mobile Documents/com~apple~CloudDocs/Research/1.5-Policy/data/raw_text/K213544.txt,3595,0,0,0,0,0,0,0,0.0,0,0,0,0,0,0,0,0,0,0.0,0,0,0,0,0.0,0,0,0,0,0,0,0,0,0.0,0,0,0,0,0,0,6,0,1,7,1.9471488178025036,5,2,0,0,0,0,0.0,0.0,0,0,0,1,0,0,7,0.0,0,0.000000
K213566,/Users/winko/Library/Mobile Documents/com~apple~CloudDocs/Research/1.5-Policy/data/raw_text/K213566.txt,3206,0,0,0,0,0,1,1,0.3119151590767311,0,1,0,5,0,3,3,0,11,3.4310667498440424,0,8,3,0,0.0,0,0,0,0,2,5,2,9,2.8072364316905802,0,0,9,0,0,0,7,0,0,7,2.1834061135371177,4,3,0,0,0,0,0.0,0.0,0,0,0,1,0,11,7,1.5714285714285714,0,1.571429
K213583,/Users/winko/Library/Mobile Documents/com~apple~CloudDocs/Research/1.5-Policy/data/raw_text/K213583.txt,3333,0,0,0,0,0,0,0,0.0,0,0,0,0,2,0,0,0,2,0.6000600060006,1,1,0,0,0.0,0,0,0,0,0,0,0,0,0.0,0,0,0,0,0,0,8,0,0,8,2.4002400240024,4,4,0,0,0,0,0.0,0.0,0,0,0,1,0,2,8,0.25,0,0.250000
K213603,/Users/winko/Library/Mobile Documents/com~apple~CloudDocs/Research/1.5-Policy/data/raw_text/K213603.txt,1989,0,0,0,0,0,0,0,0.0,0,0,0,0,0,0,0,0,0,0.0,0,0,0,0,0.0,0,0,0,0,0,0,0,0,0.0,0,0,0,0,0,0,4,0,2,6,3.0165912518853695,4,1,1,0,0,0,0.0,0.0,0,0,0,1,0,0,6,0.0,0,0.000000
K213628,/Users/winko/Library/Mobile Documents/com~apple~CloudDocs/Research/1.5-Policy/data/raw_text/K213628.txt,2349,0,0,0,0,0,0,0,0.0,0,0,0,0,0,0,0,0,0,0.0,0,0,0,0,0.0,0,0,0,0,0,0,0,0,0.0,0,0,0,0,0,0,5,0,0,5,2.1285653469561514,4,1,0,0,0,0,0.0,0.0,0,0,0,1,0,0,5,0.0,0,0.000000
K213642,/Users/winko/Library/Mobile Documents/com~apple~CloudDocs/Research/1.5-Policy/data/raw_text/K213642.txt,2443,0,0,0,0,0,0,0,0.0,0,0,0,0,0,0,0,0,0,0.0,0,0,0,0,0.0,0,0,0,0,0,0,0,0,0.0,0,0,0,0,0,0,7,0,0,7,2.865329512893983,4,3,0,0,0,0,0.0,0.0,0,0,0,1,0,0,7,0.0,0,0.000000
K213645,/Users/winko/Library/Mobile Documents/com~apple~CloudDocs/Research/1.5-Policy/data/raw_text/K213645.txt,2011,0,0,0,0,0,1,1,0.49726504226752855,0,1,0,0,2,0,0,0,2,0.9945300845350571,0,0,2,0,0.0,0,0,0,0,0,0,0,0,0.0,0,0,0,0,0,0,6,0,0,6,2.9835902536051715,4,2,0,0,0,0,0.0,0.0,0,0,0,1,0,2,6,0.3333333333333333,0,0.333333
K213657,/Users/winko/Library/Mobile Documents/com~apple~CloudDocs/Research/1.5-Policy/data/raw_text/K213657.txt,2778,0,0,0,0,0,0,0,0.0,0,0,0,0,6,7,7,0,20,7.199424046076314,0,1,19,0,0.0,0,0,0,0,0,0,0,0,0.0,0,0,0,0,0,0,6,0,1,7,2.5197984161267097,4,2,1,0,0,0,0.0,0.0,0,0,0,1,0,20,7,2.857142857142857,0,2.857143
K213668,/Users/winko/Library/Mobile Documents/com~apple~CloudDocs/Research/1.5-Policy/data/raw_text/K213668.txt,2109,0,0,0,0,0,0,0,0.0,0,0,0,0,0,0,0,0,0,0.0,0,0,0,0,0.0,0,0,0,0,0,0,0,0,0.0,0,0,0,0,0,0,4,0,2,6,2.8449502133712663,4,2,0,0,0,0,0.0,0.0,0,0,0,1,0,0,6,0.0,0,0.000000
K213686,/Users/winko/Library/Mobile Documents/com~apple~CloudDocs/Research/1.5-Policy/data/raw_text/K213686.txt,4947,0,0,0,0,0,0,0,0.0,0,0,0,0,0,1,0,0,1,0.20214271275520515,0,0,1,0,0.0,0,0,0,2,1,0,2,5,1.010713563776026,0,3,2,0,0,0,4,0,0,4,0.8085708510208206,4,0,0,1,1,0,1.0,0.0,0,0,0,1,0,1,4,0.25,0,0.250000
K213689,/Users/winko/Library/Mobile Documents/com~apple~CloudDocs/Research/1.5-Policy/data/raw_text/K213689.txt,2134,0,0,0,0,0,0,0,0.0,0,0,0,0,0,0,0,0,0,0.0,0,0,0,0,0.0,0,0,0,0,0,0,0,0,0.0,0,0,0,0,0,0,5,0,0,5,2.3430178069353325,4,1,0,0,0,0,0.0,0.0,0,0,0,1,0,0,5,0.0,0,0.000000
K213693,/Users/winko/Library/Mobile Documents/com~apple~CloudDocs/Research/1.5-Policy/data/raw_text/K213693.txt,3544,0,0,0,0,0,0,0,0.0,0,0,0,0,0,4,0,0,4,1.128668171557562,0,4,0,0,0.0,0,0,0,0,0,0,0,0,0.0,0,0,0,0,0,0,4,0,1,5,1.4108352144469527,4,1,0,0,0,0,0.0,0.0,0,0,0,1,0,4,5,0.8,0,0.800000
K213706,/Users/winko/Library/Mobile Documents/com~apple~CloudDocs/Research/1.5-Policy/data/raw_text/K213706.txt,3791,0,0,0,0,0,3,3,0.7913479293062516,0,2,1,0,4,0,0,0,4,1.0551305724083355,0,0,4,0,0.0,0,0,0,0,0,1,3,4,1.0551305724083355,0,1,3,0,0,0,8,0,0,8,2.110261144816671,8,0,0,0,0,0,0.0,0.0,0,0,0,1,0,4,8,0.5,0,0.500000
K213713,/Users/winko/Library/Mobile Documents/com~apple~CloudDocs/Research/1.5-Policy/data/raw_text/K213713.txt,3304,0,0,0,0,0,0,0,0.0,0,0,0,0,0,1,0,0,1,0.3026634382566586,0,0,1,0,0.0,0,0,0,0,0,0,0,0,0.0,0,0,0,0,0,0,8,0,0,8,2.4213075060532687,4,4,0,0,0,0,0.0,0.0,0,0,0,1,0,1,8,0.125,0,0.125000
K213717,/Users/winko/Library/Mobile Documents/com~apple~CloudDocs/Research/1.5-Policy/data/raw_text/K213717.txt,2195,0,0,0,0,0,0,0,0.0,0,0,0,0,1,0,0,0,1,0.4555808656036447,0,0,1,0,0.0,0,0,0,0,0,0,0,0,0.0,0,0,0,0,0,0,4,0,0,4,1.8223234624145788,4,0,0,0,0,0,0.0,0.0,0,0,0,1,0,1,4,0.25,0,0.250000
K213721,/Users/winko/Library/Mobile Documents/com~apple~CloudDocs/Research/1.5-Policy/data/raw_text/K213721.txt,3504,0,0,0,0,0,0,0,0.0,0,0,0,0,0,2,2,0,4,1.141552511415525,0,0,4,0,0.0,0,0,0,0,0,0,0,0,0.0,0,0,0,0,0,0,6,0,0,6,1.7123287671232876,4,2,0,0,0,0,0.0,0.0,0,0,0,1,0,4,6,0.6666666666666666,0,0.666667
K213725,/Users/winko/Library/Mobile Documents/com~apple~CloudDocs/Research/1.5-Policy/data/raw_text/K213725.txt,2410,0,0,0,0,0,0,0,0.0,0,0,0,0,0,0,0,0,0,0.0,0,0,0,0,0.0,0,0,0,0,0,0,0,0,0.0,0,0,0,0,0,0,8,0,0,8,3.3195020746887964,4,4,0,0,0,0,0.0,0.0,0,0,0,1,0,0,8,0.0,0,0.000000
K213737,/Users/winko/Library/Mobile Documents/com~apple~CloudDocs/Research/1.5-Policy/data/raw_text/K213737.txt,2886,0,0,0,0,0,0,0,0.0,0,0,0,0,0,0,0,0,0,0.0,0,0,0,0,0.0,0,0,0,0,0,0,0,0,0.0,0,0,0,0,0,0,6,0,2,8,2.772002772002772,4,3,1,0,0,0,0.0,0.0,0,0,0,1,0,0,8,0.0,0,0.000000
K213760,/Users/winko/Library/Mobile Documents/com~apple~CloudDocs/Research/1.5-Policy/data/raw_text/K213760.txt,2768,0,0,0,0,0,0,0,0.0,0,0,0,0,0,0,0,0,0,0.0,0,0,0,0,0.0,0,0,0,0,0,2,2,4,1.445086705202312,0,4,0,0,0,0,7,0,0,7,2.5289017341040463,4,3,0,0,0,0,0.0,0.0,0,0,0,1,0,0,7,0.0,0,0.000000
K213776,/Users/winko/Library/Mobile Documents/com~apple~CloudDocs/Research/1.5-Policy/data/raw_text/K213776.txt,3284,0,0,0,0,0,1,1,0.3045066991473812,1,0,0,0,0,0,0,0,0,0.0,0,0,0,0,0.0,0,0,0,0,0,0,0,0,0.0,0,0,0,0,0,0,6,0,0,6,1.8270401948842874,5,1,0,0,0,0,0.0,0.0,0,0,0,1,0,0,6,0.0,0,0.000000
K213779,/Users/winko/Library/Mobile Documents/com~apple~CloudDocs/Research/1.5-Policy/data/raw_text/K213779.txt,1694,0,0,0,0,0,0,0,0.0,0,0,0,0,1,0,0,0,1,0.5903187721369539,0,0,1,0,0.0,0,0,0,0,0,0,0,0,0.0,0,0,0,0,0,0,4,0,0,4,2.3612750885478158,4,0,0,0,0,0,0.0,0.0,0,0,0,1,0,1,4,0.25,0,0.250000
K213794,/Users/winko/Library/Mobile Documents/com~apple~CloudDocs/Research/1.5-Policy/data/raw_text/K213794.txt,3063,0,0,0,0,0,0,0,0.0,0,0,0,0,0,3,2,0,5,1.632386549134835,0,0,5,0,0.0,0,0,0,1,0,0,1,2,0.6529546196539341,0,0,2,0,0,0,6,0,0,6,1.9588638589618022,4,2,0,0,0,0,0.0,0.0,0,0,0,1,0,5,6,0.8333333333333334,0,0.833333
K213795,/Users/winko/Library/Mobile Documents/com~apple~CloudDocs/Research/1.5-Policy/data/raw_text/K213795.txt,2982,0,0,0,0,0,0,0,0.0,0,0,0,0,2,2,0,0,4,1.341381623071764,0,0,4,0,0.0,0,0,0,0,0,0,11,11,3.6887994634473507,0,2,9,0,0,0,5,0,0,5,1.676727028839705,4,1,0,0,0,0,0.0,0.0,0,0,0,1,0,4,5,0.8,0,0.800000
K213857,/Users/winko/Library/Mobile Documents/com~apple~CloudDocs/Research/1.5-Policy/data/raw_text/K213857.txt,2500,0,0,0,0,0,0,0,0.0,0,0,0,0,0,0,0,0,0,0.0,0,0,0,0,0.0,0,0,0,0,0,0,0,0,0.0,0,0,0,0,0,0,7,0,0,7,2.8,4,3,0,0,0,0,0.0,0.0,0,0,0,1,0,0,7,0.0,0,0.000000
K213882,/Users/winko/Library/Mobile Documents/com~apple~CloudDocs/Research/1.5-Policy/data/raw_text/K213882.txt,2889,0,0,0,0,0,0,0,0.0,0,0,0,0,1,5,5,0,11,3.8075458636206303,0,7,4,0,0.0,0,0,0,1,1,0,3,5,1.7307026652821045,0,5,0,0,0,0,7,0,0,7,2.4229837313949463,4,2,1,0,0,0,0.0,0.0,0,0,0,1,0,11,7,1.5714285714285714,0,1.571429
K213886,/Users/winko/Library/Mobile Documents/com~apple~CloudDocs/Research/1.5-Policy/data/raw_text/K213886.txt,3525,0,0,0,0,0,0,0,0.0,0,0,0,0,0,2,2,0,4,1.1347517730496455,0,0,4,0,0.0,0,0,0,0,0,1,6,7,1.9858156028368796,1,2,4,0,0,0,6,0,0,6,1.702127659574468,4,2,0,0,0,0,0.0,0.0,0,0,0,1,0,4,6,0.6666666666666666,0,0.666667
K213938,/Users/winko/Library/Mobile Documents/com~apple~CloudDocs/Research/1.5-Policy/data/raw_text/K213938.txt,2362,0,0,0,0,0,0,0,0.0,0,0,0,0,0,0,0,0,0,0.0,0,0,0,0,0.0,0,0,0,0,0,0,0,0,0.0,0,0,0,0,0,0,6,0,0,6,2.540220152413209,4,2,0,0,0,0,0.0,0.0,0,0,0,1,0,0,6,0.0,0,0.000000
K213941,/Users/winko/Library/Mobile Documents/com~apple~CloudDocs/Research/1.5-Policy/data/raw_text/K213941.txt,2883,0,0,0,0,0,0,0,0.0,0,0,0,2,1,11,11,0,25,8.671522719389525,0,2,23,0,0.0,0,0,0,1,1,0,1,3,1.040582726326743,0,0,3,0,0,0,7,0,3,10,3.46860908775581,5,5,0,0,0,0,0.0,0.0,0,0,0,1,0,25,10,2.5,0,2.500000
K213944,/Users/winko/Library/Mobile Documents/com~apple~CloudDocs/Research/1.5-Policy/data/raw_text/K213944.txt,3267,0,0,0,0,0,1,1,0.3060912151821243,0,1,0,0,0,0,0,0,0,0.0,0,0,0,0,0.0,0,0,0,0,0,0,1,1,0.3060912151821243,0,1,0,0,0,0,7,0,0,7,2.14263850627487,4,3,0,0,0,0,0.0,0.0,0,0,0,1,0,0,7,0.0,0,0.000000
K213960,/Users/winko/Library/Mobile Documents/com~apple~CloudDocs/Research/1.5-Policy/data/raw_text/K213960.txt,4431,0,0,0,0,0,0,0,0.0,0,0,0,0,2,0,0,0,2,0.4513653802753329,1,0,1,0,0.0,0,0,0,0,0,0,0,0,0.0,0,0,0,0,0,0,9,0,1,10,2.256826901376664,9,1,0,0,0,0,0.0,0.0,0,0,0,1,0,2,10,0.2,0,0.200000
K213971,/Users/winko/Library/Mobile Documents/com~apple~CloudDocs/Research/1.5-Policy/data/raw_text/K213971.txt,3709,0,0,0,0,0,1,1,0.26961445133459155,0,0,1,0,4,5,5,0,14,3.7746023186842814,0,0,14,0,0.0,0,0,0,3,1,0,7,11,2.9657589646805067,1,3,7,0,0,0,6,0,0,6,1.6176867080075492,6,0,0,0,0,0,0.0,0.0,0,0,0,1,0,14,6,2.3333333333333335,0,2.333333
K213976,/Users/winko/Library/Mobile Documents/com~apple~CloudDocs/Research/1.5-Policy/data/raw_text/K213976.txt,3814,0,0,0,0,0,0,0,0.0,0,0,0,0,0,0,0,0,0,0.0,0,0,0,0,0.0,0,0,0,0,0,0,0,0,0.0,0,0,0,0,0,0,4,0,0,4,1.048767697954903,4,0,0,0,0,0,0.0,0.0,0,0,0,1,0,0,4,0.0,0,0.000000
K213986,/Users/winko/Library/Mobile Documents/com~apple~CloudDocs/Research/1.5-Policy/data/raw_text/K213986.txt,2357,0,0,0,0,0,0,0,0.0,0,0,0,0,0,0,0,0,0,0.0,0,0,0,0,0.0,0,0,0,0,2,4,4,10,4.2426813746287655,0,0,10,0,0,0,9,0,3,12,5.091217649554518,4,5,3,0,0,0,0.0,0.0,0,0,0,1,0,0,12,0.0,0,0.000000
K213998,/Users/winko/Library/Mobile Documents/com~apple~CloudDocs/Research/1.5-Policy/data/raw_text/K213998.txt,3925,0,0,0,0,0,0,0,0.0,0,0,0,0,2,0,0,0,2,0.5095541401273885,0,0,2,0,0.0,0,0,0,0,0,0,0,0,0.0,0,0,0,0,0,0,6,0,4,10,2.5477707006369426,5,2,3,0,0,0,0.0,0.0,0,0,0,1,0,2,10,0.2,0,0.200000
K213999,/Users/winko/Library/Mobile Documents/com~apple~CloudDocs/Research/1.5-Policy/data/raw_text/K213999.txt,2486,0,0,0,0,0,0,0,0.0,0,0,0,0,1,1,0,0,2,0.8045052292839903,0,0,2,0,0.0,0,0,0,0,0,0,0,0,0.0,0,0,0,0,0,0,5,0,0,5,2.011263073209976,4,1,0,0,0,0,0.0,0.0,0,0,0,1,0,2,5,0.4,0,0.400000
K214019,/Users/winko/Library/Mobile Documents/com~apple~CloudDocs/Research/1.5-Policy/data/raw_text/K214019.txt,2367,0,0,0,0,0,0,0,0.0,0,0,0,0,0,0,0,0,0,0.0,0,0,0,0,0.0,0,0,0,0,0,0,0,0,0.0,0,0,0,0,0,0,10,0,0,10,4.224757076468102,4,6,0,0,0,0,0.0,0.0,0,0,0,1,0,0,10,0.0,0,0.000000
K214036,/Users/winko/Library/Mobile Documents/com~apple~CloudDocs/Research/1.5-Policy/data/raw_text/K214036.txt,4781,0,0,0,0,0,0,0,0.0,0,0,0,0,0,0,0,0,0,0.0,0,0,0,0,0.0,0,0,0,0,0,4,4,8,1.6732901066722443,2,6,0,0,0,0,8,0,5,13,2.719096423342397,10,3,0,0,0,0,0.0,0.0,0,0,0,1,0,0,13,0.0,0,0.000000
K214043,/Users/winko/Library/Mobile Documents/com~apple~CloudDocs/Research/1.5-Policy/data/raw_text/K214043.txt,3221,0,0,0,0,0,0,0,0.0,0,0,0,3,0,3,3,0,9,2.7941633033219495,0,0,9,0,0.0,0,0,0,0,1,1,1,3,0.9313877677739832,0,0,3,0,0,0,6,0,1,7,2.1732381248059607,4,3,0,0,0,0,0.0,0.0,0,0,0,1,0,9,7,1.2857142857142858,0,1.285714
K214081,/Users/winko/Library/Mobile Documents/com~apple~CloudDocs/Research/1.5-Policy/data/raw_text/K214081.txt,3643,0,0,0,0,0,0,0,0.0,0,0,0,0,15,0,0,0,15,4.11748558880044,0,2,13,0,0.0,0,0,0,0,0,0,0,0,0.0,0,0,0,0,0,0,10,0,0,10,2.744990392533626,4,6,0,0,0,0,0.0,0.0,0,0,0,1,0,15,10,1.5,0,1.500000
K220013,/Users/winko/Library/Mobile Documents/com~apple~CloudDocs/Research/1.5-Policy/data/raw_text/K220013.txt,2526,0,0,0,0,0,0,0,0.0,0,0,0,0,0,0,0,0,0,0.0,0,0,0,0,0.0,0,0,0,0,0,0,0,0,0.0,0,0,0,0,0,0,5,0,0,5,1.979414093428345,4,1,0,0,0,0,0.0,0.0,0,0,0,1,0,0,5,0.0,0,0.000000
K220034,/Users/winko/Library/Mobile Documents/com~apple~CloudDocs/Research/1.5-Policy/data/raw_text/K220034.txt,2890,0,0,0,0,0,0,0,0.0,0,0,0,0,2,1,2,0,5,1.7301038062283738,0,1,4,0,0.0,0,0,0,0,0,5,4,9,3.114186851211073,0,5,4,0,0,0,6,0,0,6,2.0761245674740487,4,2,0,0,0,0,0.0,0.0,0,0,0,1,0,5,6,0.8333333333333334,0,0.833333
K220043,/Users/winko/Library/Mobile Documents/com~apple~CloudDocs/Research/1.5-Policy/data/raw_text/K220043.txt,2599,0,0,0,0,0,0,0,0.0,0,0,0,0,0,0,0,0,0,0.0,0,0,0,0,0.0,0,0,0,0,0,0,0,0,0.0,0,0,0,0,0,0,4,0,2,6,2.308580223162755,5,1,0,0,0,0,0.0,0.0,0,0,0,1,0,0,6,0.0,0,0.000000
K220068,/Users/winko/Library/Mobile Documents/com~apple~CloudDocs/Research/1.5-Policy/data/raw_text/K220068.txt,2632,0,0,0,0,0,0,0,0.0,0,0,0,0,0,0,0,0,0,0.0,0,0,0,0,0.0,0,0,0,0,1,2,2,5,1.899696048632219,0,0,5,0,0,0,5,0,1,6,2.2796352583586623,4,2,0,0,0,0,0.0,0.0,0,0,0,1,0,0,6,0.0,0,0.000000
K220080,/Users/winko/Library/Mobile Documents/com~apple~CloudDocs/Research/1.5-Policy/data/raw_text/K220080.txt,2895,0,0,0,0,0,0,0,0.0,0,0,0,0,1,2,2,0,5,1.7271157167530224,0,0,5,0,0.0,0,0,0,1,0,0,2,3,1.0362694300518134,0,0,3,0,0,0,5,0,4,9,3.1088082901554404,6,3,0,0,0,0,0.0,0.0,0,0,0,1,0,5,9,0.5555555555555556,0,0.555556
K220105,/Users/winko/Library/Mobile Documents/com~apple~CloudDocs/Research/1.5-Policy/data/raw_text/K220105.txt,2679,0,0,0,0,0,0,0,0.0,0,0,0,5,0,1,1,0,7,2.6129152668906306,0,0,7,0,0.0,0,0,0,2,0,0,2,4,1.4930944382232176,0,1,3,0,0,0,6,0,0,6,2.2396416573348263,4,2,0,0,0,0,0.0,0.0,0,0,0,1,0,7,6,1.1666666666666667,0,1.166667
K220141,/Users/winko/Library/Mobile Documents/com~apple~CloudDocs/Research/1.5-Policy/data/raw_text/K220141.txt,2157,0,0,0,0,0,0,0,0.0,0,0,0,0,2,0,0,0,2,0.9272137227630969,0,0,2,0,0.0,0,0,0,0,0,0,0,0,0.0,0,0,0,0,0,0,4,0,0,4,1.8544274455261938,4,0,0,0,0,0,0.0,0.0,0,0,0,1,0,2,4,0.5,0,0.500000
K220151,/Users/winko/Library/Mobile Documents/com~apple~CloudDocs/Research/1.5-Policy/data/raw_text/K220151.txt,2612,0,0,0,0,0,0,0,0.0,0,0,0,0,0,0,0,0,0,0.0,0,0,0,0,0.0,0,0,0,0,0,0,0,0,0.0,0,0,0,0,0,0,4,0,1,5,1.9142419601837672,4,1,0,0,0,0,0.0,0.0,0,0,0,1,0,0,5,0.0,0,0.000000
K220164,/Users/winko/Library/Mobile Documents/com~apple~CloudDocs/Research/1.5-Policy/data/raw_text/K220164.txt,3920,0,0,0,0,0,0,0,0.0,0,0,0,15,7,5,5,0,32,8.16326530612245,0,9,23,0,0.0,0,0,0,0,4,6,10,20,5.1020408163265305,0,4,16,0,0,0,5,0,0,5,1.2755102040816326,5,0,0,0,0,0,0.0,0.0,0,0,0,1,0,32,5,6.4,0,6.400000
K220192,/Users/winko/Library/Mobile Documents/com~apple~CloudDocs/Research/1.5-Policy/data/raw_text/K220192.txt,3367,0,0,0,0,0,0,0,0.0,0,0,0,0,0,0,0,0,0,0.0,0,0,0,0,0.0,0,0,0,0,0,0,0,0,0.0,0,0,0,0,0,0,5,0,0,5,1.485001485001485,4,1,0,0,0,0,0.0,0.0,0,0,0,1,0,0,5,0.0,0,0.000000
K220264,/Users/winko/Library/Mobile Documents/com~apple~CloudDocs/Research/1.5-Policy/data/raw_text/K220264.txt,2426,0,0,0,0,0,0,0,0.0,0,0,0,0,0,0,0,0,0,0.0,0,0,0,0,0.0,0,0,0,0,0,0,0,0,0.0,0,0,0,0,0,0,6,0,1,7,2.8854080791426218,4,3,0,0,0,0,0.0,0.0,0,0,0,1,0,0,7,0.0,0,0.000000
K220332,/Users/winko/Library/Mobile Documents/com~apple~CloudDocs/Research/1.5-Policy/data/raw_text/K220332.txt,6065,0,0,0,0,0,0,0,0.0,0,0,0,0,0,0,0,0,0,0.0,0,0,0,0,0.0,0,0,0,1,1,1,3,6,0.9892827699917561,0,0,6,0,0,0,10,0,0,10,1.6488046166529267,9,0,1,0,0,0,0.0,0.0,0,0,0,1,0,0,10,0.0,0,0.000000
K220349,/Users/winko/Library/Mobile Documents/com~apple~CloudDocs/Research/1.5-Policy/data/raw_text/K220349.txt,4000,0,0,0,0,0,0,0,0.0,0,0,0,0,0,0,0,0,0,0.0,0,0,0,0,0.0,0,0,0,0,0,0,0,0,0.0,0,0,0,0,0,0,6,0,0,6,1.5,6,0,0,0,0,0,0.0,0.0,0,0,0,1,0,0,6,0.0,0,0.000000
K220358,/Users/winko/Library/Mobile Documents/com~apple~CloudDocs/Research/1.5-Policy/data/raw_text/K220358.txt,3247,0,0,0,0,0,0,0,0.0,0,0,0,0,7,0,0,0,7,2.1558361564521094,0,0,7,0,0.0,0,0,0,0,3,3,7,13,4.003695719125346,0,0,13,0,0,0,7,0,0,7,2.1558361564521094,4,3,0,0,0,0,0.0,0.0,0,0,0,1,0,7,7,1.0,0,1.000000
K220408,/Users/winko/Library/Mobile Documents/com~apple~CloudDocs/Research/1.5-Policy/data/raw_text/K220408.txt,8524,0,0,0,0,0,0,0,0.0,0,0,0,0,3,0,0,0,3,0.35194744251525106,0,3,0,0,0.0,0,0,0,2,0,1,1,4,0.46926325668700136,0,4,0,0,0,0,7,0,0,7,0.8212106992022524,7,0,0,0,0,0,0.0,0.0,0,0,0,1,0,3,7,0.42857142857142855,0,0.428571
K220416,/Users/winko/Library/Mobile Documents/com~apple~CloudDocs/Research/1.5-Policy/data/raw_text/K220416.txt,2485,0,0,0,0,0,0,0,0.0,0,0,0,0,0,0,0,0,0,0.0,0,0,0,0,0.0,0,0,0,0,0,1,1,2,0.8048289738430583,0,0,2,0,0,0,6,0,0,6,2.414486921529175,4,2,0,0,0,0,0.0,0.0,0,0,0,1,0,0,6,0.0,0,0.000000
K220437,/Users/winko/Library/Mobile Documents/com~apple~CloudDocs/Research/1.5-Policy/data/raw_text/K220437.txt,2838,0,0,0,0,0,0,0,0.0,0,0,0,0,5,0,1,0,6,2.1141649048625792,0,1,5,0,0.0,0,0,0,1,1,3,5,10,3.5236081747709656,0,4,6,0,0,0,5,0,1,6,2.1141649048625792,5,1,0,0,0,0,0.0,0.0,0,0,0,1,0,6,6,1.0,0,1.000000
K220439,/Users/winko/Library/Mobile Documents/com~apple~CloudDocs/Research/1.5-Policy/data/raw_text/K220439.txt,3508,0,0,0,0,0,0,0,0.0,0,0,0,1,0,16,12,0,29,8.266818700114024,0,7,22,0,0.0,0,0,0,0,0,2,2,4,1.1402508551881414,0,0,4,0,0,0,6,0,0,6,1.7103762827822122,4,2,0,0,0,0,0.0,0.0,0,0,0,1,0,29,6,4.833333333333333,0,4.833333
K220446,/Users/winko/Library/Mobile Documents/com~apple~CloudDocs/Research/1.5-Policy/data/raw_text/K220446.txt,2769,0,0,0,0,0,0,0,0.0,0,0,0,0,0,0,0,0,0,0.0,0,0,0,0,0.0,0,0,0,0,0,0,0,0,0.0,0,0,0,0,0,0,9,0,0,9,3.2502708559046587,4,5,0,0,0,0,0.0,0.0,0,0,0,1,0,0,9,0.0,0,0.000000
K220497,/Users/winko/Library/Mobile Documents/com~apple~CloudDocs/Research/1.5-Policy/data/raw_text/K220497.txt,4593,0,0,0,0,0,0,0,0.0,0,0,0,0,3,1,0,0,4,0.8708904855214457,1,0,3,0,0.0,0,0,0,2,0,3,7,12,2.612671456564337,0,7,5,0,0,0,11,0,0,11,2.3949488351839756,11,0,0,0,0,0,0.0,0.0,0,0,0,1,0,4,11,0.36363636363636365,0,0.363636
K220499,/Users/winko/Library/Mobile Documents/com~apple~CloudDocs/Research/1.5-Policy/data/raw_text/K220499.txt,3569,0,0,0,0,0,1,1,0.2801905295601009,0,0,1,0,0,21,22,0,43,12.048192771084338,0,3,40,0,0.0,0,0,0,0,0,4,14,18,5.043429532081816,0,12,6,0,0,0,4,0,0,4,1.1207621182404035,4,0,0,0,0,0,0.0,0.0,0,0,0,1,0,43,4,10.75,0,10.750000
K220575,/Users/winko/Library/Mobile Documents/com~apple~CloudDocs/Research/1.5-Policy/data/raw_text/K220575.txt,2747,0,0,0,0,0,0,0,0.0,0,0,0,0,0,0,0,0,0,0.0,0,0,0,0,0.0,0,0,0,0,0,0,0,0,0.0,0,0,0,0,0,0,4,0,1,5,1.8201674554058973,4,0,1,0,0,0,0.0,0.0,0,0,0,1,0,0,5,0.0,0,0.000000
K220589,/Users/winko/Library/Mobile Documents/com~apple~CloudDocs/Research/1.5-Policy/data/raw_text/K220589.txt,2597,0,0,0,0,0,0,0,0.0,0,0,0,0,0,0,0,0,0,0.0,0,0,0,0,0.0,0,0,0,0,0,0,0,0,0.0,0,0,0,0,0,0,4,0,1,5,1.9252984212552946,4,1,0,0,0,0,0.0,0.0,0,0,0,1,0,0,5,0.0,0,0.000000
K220590,/Users/winko/Library/Mobile Documents/com~apple~CloudDocs/Research/1.5-Policy/data/raw_text/K220590.txt,3188,0,0,0,0,0,0,0,0.0,0,0,0,0,1,0,0,0,1,0.31367628607277287,0,0,1,0,0.0,0,0,0,0,0,0,0,0,0.0,0,0,0,0,0,0,7,0,1,8,2.509410288582183,5,3,0,0,0,0,0.0,0.0,0,0,0,1,0,1,8,0.125,0,0.125000
K220598,/Users/winko/Library/Mobile Documents/com~apple~CloudDocs/Research/1.5-Policy/data/raw_text/K220598.txt,4686,0,0,0,0,0,0,0,0.0,0,0,0,0,1,8,8,0,17,3.627827571489543,0,3,14,0,0.0,0,0,0,2,1,0,0,3,0.6402048655569782,0,0,3,0,0,0,5,0,2,7,1.4938113529662826,5,2,0,0,0,0,0.0,0.0,0,0,0,1,0,17,7,2.4285714285714284,0,2.428571
K220619,/Users/winko/Library/Mobile Documents/com~apple~CloudDocs/Research/1.5-Policy/data/raw_text/K220619.txt,2740,0,0,0,0,0,0,0,0.0,0,0,0,0,1,0,0,0,1,0.36496350364963503,0,0,1,0,0.0,0,0,0,0,1,1,2,4,1.4598540145985401,0,0,4,0,0,0,11,0,2,13,4.744525547445255,5,8,0,0,0,0,0.0,0.0,0,0,0,1,0,1,13,0.07692307692307693,0,0.076923
K220624,/Users/winko/Library/Mobile Documents/com~apple~CloudDocs/Research/1.5-Policy/data/raw_text/K220624.txt,3295,0,0,0,0,0,0,0,0.0,0,0,0,0,2,0,0,0,2,0.6069802731411229,0,2,0,0,0.0,0,0,0,0,0,0,2,2,0.6069802731411229,0,1,1,0,0,0,6,0,0,6,1.820940819423369,4,2,0,0,0,0,0.0,0.0,0,0,0,1,0,2,6,0.3333333333333333,0,0.333333
K220709,/Users/winko/Library/Mobile Documents/com~apple~CloudDocs/Research/1.5-Policy/data/raw_text/K220709.txt,3738,0,0,0,0,0,0,0,0.0,0,0,0,0,0,6,5,0,11,2.9427501337613697,0,0,11,0,0.0,0,0,0,0,0,3,5,8,2.140181915462814,0,0,8,0,0,0,6,0,0,6,1.6051364365971108,6,0,0,1,0,0,0.0,0.0,0,0,0,1,0,11,6,1.8333333333333333,0,1.833333
K220766,/Users/winko/Library/Mobile Documents/com~apple~CloudDocs/Research/1.5-Policy/data/raw_text/K220766.txt,2390,0,0,0,0,0,0,0,0.0,0,0,0,0,0,1,1,0,2,0.8368200836820083,0,0,2,0,0.0,0,0,0,0,0,0,1,1,0.41841004184100417,0,1,0,0,0,0,6,0,0,6,2.510460251046025,4,2,0,0,0,0,0.0,0.0,0,0,0,1,0,2,6,0.3333333333333333,0,0.333333
K220783,/Users/winko/Library/Mobile Documents/com~apple~CloudDocs/Research/1.5-Policy/data/raw_text/K220783.txt,3247,0,0,0,0,0,0,0,0.0,0,0,0,0,0,0,0,0,0,0.0,0,0,0,0,0.0,0,0,0,0,0,0,1,1,0.3079765937788728,0,0,1,0,0,0,10,0,0,10,3.079765937788728,4,6,0,0,0,0,0.0,0.0,0,0,0,1,0,0,10,0.0,0,0.000000
K220786,/Users/winko/Library/Mobile Documents/com~apple~CloudDocs/Research/1.5-Policy/data/raw_text/K220786.txt,3955,0,0,0,0,0,4,4,1.011378002528445,0,1,3,0,0,0,0,0,0,0.0,0,0,0,0,0.0,0,0,0,0,0,0,0,0,0.0,0,0,0,0,0,0,5,0,2,7,1.7699115044247788,5,2,0,0,0,0,0.0,0.0,0,0,0,1,0,0,7,0.0,0,0.000000
K220800,/Users/winko/Library/Mobile Documents/com~apple~CloudDocs/Research/1.5-Policy/data/raw_text/K220800.txt,3252,0,0,0,0,0,0,0,0.0,0,0,0,0,7,0,0,0,7,2.152521525215252,0,0,7,0,0.0,0,0,0,0,1,2,2,5,1.5375153751537516,0,0,5,0,0,0,12,0,0,12,3.6900369003690034,5,7,0,0,0,0,0.0,0.0,0,0,0,1,0,7,12,0.5833333333333334,0,0.583333
K220813,/Users/winko/Library/Mobile Documents/com~apple~CloudDocs/Research/1.5-Policy/data/raw_text/K220813.txt,11148,0,0,0,0,0,0,0,0.0,0,0,0,0,0,0,0,0,0,0.0,0,0,0,0,0.0,0,0,0,0,5,12,13,30,2.691065662002153,0,0,30,0,0,0,6,0,1,7,0.6279153211338357,7,0,0,0,0,0,0.0,0.0,0,0,0,1,0,0,7,0.0,0,0.000000
K220815,/Users/winko/Library/Mobile Documents/com~apple~CloudDocs/Research/1.5-Policy/data/raw_text/K220815.txt,2063,0,0,0,0,0,0,0,0.0,0,0,0,0,1,0,0,0,1,0.4847309743092584,0,0,1,0,0.0,0,0,0,0,0,1,1,2,0.9694619486185168,0,0,2,0,0,0,6,0,1,7,3.3931168201648085,4,3,0,0,0,0,0.0,0.0,0,0,0,1,0,1,7,0.14285714285714285,0,0.142857
K220848,/Users/winko/Library/Mobile Documents/com~apple~CloudDocs/Research/1.5-Policy/data/raw_text/K220848.txt,3259,0,0,0,0,0,0,0,0.0,0,0,0,0,7,0,0,0,7,2.1478981282602025,0,0,7,0,0.0,0,0,0,0,1,2,2,5,1.5342129487572875,0,0,5,0,0,0,12,0,0,12,3.68211107701749,5,7,0,0,0,0,0.0,0.0,0,0,0,1,0,7,12,0.5833333333333334,0,0.583333
K220851,/Users/winko/Library/Mobile Documents/com~apple~CloudDocs/Research/1.5-Policy/data/raw_text/K220851.txt,3298,0,0,0,0,0,0,0,0.0,0,0,0,0,7,0,0,0,7,2.1224984839296543,0,0,7,0,0.0,0,0,0,0,1,2,2,5,1.5160703456640388,0,0,5,0,0,0,12,0,0,12,3.638568829593693,5,7,0,0,0,0,0.0,0.0,0,0,0,1,0,7,12,0.5833333333333334,0,0.583333
K220882,/Users/winko/Library/Mobile Documents/com~apple~CloudDocs/Research/1.5-Policy/data/raw_text/K220882.txt,2468,0,0,0,0,0,0,0,0.0,0,0,0,0,1,0,0,0,1,0.4051863857374392,0,0,1,0,0.0,0,0,0,0,1,1,2,4,1.6207455429497568,0,0,4,0,0,0,11,0,1,12,4.862236628849271,4,8,0,0,0,0,0.0,0.0,0,0,0,1,0,1,12,0.08333333333333333,0,0.083333
K220899,/Users/winko/Library/Mobile Documents/com~apple~CloudDocs/Research/1.5-Policy/data/raw_text/K220899.txt,3451,0,0,0,0,0,0,0,0.0,0,0,0,0,5,0,0,0,5,1.4488554042306578,0,1,4,0,0.0,0,0,0,0,0,0,4,4,1.1590843233845263,2,0,2,0,0,0,4,0,1,5,1.4488554042306578,4,1,0,0,0,0,0.0,0.0,0,0,0,1,0,5,5,1.0,0,1.000000
K220928,/Users/winko/Library/Mobile Documents/com~apple~CloudDocs/Research/1.5-Policy/data/raw_text/K220928.txt,3096,0,0,0,0,0,1,1,0.32299741602067183,0,1,0,6,0,8,7,0,21,6.782945736434108,0,1,20,0,0.0,0,0,0,0,0,2,4,6,1.937984496124031,0,2,4,0,0,0,6,0,0,6,1.937984496124031,4,2,0,0,0,0,0.0,0.0,0,0,0,1,0,21,6,3.5,0,3.500000
K220939,/Users/winko/Library/Mobile Documents/com~apple~CloudDocs/Research/1.5-Policy/data/raw_text/K220939.txt,3671,0,0,0,0,0,0,0,0.0,0,0,0,0,0,2,0,0,2,0.5448106782892945,0,2,0,0,0.0,0,0,0,0,0,0,0,0,0.0,0,0,0,0,0,0,4,0,1,5,1.362026695723236,4,0,1,0,0,0,0.0,0.0,0,0,0,1,0,2,5,0.4,0,0.400000
K220940,/Users/winko/Library/Mobile Documents/com~apple~CloudDocs/Research/1.5-Policy/data/raw_text/K220940.txt,2333,0,0,0,0,0,0,0,0.0,0,0,0,0,1,0,0,0,1,0.4286326618088298,0,0,1,0,0.0,0,0,0,0,1,1,2,4,1.7145306472353192,0,0,4,0,0,0,9,0,0,9,3.8576939562794683,4,5,0,0,0,0,0.0,0.0,0,0,0,1,0,1,9,0.1111111111111111,0,0.111111
K220956,/Users/winko/Library/Mobile Documents/com~apple~CloudDocs/Research/1.5-Policy/data/raw_text/K220956.txt,2534,0,0,0,0,0,0,0,0.0,0,0,0,0,3,1,1,0,5,1.973164956590371,0,0,5,0,0.0,0,0,0,0,0,0,0,0,0.0,0,0,0,0,0,0,6,0,0,6,2.3677979479084454,4,2,0,0,0,0,0.0,0.0,0,0,0,1,0,5,6,0.8333333333333334,0,0.833333
K220961,/Users/winko/Library/Mobile Documents/com~apple~CloudDocs/Research/1.5-Policy/data/raw_text/K220961.txt,2243,0,0,0,0,0,0,0,0.0,0,0,0,0,0,0,0,0,0,0.0,0,0,0,0,0.0,0,0,0,0,0,0,0,0,0.0,0,0,0,0,0,0,5,0,1,6,2.6749888542131073,4,1,1,0,0,0,0.0,0.0,0,0,0,1,0,0,6,0.0,0,0.000000
K220975,/Users/winko/Library/Mobile Documents/com~apple~CloudDocs/Research/1.5-Policy/data/raw_text/K220975.txt,2665,0,0,0,0,0,0,0,0.0,0,0,0,0,4,0,0,0,4,1.5009380863039399,0,0,4,0,0.0,0,0,0,0,1,0,2,3,1.125703564727955,0,0,3,0,0,0,6,0,2,8,3.0018761726078798,5,3,0,1,0,0,0.0,0.0,0,0,0,1,0,4,8,0.5,0,0.500000
K220986,/Users/winko/Library/Mobile Documents/com~apple~CloudDocs/Research/1.5-Policy/data/raw_text/K220986.txt,2767,0,0,0,0,0,0,0,0.0,0,0,0,0,2,2,0,0,4,1.4456089627755693,0,0,4,0,0.0,0,0,0,0,0,0,0,0,0.0,0,0,0,0,0,0,6,0,0,6,2.168413444163354,4,2,0,0,0,0,0.0,0.0,0,0,0,1,0,4,6,0.6666666666666666,0,0.666667
K221100,/Users/winko/Library/Mobile Documents/com~apple~CloudDocs/Research/1.5-Policy/data/raw_text/K221100.txt,2237,0,0,0,0,0,0,0,0.0,0,0,0,0,0,0,0,0,0,0.0,0,0,0,0,0.0,0,0,0,0,0,1,1,2,0.894054537326777,0,0,2,0,0,0,7,0,0,7,3.129190880643719,4,2,1,0,0,0,0.0,0.0,0,0,0,1,0,0,7,0.0,0,0.000000
K221106,/Users/winko/Library/Mobile Documents/com~apple~CloudDocs/Research/1.5-Policy/data/raw_text/K221106.txt,2193,0,0,0,0,0,0,0,0.0,0,0,0,0,0,0,0,0,0,0.0,0,0,0,0,0.0,0,0,0,0,0,0,0,0,0.0,0,0,0,0,0,0,6,0,2,8,3.64797081623347,4,2,2,0,0,0,0.0,0.0,0,0,0,1,0,0,8,0.0,0,0.000000
K221147,/Users/winko/Library/Mobile Documents/com~apple~CloudDocs/Research/1.5-Policy/data/raw_text/K221147.txt,3024,0,0,0,0,0,0,0,0.0,0,0,0,0,1,0,0,0,1,0.3306878306878307,0,0,1,0,0.0,0,0,0,0,1,1,2,4,1.3227513227513228,0,0,4,0,0,0,9,0,2,11,3.6375661375661372,5,6,0,0,0,0,0.0,0.0,0,0,0,1,0,1,11,0.09090909090909091,0,0.090909
K221148,/Users/winko/Library/Mobile Documents/com~apple~CloudDocs/Research/1.5-Policy/data/raw_text/K221148.txt,2898,0,0,0,0,0,0,0,0.0,0,0,0,0,1,0,0,0,1,0.3450655624568668,0,0,1,0,0.0,0,0,0,0,1,1,2,4,1.3802622498274673,0,0,4,0,0,0,9,0,2,11,3.795721187025535,5,6,0,0,0,0,0.0,0.0,0,0,0,1,0,1,11,0.09090909090909091,0,0.090909
K221179,/Users/winko/Library/Mobile Documents/com~apple~CloudDocs/Research/1.5-Policy/data/raw_text/K221179.txt,3726,0,0,0,0,0,0,0,0.0,0,0,0,0,1,0,0,0,1,0.2683843263553409,0,1,0,0,0.0,0,0,0,1,1,0,3,5,1.3419216317767044,0,3,2,0,0,0,5,0,4,9,2.4154589371980677,6,3,0,0,0,0,0.0,0.0,0,0,0,1,0,1,9,0.1111111111111111,0,0.111111
K221183,/Users/winko/Library/Mobile Documents/com~apple~CloudDocs/Research/1.5-Policy/data/raw_text/K221183.txt,5291,0,0,0,0,0,0,0,0.0,0,0,0,0,0,22,22,0,44,8.316008316008316,0,34,10,0,0.0,0,0,0,1,1,0,3,5,0.945000945000945,0,5,0,0,0,0,8,0,4,12,2.268002268002268,5,0,7,0,0,0,0.0,0.0,0,0,0,1,0,44,12,3.6666666666666665,0,3.666667
K221203,/Users/winko/Library/Mobile Documents/com~apple~CloudDocs/Research/1.5-Policy/data/raw_text/K221203.txt,1653,0,0,0,0,0,0,0,0.0,0,0,0,0,0,0,0,0,0,0.0,0,0,0,0,0.0,0,0,0,0,0,0,0,0,0.0,0,0,0,0,0,0,4,0,0,4,2.419842710223836,4,0,0,0,0,0,0.0,0.0,0,0,0,1,0,0,4,0.0,0,0.000000
K221219,/Users/winko/Library/Mobile Documents/com~apple~CloudDocs/Research/1.5-Policy/data/raw_text/K221219.txt,2750,0,0,0,0,0,0,0,0.0,0,0,0,0,0,0,0,0,0,0.0,0,0,0,0,0.0,0,0,0,0,0,0,1,1,0.3636363636363636,0,0,1,0,0,0,8,0,0,8,2.9090909090909087,4,4,0,0,0,0,0.0,0.0,0,0,0,1,0,0,8,0.0,0,0.000000
K221240,/Users/winko/Library/Mobile Documents/com~apple~CloudDocs/Research/1.5-Policy/data/raw_text/K221240.txt,3279,0,0,0,0,0,0,0,0.0,0,0,0,0,0,3,3,0,6,1.8298261665141813,0,0,6,0,0.0,0,0,0,1,0,2,4,7,2.1347971942665445,0,0,7,0,0,0,6,0,0,6,1.8298261665141813,4,2,0,0,0,0,0.0,0.0,0,0,0,1,0,6,6,1.0,0,1.000000
K221241,/Users/winko/Library/Mobile Documents/com~apple~CloudDocs/Research/1.5-Policy/data/raw_text/K221241.txt,3411,0,0,0,0,0,0,0,0.0,0,0,0,6,0,6,6,0,18,5.277044854881266,0,0,18,0,0.0,0,0,0,0,2,0,7,9,2.638522427440633,0,1,8,0,0,0,5,0,4,9,2.638522427440633,6,3,0,0,0,0,0.0,0.0,0,0,0,1,0,18,9,2.0,0,2.000000
K221248,/Users/winko/Library/Mobile Documents/com~apple~CloudDocs/Research/1.5-Policy/data/raw_text/K221248.txt,3125,0,0,0,0,0,1,1,0.32,0,0,1,1,0,1,1,0,3,0.9600000000000001,0,0,3,0,0.0,0,0,0,0,0,1,2,3,0.9600000000000001,0,0,3,0,0,0,4,0,0,4,1.28,4,0,0,0,0,0,0.0,0.0,0,0,0,1,0,3,4,0.75,0,0.750000
K221305,/Users/winko/Library/Mobile Documents/com~apple~CloudDocs/Research/1.5-Policy/data/raw_text/K221305.txt,4925,0,0,0,0,0,0,0,0.0,0,0,0,0,1,0,0,0,1,0.20304568527918782,0,0,1,0,0.0,0,0,0,0,0,1,2,3,0.6091370558375635,0,0,3,0,0,0,13,0,0,13,2.6395939086294415,10,0,3,0,0,0,0.0,0.0,0,0,0,1,0,1,13,0.07692307692307693,0,0.076923
K221309,/Users/winko/Library/Mobile Documents/com~apple~CloudDocs/Research/1.5-Policy/data/raw_text/K221309.txt,5270,0,0,0,0,0,0,0,0.0,0,0,0,0,1,9,9,0,19,3.6053130929791273,0,0,19,0,0.0,0,0,0,0,0,0,1,1,0.18975332068311196,0,0,1,0,0,0,8,0,0,8,1.5180265654648957,5,1,2,0,0,0,0.0,0.0,0,0,0,1,0,19,8,2.375,0,2.375000
K221314,/Users/winko/Library/Mobile Documents/com~apple~CloudDocs/Research/1.5-Policy/data/raw_text/K221314.txt,3331,0,0,0,0,0,0,0,0.0,0,0,0,0,0,2,2,0,4,1.2008405884118882,0,0,4,0,0.0,0,0,0,0,0,3,5,8,2.4016811768237765,0,0,8,0,0,0,6,0,0,6,1.8012608826178325,4,2,0,0,0,0,0.0,0.0,0,0,0,1,0,4,6,0.6666666666666666,0,0.666667
K221330,/Users/winko/Library/Mobile Documents/com~apple~CloudDocs/Research/1.5-Policy/data/raw_text/K221330.txt,4278,0,0,0,0,0,0,0,0.0,0,0,0,0,0,3,3,0,6,1.402524544179523,0,0,6,0,0.0,0,0,0,0,0,4,5,9,2.1037868162692845,0,0,9,0,0,0,6,0,0,6,1.402524544179523,6,0,0,0,0,0,0.0,0.0,0,0,0,1,0,6,6,1.0,0,1.000000
K221347,/Users/winko/Library/Mobile Documents/com~apple~CloudDocs/Research/1.5-Policy/data/raw_text/K221347.txt,2770,0,0,0,0,0,0,0,0.0,0,0,0,1,2,3,0,0,6,2.1660649819494586,0,0,6,0,0.0,0,0,0,0,0,0,1,1,0.3610108303249097,0,0,1,0,0,0,6,0,0,6,2.1660649819494586,4,2,0,0,0,0,0.0,0.0,0,0,0,1,0,6,6,1.0,0,1.000000
K221393,/Users/winko/Library/Mobile Documents/com~apple~CloudDocs/Research/1.5-Policy/data/raw_text/K221393.txt,2107,0,0,0,0,0,0,0,0.0,0,0,0,0,0,0,0,0,0,0.0,0,0,0,0,0.0,0,0,0,0,0,0,0,0,0.0,0,0,0,0,0,0,6,0,1,7,3.3222591362126246,4,3,0,0,0,0,0.0,0.0,0,0,0,1,0,0,7,0.0,0,0.000000
K221432,/Users/winko/Library/Mobile Documents/com~apple~CloudDocs/Research/1.5-Policy/data/raw_text/K221432.txt,1953,0,0,0,0,0,0,0,0.0,0,0,0,0,1,0,0,0,1,0.5120327700972862,0,0,1,0,0.0,0,0,0,0,0,0,1,1,0.5120327700972862,0,0,1,0,0,0,4,0,0,4,2.048131080389145,4,0,0,0,0,0,0.0,0.0,0,0,0,1,0,1,4,0.25,0,0.250000
K221449,/Users/winko/Library/Mobile Documents/com~apple~CloudDocs/Research/1.5-Policy/data/raw_text/K221449.txt,3216,0,0,0,0,0,0,0,0.0,0,0,0,0,1,2,4,0,7,2.1766169154228856,0,0,7,0,0.0,0,0,0,0,0,0,1,1,0.31094527363184077,0,0,1,0,0,0,9,0,0,9,2.798507462686567,4,5,0,0,0,0,0.0,0.0,0,0,0,1,0,7,9,0.7777777777777778,0,0.777778
K221456,/Users/winko/Library/Mobile Documents/com~apple~CloudDocs/Research/1.5-Policy/data/raw_text/K221456.txt,3570,0,0,0,0,0,0,0,0.0,0,0,0,1,0,31,27,0,59,16.526610644257705,0,5,54,0,0.0,0,0,0,0,0,2,5,7,1.9607843137254901,0,0,7,0,0,0,4,0,0,4,1.1204481792717087,4,0,0,0,0,0,0.0,0.0,0,0,0,1,0,59,4,14.75,0,14.750000
K221463,/Users/winko/Library/Mobile Documents/com~apple~CloudDocs/Research/1.5-Policy/data/raw_text/K221463.txt,2767,0,0,0,0,0,0,0,0.0,0,0,0,0,0,0,0,0,0,0.0,0,0,0,0,0.0,0,0,0,0,0,0,0,0,0.0,0,0,0,0,0,0,5,0,0,5,1.8070112034694614,4,1,0,0,0,0,0.0,0.0,0,0,0,1,0,0,5,0.0,0,0.000000
K221552,/Users/winko/Library/Mobile Documents/com~apple~CloudDocs/Research/1.5-Policy/data/raw_text/K221552.txt,2703,0,0,0,0,0,0,0,0.0,0,0,0,1,0,4,4,0,9,3.329633740288568,0,0,9,0,0.0,0,0,0,0,0,1,5,6,2.2197558268590454,1,2,3,0,0,0,6,0,5,11,4.069552349241583,5,6,0,1,0,0,0.0,0.0,0,0,0,1,0,9,11,0.8181818181818182,0,0.818182
K221564,/Users/winko/Library/Mobile Documents/com~apple~CloudDocs/Research/1.5-Policy/data/raw_text/K221564.txt,6808,0,0,0,0,0,2,2,0.2937720329024677,0,2,0,7,5,4,3,0,19,2.790834312573443,0,0,19,0,0.0,0,0,0,0,0,0,4,4,0.5875440658049353,0,1,3,0,0,0,5,0,3,8,1.1750881316098707,5,3,0,3,0,0,0.0,0.0,0,0,0,1,0,19,8,2.375,0,2.375000
K221592,/Users/winko/Library/Mobile Documents/com~apple~CloudDocs/Research/1.5-Policy/data/raw_text/K221592.txt,4566,0,0,0,0,0,0,0,0.0,0,0,0,3,0,6,3,0,12,2.628120893561104,0,0,12,0,0.0,0,0,0,0,0,2,1,3,0.657030223390276,0,2,1,0,0,0,8,0,2,10,2.190100744634253,8,2,0,0,0,0,0.0,0.0,0,0,0,1,0,12,10,1.2,0,1.200000
K221599,/Users/winko/Library/Mobile Documents/com~apple~CloudDocs/Research/1.5-Policy/data/raw_text/K221599.txt,3082,0,0,0,0,0,0,0,0.0,0,0,0,0,4,0,0,0,4,1.2978585334198571,0,0,4,0,0.0,0,0,0,0,2,1,5,8,2.5957170668397143,0,0,8,0,0,0,4,0,2,6,1.946787800129786,5,1,0,1,0,0,0.0,0.0,0,0,0,1,0,4,6,0.6666666666666666,0,0.666667
K221624,/Users/winko/Library/Mobile Documents/com~apple~CloudDocs/Research/1.5-Policy/data/raw_text/K221624.txt,4474,0,0,0,0,0,0,0,0.0,0,0,0,0,2,1,1,0,4,0.894054537326777,0,4,0,0,0.0,0,0,0,0,0,0,0,0,0.0,0,0,0,0,0,0,4,0,0,4,0.894054537326777,4,0,0,0,0,0,0.0,0.0,0,0,0,1,0,4,4,1.0,0,1.000000
K221632,/Users/winko/Library/Mobile Documents/com~apple~CloudDocs/Research/1.5-Policy/data/raw_text/K221632.txt,1982,0,0,0,0,0,0,0,0.0,0,0,0,0,0,0,0,0,0,0.0,0,0,0,0,0.0,0,0,0,0,0,0,2,2,1.0090817356205852,0,1,1,0,0,0,4,0,0,4,2.0181634712411705,4,0,0,0,0,0,0.0,0.0,0,0,0,1,0,0,4,0.0,0,0.000000
K221680,/Users/winko/Library/Mobile Documents/com~apple~CloudDocs/Research/1.5-Policy/data/raw_text/K221680.txt,3695,0,0,0,0,0,0,0,0.0,0,0,0,0,0,0,0,0,0,0.0,0,0,0,0,0.0,0,0,0,0,0,0,0,0,0.0,0,0,0,0,0,0,5,0,0,5,1.3531799729364007,4,1,0,0,0,0,0.0,0.0,0,0,0,1,0,0,5,0.0,0,0.000000
K221706,/Users/winko/Library/Mobile Documents/com~apple~CloudDocs/Research/1.5-Policy/data/raw_text/K221706.txt,2662,0,0,0,0,0,0,0,0.0,0,0,0,0,1,0,0,0,1,0.3756574004507889,0,0,1,0,0.0,0,0,0,0,0,0,0,0,0.0,0,0,0,0,0,0,5,0,0,5,1.8782870022539444,5,0,0,0,0,0,0.0,0.0,0,0,0,1,0,1,5,0.2,0,0.200000
K221716,/Users/winko/Library/Mobile Documents/com~apple~CloudDocs/Research/1.5-Policy/data/raw_text/K221716.txt,3873,0,0,0,0,0,0,0,0.0,0,0,0,2,1,3,3,0,9,2.3237800154918666,0,0,9,0,0.0,0,0,0,0,0,0,1,1,0.2581977794990963,0,0,1,0,0,0,6,0,0,6,1.549186676994578,5,1,0,0,0,0,0.0,0.0,0,0,0,1,0,9,6,1.5,0,1.500000
K221727,/Users/winko/Library/Mobile Documents/com~apple~CloudDocs/Research/1.5-Policy/data/raw_text/K221727.txt,2391,0,0,0,0,0,0,0,0.0,0,0,0,0,0,0,0,0,0,0.0,0,0,0,0,0.0,0,0,0,0,0,0,0,0,0.0,0,0,0,0,0,0,8,0,0,8,3.345880384776244,4,4,0,0,0,0,0.0,0.0,0,0,0,1,0,0,8,0.0,0,0.000000
K221733,/Users/winko/Library/Mobile Documents/com~apple~CloudDocs/Research/1.5-Policy/data/raw_text/K221733.txt,2408,0,0,0,0,0,0,0,0.0,0,0,0,0,0,0,0,0,0,0.0,0,0,0,0,0.0,0,0,0,0,0,0,0,0,0.0,0,0,0,0,0,0,4,0,1,5,2.0764119601328903,4,1,0,0,0,0,0.0,0.0,0,0,0,1,0,0,5,0.0,0,0.000000
K221738,/Users/winko/Library/Mobile Documents/com~apple~CloudDocs/Research/1.5-Policy/data/raw_text/K221738.txt,1953,0,0,0,0,0,0,0,0.0,0,0,0,0,0,0,0,0,0,0.0,0,0,0,0,0.0,0,0,0,0,0,0,3,3,1.5360983102918586,0,2,1,0,0,0,6,0,0,6,3.0721966205837172,4,2,0,0,0,0,0.0,0.0,0,0,0,1,0,0,6,0.0,0,0.000000
K221762,/Users/winko/Library/Mobile Documents/com~apple~CloudDocs/Research/1.5-Policy/data/raw_text/K221762.txt,2720,0,0,0,0,0,0,0,0.0,0,0,0,0,4,0,0,0,4,1.4705882352941175,0,0,4,0,0.0,0,0,0,0,1,1,1,3,1.1029411764705883,0,0,3,0,0,0,6,0,0,6,2.2058823529411766,4,2,0,0,0,0,0.0,0.0,0,0,0,1,0,4,6,0.6666666666666666,0,0.666667
K221772,/Users/winko/Library/Mobile Documents/com~apple~CloudDocs/Research/1.5-Policy/data/raw_text/K221772.txt,2345,0,0,0,0,0,0,0,0.0,0,0,0,0,0,4,4,0,8,3.411513859275053,0,2,6,0,0.0,0,0,0,0,0,0,6,6,2.55863539445629,1,1,4,0,0,0,6,0,2,8,3.411513859275053,4,2,2,0,0,0,0.0,0.0,0,0,0,1,0,8,8,1.0,0,1.000000
K221868,/Users/winko/Library/Mobile Documents/com~apple~CloudDocs/Research/1.5-Policy/data/raw_text/K221868.txt,3249,0,0,0,0,1,0,1,0.3077870113881194,0,0,1,4,1,4,4,0,13,4.0012311480455525,0,1,12,0,0.0,0,0,0,2,2,3,7,14,4.309018159433672,0,2,12,0,0,0,8,0,1,9,2.770083102493075,5,4,0,0,0,0,0.0,0.0,0,0,0,1,0,13,9,1.4444444444444444,0,1.444444
K221892,/Users/winko/Library/Mobile Documents/com~apple~CloudDocs/Research/1.5-Policy/data/raw_text/K221892.txt,2895,0,0,0,0,0,0,0,0.0,0,0,0,0,2,0,0,0,2,0.690846286701209,0,0,2,0,0.0,0,0,0,0,1,0,0,1,0.3454231433506045,0,1,0,0,0,0,6,0,0,6,2.0725388601036268,5,0,1,0,0,0,0.0,0.0,0,0,0,1,0,2,6,0.3333333333333333,0,0.333333
K221921,/Users/winko/Library/Mobile Documents/com~apple~CloudDocs/Research/1.5-Policy/data/raw_text/K221921.txt,3760,0,0,0,0,0,0,0,0.0,0,0,0,4,1,4,1,0,10,2.6595744680851063,0,0,10,0,0.0,0,0,0,0,0,0,10,10,2.6595744680851063,1,6,3,0,0,0,8,0,0,8,2.127659574468085,7,1,0,0,0,0,0.0,0.0,0,0,0,1,0,10,8,1.25,0,1.250000
K221923,/Users/winko/Library/Mobile Documents/com~apple~CloudDocs/Research/1.5-Policy/data/raw_text/K221923.txt,2088,0,0,0,0,0,0,0,0.0,0,0,0,0,0,0,0,0,0,0.0,0,0,0,0,0.0,0,0,0,0,0,0,0,0,0.0,0,0,0,0,0,0,6,0,1,7,3.352490421455939,4,3,0,0,0,0,0.0,0.0,0,0,0,1,0,0,7,0.0,0,0.000000
K221962,/Users/winko/Library/Mobile Documents/com~apple~CloudDocs/Research/1.5-Policy/data/raw_text/K221962.txt,2125,0,0,0,0,0,0,0,0.0,0,0,0,0,0,0,0,0,0,0.0,0,0,0,0,0.0,0,0,0,0,0,0,0,0,0.0,0,0,0,0,0,0,6,0,0,6,2.823529411764706,4,2,0,0,0,0,0.0,0.0,0,0,0,1,0,0,6,0.0,0,0.000000
K222036,/Users/winko/Library/Mobile Documents/com~apple~CloudDocs/Research/1.5-Policy/data/raw_text/K222036.txt,3577,0,0,0,0,0,0,0,0.0,0,0,0,0,1,0,0,0,1,0.2795638803466592,0,0,1,0,0.0,0,0,0,0,0,0,0,0,0.0,0,0,0,0,0,0,7,0,0,7,1.9569471624266144,5,2,0,0,0,0,0.0,0.0,0,0,0,1,0,1,7,0.14285714285714285,0,0.142857
K222070,/Users/winko/Library/Mobile Documents/com~apple~CloudDocs/Research/1.5-Policy/data/raw_text/K222070.txt,5803,0,0,0,0,0,0,0,0.0,0,0,0,0,0,0,0,0,0,0.0,0,0,0,0,0.0,0,0,0,0,0,0,0,0,0.0,0,0,0,0,0,0,8,0,1,9,1.5509219369291745,7,1,1,0,0,0,0.0,0.0,0,0,0,1,0,0,9,0.0,0,0.000000
K222076,/Users/winko/Library/Mobile Documents/com~apple~CloudDocs/Research/1.5-Policy/data/raw_text/K222076.txt,2960,0,0,0,0,0,0,0,0.0,0,0,0,4,0,4,4,0,12,4.054054054054054,0,0,12,0,0.0,0,0,0,0,0,1,4,5,1.6891891891891893,1,2,2,0,0,0,6,0,5,11,3.7162162162162162,5,6,0,1,0,0,0.0,0.0,0,0,0,1,0,12,11,1.0909090909090908,0,1.090909
K222172,/Users/winko/Library/Mobile Documents/com~apple~CloudDocs/Research/1.5-Policy/data/raw_text/K222172.txt,2427,0,0,0,0,0,0,0,0.0,0,0,0,0,0,0,0,0,0,0.0,0,0,0,0,0.0,0,0,0,0,0,0,0,0,0.0,0,0,0,0,0,0,10,0,1,11,4.532344458178822,4,7,0,0,0,0,0.0,0.0,0,0,0,1,0,0,11,0.0,0,0.000000
K222174,/Users/winko/Library/Mobile Documents/com~apple~CloudDocs/Research/1.5-Policy/data/raw_text/K222174.txt,2698,0,0,0,0,0,0,0,0.0,0,0,0,0,0,4,1,0,5,1.8532246108228316,0,0,5,0,0.0,0,0,0,0,0,0,3,3,1.111934766493699,1,2,0,0,0,0,7,0,1,8,2.965159377316531,4,2,2,0,0,0,0.0,0.0,0,0,0,1,0,5,8,0.625,0,0.625000
K222176,/Users/winko/Library/Mobile Documents/com~apple~CloudDocs/Research/1.5-Policy/data/raw_text/K222176.txt,5897,0,0,0,0,0,0,0,0.0,0,0,0,0,3,45,44,0,92,15.601153128709512,5,36,51,0,0.0,0,0,0,0,0,0,9,9,1.526199762591148,1,6,2,0,0,0,5,0,0,5,0.8478887569950823,5,0,0,4,0,0,0.0,0.0,0,0,0,1,0,92,5,18.4,0,18.400000
K222179,/Users/winko/Library/Mobile Documents/com~apple~CloudDocs/Research/1.5-Policy/data/raw_text/K222179.txt,2991,0,0,0,0,0,1,1,0.33433634236041454,0,0,1,1,0,2,4,0,7,2.340354396522902,1,1,5,0,0.0,0,0,0,1,1,1,1,4,1.3373453694416582,0,0,4,0,0,0,7,0,4,11,3.6776997659645603,5,5,1,0,0,0,0.0,0.0,0,0,0,1,0,7,11,0.6363636363636364,0,0.636364
K222268,/Users/winko/Library/Mobile Documents/com~apple~CloudDocs/Research/1.5-Policy/data/raw_text/K222268.txt,2750,0,0,0,0,0,1,1,0.3636363636363636,0,0,1,1,0,2,2,0,5,1.8181818181818181,0,0,5,0,0.0,0,0,0,1,1,1,1,4,1.4545454545454544,0,0,4,0,0,0,7,0,4,11,4.0,5,5,1,0,0,0,0.0,0.0,0,0,0,1,0,5,11,0.45454545454545453,0,0.454545
K222275,/Users/winko/Library/Mobile Documents/com~apple~CloudDocs/Research/1.5-Policy/data/raw_text/K222275.txt,2302,0,0,0,0,0,0,0,0.0,0,0,0,0,3,0,0,0,3,1.3032145960034753,0,0,3,0,0.0,0,0,0,0,0,0,2,2,0.8688097306689835,0,1,1,0,0,0,11,0,0,11,4.7784535186794095,4,2,5,0,0,0,0.0,0.0,0,0,0,1,0,3,11,0.2727272727272727,0,0.272727
K222277,/Users/winko/Library/Mobile Documents/com~apple~CloudDocs/Research/1.5-Policy/data/raw_text/K222277.txt,3604,0,0,0,0,0,0,0,0.0,0,0,0,0,0,8,8,0,16,4.439511653718091,0,0,16,0,0.0,0,0,0,0,0,5,5,10,2.774694783573807,0,0,10,0,0,0,6,0,0,6,1.664816870144284,6,0,0,0,0,0,0.0,0.0,0,0,0,1,0,16,6,2.6666666666666665,0,2.666667
K222312,/Users/winko/Library/Mobile Documents/com~apple~CloudDocs/Research/1.5-Policy/data/raw_text/K222312.txt,5084,0,0,0,0,0,0,0,0.0,0,0,0,0,4,1,0,0,5,0.983477576711251,2,1,2,0,0.0,0,0,0,0,0,0,0,0,0.0,0,0,0,0,0,0,4,0,0,4,0.7867820613690008,4,0,0,0,0,0,0.0,0.0,0,0,0,1,0,5,4,1.25,0,1.250000
K222329,/Users/winko/Library/Mobile Documents/com~apple~CloudDocs/Research/1.5-Policy/data/raw_text/K222329.txt,3431,0,0,0,0,0,0,0,0.0,0,0,0,0,0,8,8,0,16,4.663363450888954,0,0,16,0,0.0,0,0,0,0,0,4,3,7,2.040221509763917,0,0,7,0,0,0,6,0,0,6,1.7487612940833577,4,2,0,0,0,0,0.0,0.0,0,0,0,1,0,16,6,2.6666666666666665,0,2.666667
K222360,/Users/winko/Library/Mobile Documents/com~apple~CloudDocs/Research/1.5-Policy/data/raw_text/K222360.txt,3729,0,0,0,0,0,0,0,0.0,0,0,0,0,1,0,0,0,1,0.2681684097613301,0,0,1,0,0.0,0,0,0,0,0,0,2,2,0.5363368195226602,0,0,2,0,0,0,8,0,1,9,2.413515687851971,6,3,0,0,0,0,0.0,0.0,0,0,0,1,0,1,9,0.1111111111111111,0,0.111111
K222361,/Users/winko/Library/Mobile Documents/com~apple~CloudDocs/Research/1.5-Policy/data/raw_text/K222361.txt,3245,0,0,0,0,0,0,0,0.0,0,0,0,0,2,0,0,0,2,0.6163328197226503,0,1,1,0,0.0,0,0,0,0,0,0,1,1,0.30816640986132515,0,0,1,0,0,0,8,0,0,8,2.465331278890601,4,4,0,0,0,0,0.0,0.0,0,0,0,1,0,2,8,0.25,0,0.250000
K222389,/Users/winko/Library/Mobile Documents/com~apple~CloudDocs/Research/1.5-Policy/data/raw_text/K222389.txt,2327,0,0,0,0,0,0,0,0.0,0,0,0,0,0,0,0,0,0,0.0,0,0,0,0,0.0,0,0,0,0,0,0,0,0,0.0,0,0,0,0,0,0,7,0,0,7,3.0081650193382035,4,2,1,0,0,0,0.0,0.0,0,0,0,1,0,0,7,0.0,0,0.000000
K222406,/Users/winko/Library/Mobile Documents/com~apple~CloudDocs/Research/1.5-Policy/data/raw_text/K222406.txt,4484,0,0,0,0,0,0,0,0.0,0,0,0,0,1,0,0,0,1,0.22301516503122212,0,0,1,0,0.0,0,0,0,0,0,0,0,0,0.0,0,0,0,0,0,0,11,0,2,13,2.8991971454058874,11,0,2,0,0,0,0.0,0.0,0,0,0,1,0,1,13,0.07692307692307693,0,0.076923
K222428,/Users/winko/Library/Mobile Documents/com~apple~CloudDocs/Research/1.5-Policy/data/raw_text/K222428.txt,4236,0,0,0,0,0,0,0,0.0,0,0,0,0,0,0,0,0,0,0.0,0,0,0,0,0.0,0,0,0,0,0,1,1,2,0.47214353163361666,0,0,2,0,0,0,4,0,1,5,1.1803588290840414,4,1,0,0,0,0,0.0,0.0,0,0,0,1,0,0,5,0.0,0,0.000000
K222458,/Users/winko/Library/Mobile Documents/com~apple~CloudDocs/Research/1.5-Policy/data/raw_text/K222458.txt,2816,0,0,0,0,0,0,0,0.0,0,0,0,0,1,0,0,0,1,0.35511363636363635,0,0,1,0,0.0,0,0,0,0,0,0,0,0,0.0,0,0,0,0,0,0,8,0,1,9,3.1960227272727275,4,5,0,0,0,0,0.0,0.0,0,0,0,1,0,1,9,0.1111111111111111,0,0.111111
K222579,/Users/winko/Library/Mobile Documents/com~apple~CloudDocs/Research/1.5-Policy/data/raw_text/K222579.txt,3071,0,0,0,0,0,0,0,0.0,0,0,0,0,7,6,6,0,19,6.186909801367633,0,3,16,0,0.0,0,0,0,0,0,0,0,0,0.0,0,0,0,0,0,0,7,0,3,10,3.25626831650928,6,2,2,0,0,0,0.0,0.0,0,0,0,1,0,19,10,1.9,0,1.900000
K222593,/Users/winko/Library/Mobile Documents/com~apple~CloudDocs/Research/1.5-Policy/data/raw_text/K222593.txt,3675,0,0,0,0,0,0,0,0.0,0,0,0,0,2,0,0,0,2,0.5442176870748299,0,0,2,0,0.0,0,0,0,0,0,0,2,2,0.5442176870748299,0,0,2,0,0,0,6,0,0,6,1.6326530612244898,5,0,1,0,0,0,0.0,0.0,0,0,0,1,0,2,6,0.3333333333333333,0,0.333333
K222676,/Users/winko/Library/Mobile Documents/com~apple~CloudDocs/Research/1.5-Policy/data/raw_text/K222676.txt,2409,0,0,0,0,0,0,0,0.0,0,0,0,0,0,0,0,0,0,0.0,0,0,0,0,0.0,0,0,0,0,1,0,8,9,3.7359900373599007,0,4,5,0,0,0,9,0,1,10,4.151100041511,4,2,4,1,0,0,0.0,0.0,0,0,0,1,0,0,10,0.0,0,0.000000
K222692,/Users/winko/Library/Mobile Documents/com~apple~CloudDocs/Research/1.5-Policy/data/raw_text/K222692.txt,3048,0,0,0,0,0,0,0,0.0,0,0,0,4,0,3,3,0,10,3.2808398950131235,0,0,10,0,0.0,0,0,0,0,0,3,3,6,1.968503937007874,0,0,6,0,0,0,6,0,0,6,1.968503937007874,4,2,0,0,0,0,0.0,0.0,0,0,0,1,0,10,6,1.6666666666666667,0,1.666667
K222728,/Users/winko/Library/Mobile Documents/com~apple~CloudDocs/Research/1.5-Policy/data/raw_text/K222728.txt,7056,0,0,0,0,0,0,0,0.0,0,0,0,0,0,0,0,0,0,0.0,0,0,0,0,0.0,0,0,0,1,1,0,1,3,0.42517006802721086,0,3,0,0,0,0,5,0,0,5,0.7086167800453514,5,0,0,0,0,0,0.0,0.0,0,0,0,1,0,0,5,0.0,0,0.000000
K222745,/Users/winko/Library/Mobile Documents/com~apple~CloudDocs/Research/1.5-Policy/data/raw_text/K222745.txt,3300,0,0,0,0,0,0,0,0.0,0,0,0,0,0,0,0,0,0,0.0,0,0,0,0,0.0,0,0,0,0,0,0,0,0,0.0,0,0,0,0,0,0,8,0,1,9,2.7272727272727275,5,4,0,0,0,0,0.0,0.0,0,0,0,1,0,0,9,0.0,0,0.000000
K222746,/Users/winko/Library/Mobile Documents/com~apple~CloudDocs/Research/1.5-Policy/data/raw_text/K222746.txt,3989,0,0,0,0,0,0,0,0.0,0,0,0,5,2,13,8,0,28,7.019303083479569,0,4,24,0,0.0,0,0,0,0,0,1,5,6,1.5041363750313361,0,3,3,0,0,0,5,0,0,5,1.25344697919278,5,0,0,0,0,0,0.0,0.0,0,0,0,1,0,28,5,5.6,0,5.600000
K222755,/Users/winko/Library/Mobile Documents/com~apple~CloudDocs/Research/1.5-Policy/data/raw_text/K222755.txt,4636,0,0,0,0,0,0,0,0.0,0,0,0,0,0,0,0,0,0,0.0,0,0,0,0,0.0,0,0,0,1,1,1,3,6,1.2942191544434856,0,0,6,0,0,0,7,0,0,7,1.5099223468507335,7,0,0,0,0,0,0.0,0.0,0,0,0,1,0,0,7,0.0,0,0.000000
K222803,/Users/winko/Library/Mobile Documents/com~apple~CloudDocs/Research/1.5-Policy/data/raw_text/K222803.txt,3557,0,0,0,0,0,0,0,0.0,0,0,0,0,0,0,0,0,0,0.0,0,0,0,0,0.0,0,0,0,0,0,0,0,0,0.0,0,0,0,0,0,0,5,0,3,8,2.249086308687096,5,3,0,0,0,0,0.0,0.0,0,0,0,1,0,0,8,0.0,0,0.000000
K222819,/Users/winko/Library/Mobile Documents/com~apple~CloudDocs/Research/1.5-Policy/data/raw_text/K222819.txt,3413,0,0,0,0,0,0,0,0.0,0,0,0,0,3,3,0,0,6,1.7579841781423966,0,0,6,0,0.0,0,0,0,0,0,0,0,0,0.0,0,0,0,0,0,0,6,0,0,6,1.7579841781423966,6,0,0,0,0,0,0.0,0.0,0,0,0,1,0,6,6,1.0,0,1.000000
K222884,/Users/winko/Library/Mobile Documents/com~apple~CloudDocs/Research/1.5-Policy/data/raw_text/K222884.txt,4253,0,0,0,0,0,0,0,0.0,0,0,0,0,0,14,12,0,26,6.113331765812368,0,1,25,0,0.0,0,0,0,0,0,2,3,5,1.1756407241946862,0,0,5,0,0,0,4,0,0,4,0.940512579355749,4,0,0,0,0,0,0.0,0.0,0,0,0,1,0,26,4,6.5,0,6.500000
K222921,/Users/winko/Library/Mobile Documents/com~apple~CloudDocs/Research/1.5-Policy/data/raw_text/K222921.txt,2395,0,0,0,0,0,0,0,0.0,0,0,0,0,0,0,0,0,0,0.0,0,0,0,0,0.0,0,0,0,0,0,0,0,0,0.0,0,0,0,0,0,0,6,0,1,7,2.922755741127349,4,2,1,0,0,0,0.0,0.0,0,0,0,1,0,0,7,0.0,0,0.000000
K222970,/Users/winko/Library/Mobile Documents/com~apple~CloudDocs/Research/1.5-Policy/data/raw_text/K222970.txt,2003,0,0,0,0,0,0,0,0.0,0,0,0,0,0,0,0,0,0,0.0,0,0,0,0,0.0,0,0,0,0,0,0,2,2,0.998502246630055,0,0,2,0,0,0,5,0,1,6,2.9955067398901645,4,1,1,0,0,0,0.0,0.0,0,0,0,1,0,0,6,0.0,0,0.000000
K223028,/Users/winko/Library/Mobile Documents/com~apple~CloudDocs/Research/1.5-Policy/data/raw_text/K223028.txt,3712,0,0,0,0,0,0,0,0.0,0,0,0,0,0,0,0,0,0,0.0,0,0,0,0,0.0,0,0,0,0,0,0,0,0,0.0,0,0,0,0,0,0,6,0,0,6,1.6163793103448276,4,2,0,0,0,0,0.0,0.0,0,0,0,1,0,0,6,0.0,0,0.000000
K223032,/Users/winko/Library/Mobile Documents/com~apple~CloudDocs/Research/1.5-Policy/data/raw_text/K223032.txt,2445,0,0,0,0,0,0,0,0.0,0,0,0,0,1,0,0,0,1,0.40899795501022496,0,1,0,0,0.0,0,0,0,0,0,0,0,0,0.0,0,0,0,0,0,0,6,0,0,6,2.4539877300613497,4,2,0,0,0,0,0.0,0.0,0,0,0,1,0,1,6,0.16666666666666666,0,0.166667
K223042,/Users/winko/Library/Mobile Documents/com~apple~CloudDocs/Research/1.5-Policy/data/raw_text/K223042.txt,3013,0,0,0,0,0,0,0,0.0,0,0,0,0,0,0,0,0,0,0.0,0,0,0,0,0.0,0,0,0,0,0,0,0,0,0.0,0,0,0,0,0,0,6,0,0,6,1.9913707268503154,4,2,0,0,0,0,0.0,0.0,0,0,0,1,0,0,6,0.0,0,0.000000
K223073,/Users/winko/Library/Mobile Documents/com~apple~CloudDocs/Research/1.5-Policy/data/raw_text/K223073.txt,2512,0,0,0,0,0,0,0,0.0,0,0,0,0,1,0,0,0,1,0.3980891719745223,0,0,1,0,0.0,0,0,0,0,0,0,3,3,1.1942675159235667,1,1,1,0,0,0,5,0,0,5,1.9904458598726114,3,2,0,0,0,0,0.0,0.0,0,0,0,1,0,1,5,0.2,0,0.200000
K223106,/Users/winko/Library/Mobile Documents/com~apple~CloudDocs/Research/1.5-Policy/data/raw_text/K223106.txt,3745,0,0,0,0,0,0,0,0.0,0,0,0,0,0,0,0,0,0,0.0,0,0,0,0,0.0,0,0,0,0,0,0,0,0,0.0,0,0,0,0,0,0,5,0,6,11,2.937249666221629,5,6,0,0,0,0,0.0,0.0,0,0,0,1,0,0,11,0.0,0,0.000000
K223133,/Users/winko/Library/Mobile Documents/com~apple~CloudDocs/Research/1.5-Policy/data/raw_text/K223133.txt,3354,0,0,0,0,0,1,1,0.2981514609421586,0,0,1,8,2,6,2,0,18,5.366726296958855,0,0,18,0,0.0,0,0,0,1,0,2,6,9,2.6833631484794274,1,2,6,0,0,0,6,0,0,6,1.7889087656529516,5,1,0,0,0,0,0.0,0.0,0,0,0,1,0,18,6,3.0,0,3.000000
K223180,/Users/winko/Library/Mobile Documents/com~apple~CloudDocs/Research/1.5-Policy/data/raw_text/K223180.txt,2466,0,0,0,0,0,0,0,0.0,0,0,0,0,2,0,0,0,2,0.8110300081103001,0,0,2,0,0.0,0,0,0,0,0,0,1,1,0.40551500405515006,0,1,0,0,0,0,4,0,1,5,2.02757502027575,4,0,1,0,0,0,0.0,0.0,0,0,0,1,0,2,5,0.4,0,0.400000
K223212,/Users/winko/Library/Mobile Documents/com~apple~CloudDocs/Research/1.5-Policy/data/raw_text/K223212.txt,2187,0,0,0,0,0,0,0,0.0,0,0,0,0,2,0,0,0,2,0.9144947416552355,0,1,1,0,0.0,0,0,0,0,0,0,0,0,0.0,0,0,0,0,0,0,5,0,0,5,2.286236854138089,4,1,0,0,0,0,0.0,0.0,0,0,0,1,0,2,5,0.4,0,0.400000
K223240,/Users/winko/Library/Mobile Documents/com~apple~CloudDocs/Research/1.5-Policy/data/raw_text/K223240.txt,3014,0,0,0,0,0,1,1,0.33178500331785005,0,0,1,0,0,2,2,0,4,1.3271400132714002,0,0,4,0,0.0,0,0,0,1,1,1,1,4,1.3271400132714002,0,0,4,0,0,0,6,0,4,10,3.3178500331785004,5,5,0,0,0,0,0.0,0.0,0,0,0,1,0,4,10,0.4,0,0.400000
K223247,/Users/winko/Library/Mobile Documents/com~apple~CloudDocs/Research/1.5-Policy/data/raw_text/K223247.txt,1951,0,0,0,0,0,0,0,0.0,0,0,0,0,0,0,0,0,0,0.0,0,0,0,0,0.0,0,0,0,0,0,0,1,1,0.5125576627370579,0,0,1,0,0,0,6,0,0,6,3.075345976422348,4,2,0,0,0,0,0.0,0.0,0,0,0,1,0,0,6,0.0,0,0.000000
K223268,/Users/winko/Library/Mobile Documents/com~apple~CloudDocs/Research/1.5-Policy/data/raw_text/K223268.txt,2347,0,0,0,0,0,0,0,0.0,0,0,0,0,1,0,0,0,1,0.42607584149978694,0,0,1,0,0.0,0,0,0,0,0,1,1,2,0.8521516829995739,0,0,2,0,0,0,6,0,1,7,2.982530890498509,4,3,0,0,0,0,0.0,0.0,0,0,0,1,0,1,7,0.14285714285714285,0,0.142857
K223287,/Users/winko/Library/Mobile Documents/com~apple~CloudDocs/Research/1.5-Policy/data/raw_text/K223287.txt,2266,0,0,0,0,0,1,1,0.441306266548985,0,0,1,0,2,3,3,0,8,3.53045013239188,0,0,8,0,0.0,0,0,0,0,0,0,0,0,0.0,0,0,0,0,0,0,4,0,0,4,1.76522506619594,4,0,0,0,0,0,0.0,0.0,0,0,0,1,0,8,4,2.0,0,2.000000
K223288,/Users/winko/Library/Mobile Documents/com~apple~CloudDocs/Research/1.5-Policy/data/raw_text/K223288.txt,3609,0,0,0,0,0,0,0,0.0,0,0,0,0,7,0,0,0,7,1.9395954558049322,0,3,4,0,0.0,0,0,0,0,0,0,0,0,0.0,0,0,0,0,0,0,6,0,1,7,1.9395954558049322,6,0,1,0,0,0,0.0,0.0,0,0,0,1,0,7,7,1.0,0,1.000000
K223296,/Users/winko/Library/Mobile Documents/com~apple~CloudDocs/Research/1.5-Policy/data/raw_text/K223296.txt,3034,0,0,0,0,0,0,0,0.0,0,0,0,0,2,8,9,0,19,6.262359920896506,0,0,19,0,0.0,0,0,0,0,1,2,16,19,6.262359920896506,0,3,16,0,0,0,5,0,0,5,1.6479894528675016,4,1,0,1,0,0,0.0,0.0,0,0,0,1,0,19,5,3.8,0,3.800000
K223311,/Users/winko/Library/Mobile Documents/com~apple~CloudDocs/Research/1.5-Policy/data/raw_text/K223311.txt,5730,0,0,0,0,0,0,0,0.0,0,0,0,0,0,0,0,0,0,0.0,0,0,0,0,0.0,0,0,0,0,0,0,0,0,0.0,0,0,0,0,0,0,10,0,3,13,2.268760907504363,10,3,0,0,0,0,0.0,0.0,0,0,0,1,0,0,13,0.0,0,0.000000
K223325,/Users/winko/Library/Mobile Documents/com~apple~CloudDocs/Research/1.5-Policy/data/raw_text/K223325.txt,2739,0,0,0,0,0,0,0,0.0,0,0,0,0,1,0,0,0,1,0.36509675063891933,0,1,0,0,0.0,0,0,0,0,0,0,0,0,0.0,0,0,0,0,0,0,9,0,0,9,3.2858707557502735,4,5,0,0,0,0,0.0,0.0,0,0,0,1,0,1,9,0.1111111111111111,0,0.111111
K223343,/Users/winko/Library/Mobile Documents/com~apple~CloudDocs/Research/1.5-Policy/data/raw_text/K223343.txt,3515,0,0,0,0,0,0,0,0.0,0,0,0,0,0,0,0,0,0,0.0,0,0,0,0,0.0,0,0,0,0,2,2,2,6,1.7069701280227596,0,6,0,0,0,0,4,0,1,5,1.4224751066856332,4,1,0,0,0,0,0.0,0.0,0,0,0,1,0,0,5,0.0,0,0.000000
K223347,/Users/winko/Library/Mobile Documents/com~apple~CloudDocs/Research/1.5-Policy/data/raw_text/K223347.txt,4711,0,0,0,0,0,0,0,0.0,0,0,0,8,1,0,0,0,9,1.9104224156230099,0,0,9,0,0.0,0,0,0,0,0,0,0,0,0.0,0,0,0,0,0,0,5,0,0,5,1.0613457864572278,5,0,0,0,0,0,0.0,0.0,0,0,0,1,0,9,5,1.8,0,1.800000
K223357,/Users/winko/Library/Mobile Documents/com~apple~CloudDocs/Research/1.5-Policy/data/raw_text/K223357.txt,5307,0,0,0,0,0,0,0,0.0,0,0,0,0,3,9,9,0,21,3.95703787450537,0,12,9,0,0.0,0,0,0,1,0,0,2,3,0.5652911249293385,0,3,0,0,0,0,6,0,0,6,1.130582249858677,6,0,0,0,0,0,0.0,0.0,0,0,0,1,0,21,6,3.5,0,3.500000
K223387,/Users/winko/Library/Mobile Documents/com~apple~CloudDocs/Research/1.5-Policy/data/raw_text/K223387.txt,4067,0,0,0,0,0,0,0,0.0,0,0,0,0,7,0,0,7,14,3.442340791738382,0,4,10,0,0.0,0,0,0,0,4,3,11,18,4.425866732235063,0,3,15,0,0,0,6,0,2,8,1.9670518809933613,7,1,0,1,0,0,0.0,0.0,0,0,0,1,0,14,8,1.75,0,1.750000
K223396,/Users/winko/Library/Mobile Documents/com~apple~CloudDocs/Research/1.5-Policy/data/raw_text/K223396.txt,2292,0,0,0,0,0,1,1,0.4363001745200698,0,0,1,0,0,0,0,0,0,0.0,0,0,0,0,0.0,0,0,0,0,0,0,1,1,0.4363001745200698,0,0,1,0,0,0,4,0,0,4,1.7452006980802792,4,0,0,0,0,0,0.0,0.0,0,0,0,1,0,0,4,0.0,0,0.000000
K223424,/Users/winko/Library/Mobile Documents/com~apple~CloudDocs/Research/1.5-Policy/data/raw_text/K223424.txt,2474,0,0,0,0,0,0,0,0.0,0,0,0,0,0,0,0,0,0,0.0,0,0,0,0,0.0,0,0,0,0,0,0,0,0,0.0,0,0,0,0,0,0,6,0,0,6,2.425222312045271,4,2,0,0,0,0,0.0,0.0,0,0,0,1,0,0,6,0.0,0,0.000000
K223426,/Users/winko/Library/Mobile Documents/com~apple~CloudDocs/Research/1.5-Policy/data/raw_text/K223426.txt,4538,0,0,0,0,0,1,1,0.22036139268400176,1,0,0,0,0,0,0,0,0,0.0,0,0,0,0,0.0,0,0,0,0,0,0,0,0,0.0,0,0,0,0,0,0,6,0,1,7,1.5425297487880125,7,0,0,0,0,0,0.0,0.0,0,0,0,1,0,0,7,0.0,0,0.000000
K223439,/Users/winko/Library/Mobile Documents/com~apple~CloudDocs/Research/1.5-Policy/data/raw_text/K223439.txt,2135,0,0,0,0,0,0,0,0.0,0,0,0,0,0,0,0,0,0,0.0,0,0,0,0,0.0,0,0,0,0,0,0,0,0,0.0,0,0,0,0,0,0,4,0,2,6,2.810304449648712,4,1,1,0,0,0,0.0,0.0,0,0,0,1,0,0,6,0.0,0,0.000000
K223442,/Users/winko/Library/Mobile Documents/com~apple~CloudDocs/Research/1.5-Policy/data/raw_text/K223442.txt,3471,0,0,0,0,0,0,0,0.0,0,0,0,0,2,0,0,0,2,0.5762028233938347,1,1,0,0,0.0,0,0,0,0,0,0,0,0,0.0,0,0,0,0,0,0,12,0,0,12,3.4572169403630078,6,6,0,0,0,0,0.0,0.0,0,0,0,1,0,2,12,0.16666666666666666,0,0.166667
K223443,/Users/winko/Library/Mobile Documents/com~apple~CloudDocs/Research/1.5-Policy/data/raw_text/K223443.txt,4024,0,0,0,0,0,0,0,0.0,0,0,0,3,0,18,15,0,36,8.946322067594433,0,2,34,0,0.0,0,0,0,0,0,0,3,3,0.7455268389662028,0,0,3,0,0,0,6,0,0,6,1.4910536779324055,6,0,0,0,0,0,0.0,0.0,0,0,0,1,0,36,6,6.0,0,6.000000
K223458,/Users/winko/Library/Mobile Documents/com~apple~CloudDocs/Research/1.5-Policy/data/raw_text/K223458.txt,3564,0,0,0,0,0,0,0,0.0,0,0,0,0,2,0,0,0,2,0.5611672278338945,1,1,0,0,0.0,0,0,0,0,0,0,0,0,0.0,0,0,0,0,0,0,12,0,0,12,3.3670033670033668,6,6,0,0,0,0,0.0,0.0,0,0,0,1,0,2,12,0.16666666666666666,0,0.166667
K223473,/Users/winko/Library/Mobile Documents/com~apple~CloudDocs/Research/1.5-Policy/data/raw_text/K223473.txt,5469,0,0,0,0,0,0,0,0.0,0,0,0,0,0,0,0,0,0,0.0,0,0,0,0,0.0,0,0,0,5,0,0,7,12,2.1941854086670323,1,5,6,0,0,0,7,0,0,7,1.2799414883891023,7,0,0,1,1,0,1.0,0.0,0,0,0,1,0,0,7,0.0,0,0.000000
K223490,/Users/winko/Library/Mobile Documents/com~apple~CloudDocs/Research/1.5-Policy/data/raw_text/K223490.txt,2771,0,0,0,0,0,0,0,0.0,0,0,0,0,0,0,0,0,0,0.0,0,0,0,0,0.0,0,0,0,2,0,2,0,4,1.443522194153735,0,0,4,0,0,0,8,0,0,8,2.88704438830747,4,4,0,0,0,0,0.0,0.0,0,0,0,1,0,0,8,0.0,0,0.000000
K223491,/Users/winko/Library/Mobile Documents/com~apple~CloudDocs/Research/1.5-Policy/data/raw_text/K223491.txt,3265,0,0,0,0,0,3,3,0.9188361408882082,0,3,0,5,1,7,2,0,15,4.594180704441042,0,0,15,0,0.0,0,0,0,0,0,1,2,3,0.9188361408882082,0,0,3,0,0,0,9,0,0,9,2.756508422664625,7,2,0,0,0,0,0.0,0.0,0,0,0,1,0,15,9,1.6666666666666667,0,1.666667
K223501,/Users/winko/Library/Mobile Documents/com~apple~CloudDocs/Research/1.5-Policy/data/raw_text/K223501.txt,3928,0,0,0,0,0,1,1,0.2545824847250509,0,0,1,0,1,0,0,0,1,0.2545824847250509,0,1,0,0,0.0,0,0,0,3,0,1,4,8,2.0366598778004072,0,0,8,0,0,0,10,0,9,19,4.837067209775967,10,5,4,0,0,0,0.0,0.0,0,0,0,1,0,1,19,0.05263157894736842,0,0.052632
K223502,/Users/winko/Library/Mobile Documents/com~apple~CloudDocs/Research/1.5-Policy/data/raw_text/K223502.txt,3057,0,0,0,0,0,0,0,0.0,0,0,0,0,0,0,0,0,0,0.0,0,0,0,0,0.0,0,0,0,0,0,0,0,0,0.0,0,0,0,0,0,0,5,0,1,6,1.9627085377821392,4,2,0,0,0,0,0.0,0.0,0,0,0,1,0,0,6,0.0,0,0.000000
K223504,/Users/winko/Library/Mobile Documents/com~apple~CloudDocs/Research/1.5-Policy/data/raw_text/K223504.txt,4534,0,0,0,0,0,0,0,0.0,0,0,0,0,0,5,5,0,10,2.2055580061755626,0,0,10,0,0.0,0,0,0,0,0,2,12,14,3.0877812086457874,2,12,0,0,0,0,5,0,1,6,1.3233348037053376,5,1,0,0,0,0,0.0,0.0,0,0,0,1,0,10,6,1.6666666666666667,0,1.666667
K223514,/Users/winko/Library/Mobile Documents/com~apple~CloudDocs/Research/1.5-Policy/data/raw_text/K223514.txt,2299,0,0,0,0,0,0,0,0.0,0,0,0,0,0,0,0,0,0,0.0,0,0,0,0,0.0,0,0,0,0,0,0,0,0,0.0,0,0,0,0,0,0,5,0,1,6,2.609830361026533,4,1,1,0,0,0,0.0,0.0,0,0,0,1,0,0,6,0.0,0,0.000000
K223516,/Users/winko/Library/Mobile Documents/com~apple~CloudDocs/Research/1.5-Policy/data/raw_text/K223516.txt,2804,0,0,0,0,0,0,0,0.0,0,0,0,0,0,0,0,0,0,0.0,0,0,0,0,0.0,0,0,0,0,0,0,0,0,0.0,0,0,0,0,0,0,5,0,2,7,2.4964336661911553,5,0,2,0,0,0,0.0,0.0,0,0,0,1,0,0,7,0.0,0,0.000000
K223523,/Users/winko/Library/Mobile Documents/com~apple~CloudDocs/Research/1.5-Policy/data/raw_text/K223523.txt,2156,0,0,0,0,0,0,0,0.0,0,0,0,0,2,0,0,0,2,0.9276437847866419,0,1,1,0,0.0,0,0,0,0,0,1,1,2,0.9276437847866419,0,0,2,0,0,0,4,0,0,4,1.8552875695732838,4,0,0,0,0,0,0.0,0.0,0,0,0,1,0,2,4,0.5,0,0.500000
K223539,/Users/winko/Library/Mobile Documents/com~apple~CloudDocs/Research/1.5-Policy/data/raw_text/K223539.txt,3069,0,0,0,0,0,0,0,0.0,0,0,0,0,0,0,0,0,0,0.0,0,0,0,0,0.0,0,0,0,0,0,0,1,1,0.3258390355164549,0,0,1,0,0,0,6,0,4,10,3.258390355164549,6,2,2,0,0,0,0.0,0.0,0,0,0,1,0,0,10,0.0,0,0.000000
K223552,/Users/winko/Library/Mobile Documents/com~apple~CloudDocs/Research/1.5-Policy/data/raw_text/K223552.txt,3015,0,0,0,0,0,0,0,0.0,0,0,0,0,1,0,0,0,1,0.33167495854063017,0,0,1,0,0.0,0,0,0,0,0,0,0,0,0.0,0,0,0,0,0,0,5,0,0,5,1.658374792703151,5,0,0,0,0,0,0.0,0.0,0,0,0,1,0,1,5,0.2,0,0.200000
K223553,/Users/winko/Library/Mobile Documents/com~apple~CloudDocs/Research/1.5-Policy/data/raw_text/K223553.txt,2214,0,0,0,0,0,0,0,0.0,0,0,0,0,0,0,0,0,0,0.0,0,0,0,0,0.0,0,0,0,0,0,0,0,0,0.0,0,0,0,0,0,0,5,0,1,6,2.710027100271003,4,2,0,0,0,0,0.0,0.0,0,0,0,1,0,0,6,0.0,0,0.000000
K223556,/Users/winko/Library/Mobile Documents/com~apple~CloudDocs/Research/1.5-Policy/data/raw_text/K223556.txt,3350,0,0,0,0,0,0,0,0.0,0,0,0,0,2,0,0,0,2,0.5970149253731344,0,0,2,0,0.0,0,0,0,0,0,0,3,3,0.8955223880597015,0,0,3,0,0,0,7,0,0,7,2.08955223880597,7,0,0,0,0,0,0.0,0.0,0,0,0,1,0,2,7,0.2857142857142857,0,0.285714
K223621,/Users/winko/Library/Mobile Documents/com~apple~CloudDocs/Research/1.5-Policy/data/raw_text/K223621.txt,2637,0,0,0,0,0,0,0,0.0,0,0,0,0,0,5,5,0,10,3.7921880925293894,0,0,10,0,0.0,0,0,0,0,1,0,1,2,0.7584376185058779,0,0,2,0,0,0,6,0,1,7,2.654531664770573,4,2,1,0,0,0,0.0,0.0,0,0,0,1,0,10,7,1.4285714285714286,0,1.428571
K223622,/Users/winko/Library/Mobile Documents/com~apple~CloudDocs/Research/1.5-Policy/data/raw_text/K223622.txt,3786,0,0,0,0,0,0,0,0.0,0,0,0,0,1,0,0,0,1,0.26413100898045433,0,0,1,0,0.0,0,0,0,0,0,1,6,7,1.8489170628631801,2,2,3,0,0,0,6,0,3,9,2.3771790808240887,6,2,1,0,0,0,0.0,0.0,0,0,0,1,0,1,9,0.1111111111111111,0,0.111111
K223623,/Users/winko/Library/Mobile Documents/com~apple~CloudDocs/Research/1.5-Policy/data/raw_text/K223623.txt,1808,0,0,0,0,0,0,0,0.0,0,0,0,0,0,0,0,0,0,0.0,0,0,0,0,0.0,0,0,0,0,0,0,0,0,0.0,0,0,0,0,0,0,6,0,1,7,3.8716814159292037,4,2,1,0,0,0,0.0,0.0,0,0,0,1,0,0,7,0.0,0,0.000000
K223630,/Users/winko/Library/Mobile Documents/com~apple~CloudDocs/Research/1.5-Policy/data/raw_text/K223630.txt,2095,0,0,0,0,0,0,0,0.0,0,0,0,0,0,0,0,0,0,0.0,0,0,0,0,0.0,0,0,0,0,0,0,0,0,0.0,0,0,0,0,0,0,6,0,0,6,2.863961813842482,4,2,0,0,0,0,0.0,0.0,0,0,0,1,0,0,6,0.0,0,0.000000
K223639,/Users/winko/Library/Mobile Documents/com~apple~CloudDocs/Research/1.5-Policy/data/raw_text/K223639.txt,3379,0,0,0,0,0,0,0,0.0,0,0,0,0,4,0,0,0,4,1.1837821840781297,0,0,4,0,0.0,0,0,0,0,0,1,3,4,1.1837821840781297,0,0,4,0,0,0,10,0,8,18,5.327019828351583,8,10,0,0,0,0,0.0,0.0,0,0,0,1,0,4,18,0.2222222222222222,0,0.222222
K223646,/Users/winko/Library/Mobile Documents/com~apple~CloudDocs/Research/1.5-Policy/data/raw_text/K223646.txt,3586,0,0,0,0,0,0,0,0.0,0,0,0,0,0,1,1,0,2,0.5577244841048522,0,0,2,0,0.0,0,0,0,0,0,0,3,3,0.8365867261572784,1,2,0,0,0,0,7,0,2,9,2.5097601784718346,7,1,1,0,0,0,0.0,0.0,0,0,0,1,0,2,9,0.2222222222222222,0,0.222222
K223659,/Users/winko/Library/Mobile Documents/com~apple~CloudDocs/Research/1.5-Policy/data/raw_text/K223659.txt,2322,0,0,0,0,0,0,0,0.0,0,0,0,0,8,3,3,0,14,6.029285099052541,0,0,14,0,0.0,0,0,0,0,0,0,0,0,0.0,0,0,0,0,0,0,5,0,0,5,2.1533161068044793,4,1,0,0,0,0,0.0,0.0,0,0,0,1,0,14,5,2.8,0,2.800000
K223724,/Users/winko/Library/Mobile Documents/com~apple~CloudDocs/Research/1.5-Policy/data/raw_text/K223724.txt,3865,0,0,0,0,0,0,0,0.0,0,0,0,0,2,0,0,0,2,0.517464424320828,0,0,2,0,0.0,0,0,0,1,0,0,0,1,0.258732212160414,0,0,1,0,0,0,6,0,0,6,1.5523932729624839,5,1,0,0,0,0,0.0,0.0,0,0,0,1,0,2,6,0.3333333333333333,0,0.333333
K223726,/Users/winko/Library/Mobile Documents/com~apple~CloudDocs/Research/1.5-Policy/data/raw_text/K223726.txt,2403,0,0,0,0,0,0,0,0.0,0,0,0,0,1,1,0,0,2,0.8322929671244278,0,0,2,0,0.0,0,0,0,0,0,0,0,0,0.0,0,0,0,0,0,0,6,0,0,6,2.4968789013732833,4,2,0,0,0,0,0.0,0.0,0,0,0,1,0,2,6,0.3333333333333333,0,0.333333
K223734,/Users/winko/Library/Mobile Documents/com~apple~CloudDocs/Research/1.5-Policy/data/raw_text/K223734.txt,2830,0,0,0,0,0,0,0,0.0,0,0,0,0,7,0,0,0,7,2.473498233215548,0,3,4,0,0.0,0,0,0,0,0,0,0,0,0.0,0,0,0,0,0,0,6,0,1,7,2.473498233215548,6,0,1,0,0,0,0.0,0.0,0,0,0,1,0,7,7,1.0,0,1.000000
K223738,/Users/winko/Library/Mobile Documents/com~apple~CloudDocs/Research/1.5-Policy/data/raw_text/K223738.txt,3390,0,0,0,0,0,0,0,0.0,0,0,0,0,0,0,0,0,0,0.0,0,0,0,0,0.0,0,0,0,0,0,0,0,0,0.0,0,0,0,0,0,0,6,0,0,6,1.7699115044247788,6,0,0,0,0,0,0.0,0.0,0,0,0,1,0,0,6,0.0,0,0.000000
K223754,/Users/winko/Library/Mobile Documents/com~apple~CloudDocs/Research/1.5-Policy/data/raw_text/K223754.txt,4569,0,0,0,0,0,0,0,0.0,0,0,0,15,1,11,11,0,38,8.316918362880282,0,9,29,0,0.0,0,0,0,0,2,4,4,10,2.188662727073758,0,1,9,0,0,0,6,0,0,6,1.3131976362442546,6,0,0,0,0,0,0.0,0.0,0,0,0,1,0,38,6,6.333333333333333,0,6.333333
K223757,/Users/winko/Library/Mobile Documents/com~apple~CloudDocs/Research/1.5-Policy/data/raw_text/K223757.txt,2790,0,0,0,0,0,0,0,0.0,0,0,0,0,0,1,1,0,2,0.7168458781362007,0,0,2,0,0.0,0,0,0,0,0,0,2,2,0.7168458781362007,0,1,1,0,0,0,6,0,3,9,3.225806451612903,5,4,0,0,0,0,0.0,0.0,0,0,0,1,0,2,9,0.2222222222222222,0,0.222222
K223771,/Users/winko/Library/Mobile Documents/com~apple~CloudDocs/Research/1.5-Policy/data/raw_text/K223771.txt,3707,0,0,0,0,0,0,0,0.0,0,0,0,0,1,3,3,0,7,1.8883193957377933,0,0,7,0,0.0,0,0,0,0,1,1,1,3,0.8092797410304828,0,0,3,0,0,0,6,0,0,6,1.6185594820609657,6,0,0,0,0,0,0.0,0.0,0,0,0,1,0,7,6,1.1666666666666667,0,1.166667
K223774,/Users/winko/Library/Mobile Documents/com~apple~CloudDocs/Research/1.5-Policy/data/raw_text/K223774.txt,4297,0,0,0,0,0,0,0,0.0,0,0,0,0,0,0,0,0,0,0.0,0,0,0,0,0.0,0,0,0,0,0,0,0,0,0.0,0,0,0,0,0,0,4,0,0,4,0.9308820107051431,4,0,0,0,0,0,0.0,0.0,0,0,0,1,0,0,4,0.0,0,0.000000
K223811,/Users/winko/Library/Mobile Documents/com~apple~CloudDocs/Research/1.5-Policy/data/raw_text/K223811.txt,2909,0,0,0,0,0,0,0,0.0,0,0,0,7,3,5,3,0,18,6.18769336541767,0,0,18,0,0.0,0,0,0,0,0,0,0,0,0.0,0,0,0,0,0,0,5,0,0,5,1.7188037126160192,4,1,0,0,0,0,0.0,0.0,0,0,0,1,0,18,5,3.6,0,3.600000
K223830,/Users/winko/Library/Mobile Documents/com~apple~CloudDocs/Research/1.5-Policy/data/raw_text/K223830.txt,4454,0,0,0,0,0,0,0,0.0,0,0,0,0,2,0,0,0,2,0.44903457566232596,0,0,2,0,0.0,0,0,0,0,1,1,2,4,0.8980691513246519,0,0,4,0,0,0,6,0,11,17,3.8167938931297707,8,9,0,0,0,0,0.0,0.0,0,0,0,1,0,2,17,0.11764705882352941,0,0.117647
K223855,/Users/winko/Library/Mobile Documents/com~apple~CloudDocs/Research/1.5-Policy/data/raw_text/K223855.txt,3687,0,0,0,0,0,0,0,0.0,0,0,0,0,1,0,0,0,1,0.27122321670735017,0,0,1,0,0.0,0,0,0,0,0,0,4,4,1.0848928668294007,0,0,4,0,0,0,5,0,0,5,1.3561160835367507,5,0,0,0,0,0,0.0,0.0,0,0,0,1,0,1,5,0.2,0,0.200000
K223864,/Users/winko/Library/Mobile Documents/com~apple~CloudDocs/Research/1.5-Policy/data/raw_text/K223864.txt,3119,0,0,0,0,0,0,0,0.0,0,0,0,0,7,0,0,0,7,2.2443090734209683,0,4,3,0,0.0,0,0,0,0,0,0,0,0,0.0,0,0,0,0,0,0,6,0,1,7,2.2443090734209683,6,0,1,0,0,0,0.0,0.0,0,0,0,1,0,7,7,1.0,0,1.000000
K223905,/Users/winko/Library/Mobile Documents/com~apple~CloudDocs/Research/1.5-Policy/data/raw_text/K223905.txt,2704,0,0,0,0,0,0,0,0.0,0,0,0,0,0,1,1,0,2,0.7396449704142012,0,0,2,0,0.0,0,0,0,0,0,0,0,0,0.0,0,0,0,0,0,0,4,0,1,5,1.849112426035503,4,0,1,0,0,0,0.0,0.0,0,0,0,1,0,2,5,0.4,0,0.400000
K230020,/Users/winko/Library/Mobile Documents/com~apple~CloudDocs/Research/1.5-Policy/data/raw_text/K230020.txt,3579,0,0,0,0,0,0,0,0.0,0,0,0,4,0,8,8,0,20,5.588153115395362,0,0,20,0,0.0,0,0,0,0,0,4,5,9,2.5146689019279127,0,0,9,0,0,0,6,0,1,7,1.9558535903883767,7,0,0,0,0,0,0.0,0.0,0,0,0,1,0,20,7,2.857142857142857,0,2.857143
K230023,/Users/winko/Library/Mobile Documents/com~apple~CloudDocs/Research/1.5-Policy/data/raw_text/K230023.txt,9277,0,0,0,0,0,0,0,0.0,0,0,0,0,0,0,0,0,0,0.0,0,0,0,0,0.0,0,0,0,0,5,11,13,29,3.1260105637598365,0,29,0,0,0,0,9,0,0,9,0.9701412094427078,9,0,0,0,0,0,0.0,0.0,0,0,0,1,0,0,9,0.0,0,0.000000
K230039,/Users/winko/Library/Mobile Documents/com~apple~CloudDocs/Research/1.5-Policy/data/raw_text/K230039.txt,3519,0,0,0,0,0,0,0,0.0,0,0,0,0,0,0,0,0,0,0.0,0,0,0,0,0.0,0,0,0,0,0,1,2,3,0.8525149190110827,0,0,3,0,0,0,5,0,1,6,1.7050298380221653,5,0,1,1,0,0,0.0,0.0,0,0,0,1,0,0,6,0.0,0,0.000000
K230045,/Users/winko/Library/Mobile Documents/com~apple~CloudDocs/Research/1.5-Policy/data/raw_text/K230045.txt,3481,0,0,0,0,0,0,0,0.0,0,0,0,0,2,0,0,0,2,0.5745475438092502,0,0,2,0,0.0,0,0,0,0,0,0,0,0,0.0,0,0,0,0,0,0,5,0,6,11,3.1600114909508763,5,1,5,0,0,0,0.0,0.0,0,0,0,1,0,2,11,0.18181818181818182,0,0.181818
K230074,/Users/winko/Library/Mobile Documents/com~apple~CloudDocs/Research/1.5-Policy/data/raw_text/K230074.txt,3801,0,0,0,0,0,1,1,0.26308866087871613,0,0,1,1,0,17,7,0,25,6.5772165219679035,0,0,25,0,0.0,0,0,0,0,0,1,1,2,0.5261773217574323,0,0,2,0,0,0,4,0,0,4,1.0523546435148645,4,0,0,0,0,0,0.0,0.0,0,0,0,1,0,25,4,6.25,0,6.250000
K230082,/Users/winko/Library/Mobile Documents/com~apple~CloudDocs/Research/1.5-Policy/data/raw_text/K230082.txt,3200,0,0,0,0,0,0,0,0.0,0,0,0,0,1,0,0,0,1,0.3125,0,1,0,0,0.0,0,0,0,0,2,3,2,7,2.1875,0,3,4,0,0,0,5,0,0,5,1.5625,4,1,0,1,0,0,0.0,0.0,0,0,0,1,0,1,5,0.2,0,0.200000
K230084,/Users/winko/Library/Mobile Documents/com~apple~CloudDocs/Research/1.5-Policy/data/raw_text/K230084.txt,3325,0,0,0,0,0,0,0,0.0,0,0,0,0,1,0,0,3,4,1.2030075187969924,0,0,4,0,0.0,0,0,0,0,2,2,6,10,3.0075187969924815,0,0,10,0,0,0,4,0,2,6,1.8045112781954888,5,1,0,0,0,0,0.0,0.0,0,0,0,1,0,4,6,0.6666666666666666,0,0.666667
K230085,/Users/winko/Library/Mobile Documents/com~apple~CloudDocs/Research/1.5-Policy/data/raw_text/K230085.txt,3039,0,0,0,0,0,0,0,0.0,0,0,0,7,3,5,3,0,18,5.923000987166831,0,0,18,0,0.0,0,0,0,0,0,0,0,0,0.0,0,0,0,0,0,0,5,0,0,5,1.6452780519907866,4,1,0,0,0,0,0.0,0.0,0,0,0,1,0,18,5,3.6,0,3.600000
K230096,/Users/winko/Library/Mobile Documents/com~apple~CloudDocs/Research/1.5-Policy/data/raw_text/K230096.txt,3210,0,0,0,0,0,0,0,0.0,0,0,0,0,1,0,0,0,1,0.31152647975077885,0,0,1,0,0.0,0,0,0,0,0,0,0,0,0.0,0,0,0,0,0,0,11,0,0,11,3.426791277258567,8,3,0,0,0,0,0.0,0.0,0,0,0,1,0,1,11,0.09090909090909091,0,0.090909
K230112,/Users/winko/Library/Mobile Documents/com~apple~CloudDocs/Research/1.5-Policy/data/raw_text/K230112.txt,2366,0,0,0,0,0,0,0,0.0,0,0,0,0,0,0,0,0,0,0.0,0,0,0,0,0.0,0,0,0,0,0,2,10,12,5.07185122569738,1,4,7,0,0,0,6,0,1,7,2.9585798816568047,4,2,1,0,0,0,0.0,0.0,0,0,0,1,0,0,7,0.0,0,0.000000
K230144,/Users/winko/Library/Mobile Documents/com~apple~CloudDocs/Research/1.5-Policy/data/raw_text/K230144.txt,2886,0,0,0,0,0,0,0,0.0,0,0,0,2,0,4,5,0,11,3.811503811503812,0,0,11,0,0.0,0,0,0,0,0,0,5,5,1.7325017325017324,1,4,0,0,0,0,6,0,0,6,2.079002079002079,4,2,0,0,0,0,0.0,0.0,0,0,0,1,0,11,6,1.8333333333333333,0,1.833333
K230150,/Users/winko/Library/Mobile Documents/com~apple~CloudDocs/Research/1.5-Policy/data/raw_text/K230150.txt,1840,0,0,0,0,0,0,0,0.0,0,0,0,0,1,0,0,0,1,0.5434782608695652,0,0,1,0,0.0,0,0,0,0,0,0,0,0,0.0,0,0,0,0,0,0,4,0,0,4,2.1739130434782608,4,0,0,0,0,0,0.0,0.0,0,0,0,1,0,1,4,0.25,0,0.250000
K230179,/Users/winko/Library/Mobile Documents/com~apple~CloudDocs/Research/1.5-Policy/data/raw_text/K230179.txt,3487,0,0,0,0,0,1,1,0.28677946659019216,0,1,0,0,0,0,0,0,0,0.0,0,0,0,0,0.0,0,0,0,0,0,1,1,2,0.5735589331803843,0,0,2,0,0,0,4,0,4,8,2.2942357327215372,4,4,0,0,0,0,0.0,0.0,0,0,0,1,0,0,8,0.0,0,0.000000
K230197,/Users/winko/Library/Mobile Documents/com~apple~CloudDocs/Research/1.5-Policy/data/raw_text/K230197.txt,2850,0,0,0,0,0,0,0,0.0,0,0,0,0,4,0,0,0,4,1.4035087719298245,0,0,4,0,0.0,0,0,0,0,1,1,1,3,1.0526315789473684,0,0,3,0,0,0,6,0,1,7,2.456140350877193,4,3,0,0,0,0,0.0,0.0,0,0,0,1,0,4,7,0.5714285714285714,0,0.571429
K230208,/Users/winko/Library/Mobile Documents/com~apple~CloudDocs/Research/1.5-Policy/data/raw_text/K230208.txt,2140,0,0,0,0,0,0,0,0.0,0,0,0,0,0,0,0,0,0,0.0,0,0,0,0,0.0,0,0,0,0,0,0,0,0,0.0,0,0,0,0,0,0,6,0,0,6,2.803738317757009,4,2,0,0,0,0,0.0,0.0,0,0,0,1,0,0,6,0.0,0,0.000000
K230209,/Users/winko/Library/Mobile Documents/com~apple~CloudDocs/Research/1.5-Policy/data/raw_text/K230209.txt,3328,0,0,0,0,0,0,0,0.0,0,0,0,0,1,0,0,0,1,0.3004807692307693,0,0,1,0,0.0,0,0,0,0,0,1,0,1,0.3004807692307693,0,0,1,0,0,0,6,0,1,7,2.1033653846153846,5,2,0,0,0,0,0.0,0.0,0,0,0,1,0,1,7,0.14285714285714285,0,0.142857
K230220,/Users/winko/Library/Mobile Documents/com~apple~CloudDocs/Research/1.5-Policy/data/raw_text/K230220.txt,4372,0,0,0,0,0,0,0,0.0,0,0,0,0,0,0,0,0,0,0.0,0,0,0,0,0.0,0,0,0,0,0,0,1,1,0.22872827081427266,0,1,0,0,0,0,7,0,0,7,1.6010978956999085,7,0,0,0,0,0,0.0,0.0,0,0,0,1,0,0,7,0.0,0,0.000000
K230223,/Users/winko/Library/Mobile Documents/com~apple~CloudDocs/Research/1.5-Policy/data/raw_text/K230223.txt,3029,0,0,0,0,0,6,6,1.9808517662594918,1,2,3,0,0,0,0,0,0,0.0,0,0,0,0,0.0,0,0,0,0,0,0,3,3,0.9904258831297459,0,2,1,0,0,0,6,0,0,6,1.9808517662594918,4,2,0,0,0,0,0.0,0.0,0,0,0,1,0,0,6,0.0,0,0.000000
K230252,/Users/winko/Library/Mobile Documents/com~apple~CloudDocs/Research/1.5-Policy/data/raw_text/K230252.txt,2041,0,0,0,0,0,0,0,0.0,0,0,0,0,1,0,0,0,1,0.4899559039686428,0,0,1,0,0.0,0,0,0,0,0,0,0,0,0.0,0,0,0,0,0,0,6,0,0,6,2.939735423811857,4,2,0,0,0,0,0.0,0.0,0,0,0,1,0,1,6,0.16666666666666666,0,0.166667
K230264,/Users/winko/Library/Mobile Documents/com~apple~CloudDocs/Research/1.5-Policy/data/raw_text/K230264.txt,2086,0,0,0,0,0,0,0,0.0,0,0,0,0,0,0,0,0,0,0.0,0,0,0,0,0.0,0,0,0,0,0,0,4,4,1.9175455417066154,0,2,2,0,0,0,4,0,0,4,1.9175455417066154,4,0,0,0,0,0,0.0,0.0,0,0,0,1,0,0,4,0.0,0,0.000000
K230273,/Users/winko/Library/Mobile Documents/com~apple~CloudDocs/Research/1.5-Policy/data/raw_text/K230273.txt,2966,0,0,0,0,0,0,0,0.0,0,0,0,0,0,0,0,0,0,0.0,0,0,0,0,0.0,0,0,0,0,0,0,0,0,0.0,0,0,0,0,0,0,9,0,0,9,3.0343897505057313,4,3,2,0,0,0,0.0,0.0,0,0,0,1,0,0,9,0.0,0,0.000000
K230292,/Users/winko/Library/Mobile Documents/com~apple~CloudDocs/Research/1.5-Policy/data/raw_text/K230292.txt,3309,0,0,0,0,0,0,0,0.0,0,0,0,0,6,8,8,0,22,6.648534300392868,0,0,22,0,0.0,0,0,0,0,0,0,0,0,0.0,0,0,0,0,0,0,4,0,0,4,1.2088244182532488,4,0,0,0,0,0,0.0,0.0,0,0,0,1,0,22,4,5.5,0,5.500000
K230337,/Users/winko/Library/Mobile Documents/com~apple~CloudDocs/Research/1.5-Policy/data/raw_text/K230337.txt,2653,0,0,0,0,0,0,0,0.0,0,0,0,0,2,2,2,0,6,2.2615906520919715,0,2,4,0,0.0,0,0,0,0,0,0,3,3,1.1307953260459858,0,3,0,0,0,0,6,0,0,6,2.2615906520919715,4,1,1,0,0,0,0.0,0.0,0,0,0,1,0,6,6,1.0,0,1.000000
K230346,/Users/winko/Library/Mobile Documents/com~apple~CloudDocs/Research/1.5-Policy/data/raw_text/K230346.txt,2874,0,0,0,0,0,0,0,0.0,0,0,0,0,2,0,0,0,2,0.6958942240779402,0,0,2,0,0.0,0,0,0,0,1,1,1,3,1.04384133611691,0,0,3,0,0,0,5,0,0,5,1.7397355601948503,4,1,0,0,0,0,0.0,0.0,0,0,0,1,0,2,5,0.4,0,0.400000
K230355,/Users/winko/Library/Mobile Documents/com~apple~CloudDocs/Research/1.5-Policy/data/raw_text/K230355.txt,4226,0,0,0,0,0,0,0,0.0,0,0,0,0,1,0,0,0,1,0.236630383341221,0,0,1,0,0.0,0,0,0,0,0,0,3,3,0.709891150023663,0,0,3,0,0,0,5,0,0,5,1.183151916706105,5,0,0,0,0,0,0.0,0.0,0,0,0,1,0,1,5,0.2,0,0.200000
K230365,/Users/winko/Library/Mobile Documents/com~apple~CloudDocs/Research/1.5-Policy/data/raw_text/K230365.txt,3079,0,0,0,0,0,0,0,0.0,0,0,0,0,0,7,3,0,10,3.247807729782397,0,0,10,0,0.0,0,0,0,1,1,0,4,6,1.948684637869438,0,2,4,0,0,0,6,0,1,7,2.2734654108476775,4,2,1,0,0,0,0.0,0.0,0,0,0,1,0,10,7,1.4285714285714286,0,1.428571
K230370,/Users/winko/Library/Mobile Documents/com~apple~CloudDocs/Research/1.5-Policy/data/raw_text/K230370.txt,3760,0,0,0,0,0,0,0,0.0,0,0,0,0,5,0,0,0,5,1.3297872340425532,0,1,4,0,0.0,0,0,0,0,0,0,2,2,0.5319148936170213,1,1,0,0,0,0,6,0,0,6,1.5957446808510638,6,0,0,0,0,0,0.0,0.0,0,0,0,1,0,5,6,0.8333333333333334,0,0.833333
K230497,/Users/winko/Library/Mobile Documents/com~apple~CloudDocs/Research/1.5-Policy/data/raw_text/K230497.txt,1989,0,0,0,0,0,0,0,0.0,0,0,0,0,3,0,0,0,3,1.5082956259426847,0,0,3,0,0.0,0,0,0,0,1,2,2,5,2.5138260432378083,0,0,5,0,0,0,7,0,0,7,3.519356460532931,4,3,0,0,0,0,0.0,0.0,0,0,0,1,0,3,7,0.42857142857142855,0,0.428571
K230534,/Users/winko/Library/Mobile Documents/com~apple~CloudDocs/Research/1.5-Policy/data/raw_text/K230534.txt,3168,0,0,0,0,0,0,0,0.0,0,0,0,0,0,0,0,0,0,0.0,0,0,0,0,0.0,0,0,0,0,0,5,3,8,2.5252525252525255,0,0,8,0,0,0,6,0,1,7,2.2095959595959593,6,1,0,0,0,0,0.0,0.0,0,0,0,1,0,0,7,0.0,0,0.000000
K230552,/Users/winko/Library/Mobile Documents/com~apple~CloudDocs/Research/1.5-Policy/data/raw_text/K230552.txt,2865,0,0,0,0,0,1,1,0.34904013961605584,0,0,1,0,0,0,0,0,0,0.0,0,0,0,0,0.0,0,0,0,0,0,1,1,2,0.6980802792321117,0,0,2,0,0,0,8,0,1,9,3.141361256544503,4,4,1,0,0,0,0.0,0.0,0,0,0,1,0,0,9,0.0,0,0.000000
K230553,/Users/winko/Library/Mobile Documents/com~apple~CloudDocs/Research/1.5-Policy/data/raw_text/K230553.txt,2102,0,0,0,0,0,0,0,0.0,0,0,0,0,0,0,0,0,0,0.0,0,0,0,0,0.0,0,0,0,0,0,0,0,0,0.0,0,0,0,0,0,0,6,0,0,6,2.8544243577545196,4,2,0,0,0,0,0.0,0.0,0,0,0,1,0,0,6,0.0,0,0.000000
K230575,/Users/winko/Library/Mobile Documents/com~apple~CloudDocs/Research/1.5-Policy/data/raw_text/K230575.txt,2851,0,0,0,0,0,0,0,0.0,0,0,0,0,0,0,0,0,0,0.0,0,0,0,0,0.0,0,0,0,0,0,0,0,0,0.0,0,0,0,0,0,0,6,0,3,9,3.156787092248334,6,3,0,0,0,0,0.0,0.0,0,0,0,1,0,0,9,0.0,0,0.000000
K230658,/Users/winko/Library/Mobile Documents/com~apple~CloudDocs/Research/1.5-Policy/data/raw_text/K230658.txt,3180,0,0,0,0,0,0,0,0.0,0,0,0,0,0,0,0,0,0,0.0,0,0,0,0,0.0,0,0,0,0,0,0,0,0,0.0,0,0,0,0,0,0,4,0,0,4,1.2578616352201257,4,0,0,0,0,0,0.0,0.0,0,0,0,1,0,0,4,0.0,0,0.000000
K230685,/Users/winko/Library/Mobile Documents/com~apple~CloudDocs/Research/1.5-Policy/data/raw_text/K230685.txt,7790,0,0,0,0,0,0,0,0.0,0,0,0,0,3,0,0,0,3,0.3851091142490372,0,2,1,0,0.0,0,0,0,1,0,0,0,1,0.12836970474967907,0,1,0,0,0,0,5,0,0,5,0.6418485237483953,5,0,0,0,0,0,0.0,0.0,0,0,0,1,0,3,5,0.6,0,0.600000
K230751,/Users/winko/Library/Mobile Documents/com~apple~CloudDocs/Research/1.5-Policy/data/raw_text/K230751.txt,6384,0,0,0,0,0,0,0,0.0,0,0,0,2,2,11,0,0,15,2.3496240601503757,0,15,0,0,0.0,0,0,0,2,0,0,2,4,0.6265664160401002,0,4,0,0,0,0,8,0,0,8,1.2531328320802004,8,0,0,0,0,0,0.0,0.0,0,0,0,1,0,15,8,1.875,0,1.875000
K230772,/Users/winko/Library/Mobile Documents/com~apple~CloudDocs/Research/1.5-Policy/data/raw_text/K230772.txt,2212,0,0,0,0,0,0,0,0.0,0,0,0,0,0,0,0,0,0,0.0,0,0,0,0,0.0,0,0,0,0,0,0,0,0,0.0,0,0,0,0,0,0,6,0,2,8,3.6166365280289328,4,2,2,0,0,0,0.0,0.0,0,0,0,1,0,0,8,0.0,0,0.000000
K230807,/Users/winko/Library/Mobile Documents/com~apple~CloudDocs/Research/1.5-Policy/data/raw_text/K230807.txt,2363,0,0,0,0,0,0,0,0.0,0,0,0,0,1,1,0,0,2,0.8463817181548878,0,0,2,0,0.0,0,0,0,0,0,0,0,0,0.0,0,0,0,0,0,0,5,0,1,6,2.5391451544646637,4,1,1,0,0,0,0.0,0.0,0,0,0,1,0,2,6,0.3333333333333333,0,0.333333
K230812,/Users/winko/Library/Mobile Documents/com~apple~CloudDocs/Research/1.5-Policy/data/raw_text/K230812.txt,4679,0,0,0,0,0,0,0,0.0,0,0,0,0,1,6,3,0,10,2.137208805300278,0,0,10,0,0.0,0,0,0,0,0,0,2,2,0.42744176106005555,0,0,2,0,0,0,8,0,2,10,2.137208805300278,8,0,2,0,0,0,0.0,0.0,0,0,0,1,0,10,10,1.0,0,1.000000
K230823,/Users/winko/Library/Mobile Documents/com~apple~CloudDocs/Research/1.5-Policy/data/raw_text/K230823.txt,2804,0,0,0,0,0,1,1,0.3566333808844508,0,1,0,0,2,2,2,0,6,2.1398002853067046,0,0,6,0,0.0,0,0,0,0,0,1,2,3,1.0699001426533523,0,0,3,0,0,0,4,0,2,6,2.1398002853067046,4,2,0,0,0,0,0.0,0.0,0,0,0,1,0,6,6,1.0,0,1.000000
K230842,/Users/winko/Library/Mobile Documents/com~apple~CloudDocs/Research/1.5-Policy/data/raw_text/K230842.txt,4145,0,0,0,0,0,0,0,0.0,0,0,0,0,0,20,0,0,20,4.8250904704463204,0,4,16,0,0.0,0,0,0,0,0,0,2,2,0.4825090470446321,0,2,0,0,0,0,7,0,0,7,1.6887816646562124,7,0,0,0,0,0,0.0,0.0,0,0,0,1,0,20,7,2.857142857142857,0,2.857143
K230850,/Users/winko/Library/Mobile Documents/com~apple~CloudDocs/Research/1.5-Policy/data/raw_text/K230850.txt,3627,0,0,0,0,0,0,0,0.0,0,0,0,0,5,0,0,0,5,1.3785497656465397,0,0,5,0,0.0,0,0,0,0,0,2,0,2,0.5514199062586159,0,0,2,0,0,0,8,0,0,8,2.2056796250344637,6,0,2,0,0,0,0.0,0.0,0,0,0,1,0,5,8,0.625,0,0.625000
K230854,/Users/winko/Library/Mobile Documents/com~apple~CloudDocs/Research/1.5-Policy/data/raw_text/K230854.txt,2617,0,0,0,0,0,0,0,0.0,0,0,0,0,0,0,0,0,0,0.0,0,0,0,0,0.0,0,0,0,0,0,1,1,2,0.7642338555598013,0,0,2,0,0,0,6,0,0,6,2.292701566679404,4,2,0,0,0,0,0.0,0.0,0,0,0,1,0,0,6,0.0,0,0.000000
K230899,/Users/winko/Library/Mobile Documents/com~apple~CloudDocs/Research/1.5-Policy/data/raw_text/K230899.txt,4104,0,0,0,0,0,0,0,0.0,0,0,0,23,3,10,10,0,46,11.208576998050681,0,0,46,0,0.0,0,0,0,0,0,2,9,11,2.6803118908382064,0,0,11,0,0,0,6,0,0,6,1.461988304093567,6,0,0,0,0,0,0.0,0.0,0,0,0,1,0,46,6,7.666666666666667,0,7.666667
K230913,/Users/winko/Library/Mobile Documents/com~apple~CloudDocs/Research/1.5-Policy/data/raw_text/K230913.txt,2473,0,0,0,0,0,0,0,0.0,0,0,0,0,0,0,0,0,0,0.0,0,0,0,0,0.0,0,0,0,0,0,0,0,0,0.0,0,0,0,0,0,0,4,0,1,5,2.0218358269308534,4,1,0,0,0,0,0.0,0.0,0,0,0,1,0,0,5,0.0,0,0.000000
K230977,/Users/winko/Library/Mobile Documents/com~apple~CloudDocs/Research/1.5-Policy/data/raw_text/K230977.txt,1833,0,0,0,0,0,0,0,0.0,0,0,0,0,1,0,0,0,1,0.5455537370430987,0,0,1,0,0.0,0,0,0,0,0,0,0,0,0.0,0,0,0,0,0,0,6,0,0,6,3.273322422258593,4,2,0,0,0,0,0.0,0.0,0,0,0,1,0,1,6,0.16666666666666666,0,0.166667
K231001,/Users/winko/Library/Mobile Documents/com~apple~CloudDocs/Research/1.5-Policy/data/raw_text/K231001.txt,3977,0,0,0,0,0,0,0,0.0,0,0,0,0,0,8,8,0,16,4.023133014835303,0,2,14,0,0.0,0,0,0,0,2,0,2,4,1.0057832537088258,0,2,2,0,0,0,6,0,0,6,1.5086748805632386,5,1,0,0,0,0,0.0,0.0,0,0,0,1,0,16,6,2.6666666666666665,0,2.666667
K231010,/Users/winko/Library/Mobile Documents/com~apple~CloudDocs/Research/1.5-Policy/data/raw_text/K231010.txt,3401,0,0,0,0,0,0,0,0.0,0,0,0,0,1,2,4,0,7,2.0582181711261396,0,1,6,0,0.0,0,0,0,0,0,0,1,1,0.2940311673037342,0,1,0,0,0,0,5,0,0,5,1.470155836518671,4,1,0,0,0,0,0.0,0.0,0,0,0,1,0,7,5,1.4,0,1.400000
K231025,/Users/winko/Library/Mobile Documents/com~apple~CloudDocs/Research/1.5-Policy/data/raw_text/K231025.txt,2793,0,0,0,0,0,0,0,0.0,0,0,0,0,0,4,4,0,8,2.8643036161833155,0,0,8,0,0.0,0,0,0,0,0,0,2,2,0.7160759040458289,0,0,2,0,0,0,6,0,0,6,2.1482277121374866,4,2,0,1,0,0,0.0,0.0,0,0,0,1,0,8,6,1.3333333333333333,0,1.333333
K231038,/Users/winko/Library/Mobile Documents/com~apple~CloudDocs/Research/1.5-Policy/data/raw_text/K231038.txt,2107,0,0,0,0,0,0,0,0.0,0,0,0,0,0,0,0,0,0,0.0,0,0,0,0,0.0,0,0,0,0,0,0,1,1,0.47460844803037494,0,0,1,0,0,0,6,0,2,8,3.7968675842429995,4,4,0,0,0,0,0.0,0.0,0,0,0,1,0,0,8,0.0,0,0.000000
K231068,/Users/winko/Library/Mobile Documents/com~apple~CloudDocs/Research/1.5-Policy/data/raw_text/K231068.txt,8683,0,0,0,0,0,3,3,0.3455027064378671,0,2,1,0,2,7,7,0,16,1.8426811010019577,0,4,12,0,0.0,0,0,0,0,0,5,16,21,2.41851894506507,5,10,6,0,0,0,5,0,3,8,0.9213405505009788,8,0,0,0,0,0,0.0,0.0,0,0,0,1,0,16,8,2.0,0,2.000000
K231094,/Users/winko/Library/Mobile Documents/com~apple~CloudDocs/Research/1.5-Policy/data/raw_text/K231094.txt,3048,0,0,0,0,0,2,2,0.6561679790026247,0,0,2,0,0,2,2,0,4,1.3123359580052494,0,0,4,0,0.0,0,0,0,2,2,2,2,8,2.6246719160104988,0,0,8,0,0,0,6,0,4,10,3.2808398950131235,5,5,0,0,0,0,0.0,0.0,0,0,0,1,0,4,10,0.4,0,0.400000
K231130,/Users/winko/Library/Mobile Documents/com~apple~CloudDocs/Research/1.5-Policy/data/raw_text/K231130.txt,3711,0,0,0,0,0,0,0,0.0,0,0,0,0,2,0,0,0,2,0.5389382915656157,0,2,0,0,0.0,0,0,0,2,2,0,2,6,1.6168148746968471,0,6,0,0,0,0,5,0,0,5,1.3473457289140394,5,0,0,0,0,0,0.0,0.0,0,0,0,1,0,2,5,0.4,0,0.400000
K231143,/Users/winko/Library/Mobile Documents/com~apple~CloudDocs/Research/1.5-Policy/data/raw_text/K231143.txt,3159,0,0,0,0,0,0,0,0.0,0,0,0,0,0,1,0,0,1,0.31655587211142766,0,0,1,0,0.0,0,0,0,0,0,0,0,0,0.0,0,0,0,0,0,0,6,0,0,6,1.8993352326685662,4,1,1,0,0,0,0.0,0.0,0,0,0,1,0,1,6,0.16666666666666666,0,0.166667
K231149,/Users/winko/Library/Mobile Documents/com~apple~CloudDocs/Research/1.5-Policy/data/raw_text/K231149.txt,2715,0,0,0,0,0,0,0,0.0,0,0,0,0,1,0,0,0,1,0.3683241252302026,0,0,1,0,0.0,0,0,0,0,0,0,4,4,1.4732965009208103,1,2,1,0,0,0,6,0,1,7,2.5782688766114177,4,2,1,0,0,0,0.0,0.0,0,0,0,1,0,1,7,0.14285714285714285,0,0.142857
K231157,/Users/winko/Library/Mobile Documents/com~apple~CloudDocs/Research/1.5-Policy/data/raw_text/K231157.txt,5246,0,0,0,0,0,0,0,0.0,0,0,0,0,2,4,0,0,6,1.143728555089592,0,2,4,0,0.0,0,0,0,0,0,0,0,0,0.0,0,0,0,0,0,0,8,0,0,8,1.5249714067861229,8,0,0,0,0,0,0.0,0.0,0,0,0,1,0,6,8,0.75,0,0.750000
K231173,/Users/winko/Library/Mobile Documents/com~apple~CloudDocs/Research/1.5-Policy/data/raw_text/K231173.txt,2750,0,0,0,0,0,0,0,0.0,0,0,0,0,0,1,1,0,2,0.7272727272727272,0,0,2,0,0.0,0,0,0,1,0,0,3,4,1.4545454545454544,0,1,3,0,0,0,6,0,0,6,2.181818181818182,4,2,0,0,0,0,0.0,0.0,0,0,0,1,0,2,6,0.3333333333333333,0,0.333333
K231190,/Users/winko/Library/Mobile Documents/com~apple~CloudDocs/Research/1.5-Policy/data/raw_text/K231190.txt,2186,0,0,0,0,0,0,0,0.0,0,0,0,0,0,0,0,0,0,0.0,0,0,0,0,0.0,0,0,0,0,0,0,0,0,0.0,0,0,0,0,0,0,6,0,1,7,3.202195791399817,4,2,1,0,0,0,0.0,0.0,0,0,0,1,0,0,7,0.0,0,0.000000
K231195,/Users/winko/Library/Mobile Documents/com~apple~CloudDocs/Research/1.5-Policy/data/raw_text/K231195.txt,4662,0,0,0,0,0,0,0,0.0,0,0,0,0,0,13,10,0,23,4.933504933504933,0,0,23,0,0.0,0,0,0,0,0,4,7,11,2.3595023595023594,0,0,11,0,0,0,6,0,4,10,2.145002145002145,6,1,3,0,0,0,0.0,0.0,0,0,0,1,0,23,10,2.3,0,2.300000
K231207,/Users/winko/Library/Mobile Documents/com~apple~CloudDocs/Research/1.5-Policy/data/raw_text/K231207.txt,2732,0,0,0,0,0,0,0,0.0,0,0,0,0,1,0,0,0,1,0.36603221083455345,0,1,0,0,0.0,0,0,0,0,0,0,0,0,0.0,0,0,0,0,0,0,5,0,0,5,1.8301610541727673,4,1,0,0,0,0,0.0,0.0,0,0,0,1,0,1,5,0.2,0,0.200000
K231281,/Users/winko/Library/Mobile Documents/com~apple~CloudDocs/Research/1.5-Policy/data/raw_text/K231281.txt,2261,0,0,0,0,0,0,0,0.0,0,0,0,0,0,0,0,0,0,0.0,0,0,0,0,0.0,0,0,0,0,0,0,0,0,0.0,0,0,0,0,0,0,6,0,0,6,2.6536930561698364,4,2,0,0,0,0,0.0,0.0,0,0,0,1,0,0,6,0.0,0,0.000000
K231324,/Users/winko/Library/Mobile Documents/com~apple~CloudDocs/Research/1.5-Policy/data/raw_text/K231324.txt,3623,0,0,0,0,0,0,0,0.0,0,0,0,0,2,2,0,0,4,1.1040574109853714,0,0,4,0,0.0,0,0,0,0,1,1,1,3,0.8280430582390284,0,3,0,0,0,0,4,0,0,4,1.1040574109853714,4,0,0,0,0,0,0.0,0.0,0,0,0,1,0,4,4,1.0,0,1.000000
K231335,/Users/winko/Library/Mobile Documents/com~apple~CloudDocs/Research/1.5-Policy/data/raw_text/K231335.txt,2883,0,0,0,0,0,0,0,0.0,0,0,0,0,0,3,3,0,6,2.081165452653486,0,0,6,0,0.0,0,0,0,0,0,0,1,1,0.346860908775581,0,1,0,0,0,0,6,0,0,6,2.081165452653486,4,2,0,0,0,0,0.0,0.0,0,0,0,1,0,6,6,1.0,0,1.000000
K231355,/Users/winko/Library/Mobile Documents/com~apple~CloudDocs/Research/1.5-Policy/data/raw_text/K231355.txt,3926,0,0,0,0,0,0,0,0.0,0,0,0,0,1,3,3,0,7,1.782985226693836,1,0,6,0,0.0,0,0,0,0,0,0,0,0,0.0,0,0,0,0,0,0,7,0,1,8,2.0376974019358127,7,1,0,0,0,0,0.0,0.0,0,0,0,1,0,7,8,0.875,0,0.875000
K231384,/Users/winko/Library/Mobile Documents/com~apple~CloudDocs/Research/1.5-Policy/data/raw_text/K231384.txt,2715,0,0,0,0,0,1,1,0.3683241252302026,0,0,1,0,0,2,2,0,4,1.4732965009208103,0,0,4,0,0.0,0,0,0,1,1,1,1,4,1.4732965009208103,0,0,4,0,0,0,6,0,4,10,3.6832412523020257,5,4,1,0,0,0,0.0,0.0,0,0,0,1,0,4,10,0.4,0,0.400000
K231396,/Users/winko/Library/Mobile Documents/com~apple~CloudDocs/Research/1.5-Policy/data/raw_text/K231396.txt,2598,0,0,0,0,0,0,0,0.0,0,0,0,0,2,0,0,0,2,0.7698229407236336,0,0,2,0,0.0,0,0,0,0,0,0,2,2,0.7698229407236336,0,1,1,0,0,0,6,0,0,6,2.3094688221709005,4,2,0,0,0,0,0.0,0.0,0,0,0,1,0,2,6,0.3333333333333333,0,0.333333
K231398,/Users/winko/Library/Mobile Documents/com~apple~CloudDocs/Research/1.5-Policy/data/raw_text/K231398.txt,3133,0,0,0,0,0,0,0,0.0,0,0,0,0,4,0,0,0,4,1.2767315671879989,0,0,4,0,0.0,0,0,0,0,0,0,0,0,0.0,0,0,0,0,0,0,6,0,7,13,4.149377593360996,5,8,0,0,0,0,0.0,0.0,0,0,0,1,0,4,13,0.3076923076923077,0,0.307692
K231459,/Users/winko/Library/Mobile Documents/com~apple~CloudDocs/Research/1.5-Policy/data/raw_text/K231459.txt,4985,0,0,0,0,0,1,1,0.20060180541624872,1,0,0,0,0,1,2,0,3,0.6018054162487463,0,0,3,0,0.0,0,0,0,0,0,3,4,7,1.4042126379137414,2,2,3,0,0,0,6,0,0,6,1.2036108324974926,5,1,0,0,0,0,0.0,0.0,0,0,0,1,0,3,6,0.5,0,0.500000
K231470,/Users/winko/Library/Mobile Documents/com~apple~CloudDocs/Research/1.5-Policy/data/raw_text/K231470.txt,2988,0,0,0,0,0,0,0,0.0,0,0,0,0,0,0,0,0,0,0.0,0,0,0,0,0.0,0,0,0,2,1,0,1,4,1.3386880856760375,0,0,4,0,0,0,11,0,0,11,3.6813922356091027,4,7,0,0,0,0,0.0,0.0,0,0,0,1,0,0,11,0.0,0,0.000000
K231560,/Users/winko/Library/Mobile Documents/com~apple~CloudDocs/Research/1.5-Policy/data/raw_text/K231560.txt,4212,0,0,0,0,0,0,0,0.0,0,0,0,0,0,0,0,0,0,0.0,0,0,0,0,0.0,0,0,0,0,1,1,1,3,0.7122507122507122,0,0,3,0,0,0,4,0,1,5,1.1870845204178537,4,1,0,0,0,0,0.0,0.0,0,0,0,1,0,0,5,0.0,0,0.000000
K231570,/Users/winko/Library/Mobile Documents/com~apple~CloudDocs/Research/1.5-Policy/data/raw_text/K231570.txt,3318,0,0,0,0,0,0,0,0.0,0,0,0,0,0,0,0,0,0,0.0,0,0,0,0,0.0,0,0,0,0,0,0,0,0,0.0,0,0,0,0,0,0,8,0,0,8,2.4110910186859553,4,4,0,0,0,0,0.0,0.0,0,0,0,1,0,0,8,0.0,0,0.000000
K231572,/Users/winko/Library/Mobile Documents/com~apple~CloudDocs/Research/1.5-Policy/data/raw_text/K231572.txt,2474,0,0,0,0,0,0,0,0.0,0,0,0,0,0,0,0,0,0,0.0,0,0,0,0,0.0,0,0,0,0,0,0,0,0,0.0,0,0,0,0,0,0,6,0,0,6,2.425222312045271,4,2,0,0,0,0,0.0,0.0,0,0,0,1,0,0,6,0.0,0,0.000000
K231587,/Users/winko/Library/Mobile Documents/com~apple~CloudDocs/Research/1.5-Policy/data/raw_text/K231587.txt,4219,0,0,0,0,0,0,0,0.0,0,0,0,0,1,1,0,0,2,0.47404598246029866,0,0,2,0,0.0,0,0,0,0,1,1,1,3,0.711068973690448,0,3,0,0,0,0,4,0,1,5,1.1851149561507466,4,1,0,0,0,0,0.0,0.0,0,0,0,1,0,2,5,0.4,0,0.400000
K231617,/Users/winko/Library/Mobile Documents/com~apple~CloudDocs/Research/1.5-Policy/data/raw_text/K231617.txt,3824,0,0,0,0,0,0,0,0.0,0,0,0,0,0,0,0,0,0,0.0,0,0,0,0,0.0,0,0,0,0,2,2,2,6,1.5690376569037656,0,6,0,0,0,0,4,0,1,5,1.307531380753138,4,1,0,0,0,0,0.0,0.0,0,0,0,1,0,0,5,0.0,0,0.000000
K231631,/Users/winko/Library/Mobile Documents/com~apple~CloudDocs/Research/1.5-Policy/data/raw_text/K231631.txt,3593,0,0,0,0,0,1,1,0.27831895352073477,0,1,0,0,0,0,0,0,0,0.0,0,0,0,0,0.0,0,0,0,0,0,3,5,8,2.226551628165878,0,1,7,0,0,0,6,0,1,7,1.9482326746451435,7,0,0,0,0,0,0.0,0.0,0,0,0,1,0,0,7,0.0,0,0.000000
K231642,/Users/winko/Library/Mobile Documents/com~apple~CloudDocs/Research/1.5-Policy/data/raw_text/K231642.txt,2276,0,0,0,0,0,0,0,0.0,0,0,0,0,1,0,0,0,1,0.43936731107205623,0,1,0,0,0.0,0,0,0,0,0,0,0,0,0.0,0,0,0,0,0,0,6,0,0,6,2.6362038664323375,4,2,0,0,0,0,0.0,0.0,0,0,0,1,0,1,6,0.16666666666666666,0,0.166667
K231668,/Users/winko/Library/Mobile Documents/com~apple~CloudDocs/Research/1.5-Policy/data/raw_text/K231668.txt,2050,0,0,0,0,0,0,0,0.0,0,0,0,0,0,0,0,0,0,0.0,0,0,0,0,0.0,0,0,0,0,0,0,2,2,0.975609756097561,0,1,1,0,0,0,4,0,0,4,1.951219512195122,4,0,0,0,0,0,0.0,0.0,0,0,0,1,0,0,4,0.0,0,0.000000
K231677,/Users/winko/Library/Mobile Documents/com~apple~CloudDocs/Research/1.5-Policy/data/raw_text/K231677.txt,3330,0,0,0,0,0,0,0,0.0,0,0,0,2,5,0,0,0,7,2.1021021021021022,0,2,5,0,0.0,0,0,0,1,0,1,0,2,0.6006006006006006,0,1,1,0,0,0,6,0,0,6,1.8018018018018018,6,0,0,0,0,0,0.0,0.0,0,0,0,1,0,7,6,1.1666666666666667,0,1.166667
K231678,/Users/winko/Library/Mobile Documents/com~apple~CloudDocs/Research/1.5-Policy/data/raw_text/K231678.txt,2264,0,0,0,0,0,0,0,0.0,0,0,0,2,0,9,7,0,18,7.950530035335689,0,0,18,0,0.0,0,0,0,0,0,0,2,2,0.8833922261484098,0,2,0,0,0,0,4,0,0,4,1.7667844522968197,4,0,0,0,0,0,0.0,0.0,0,0,0,1,0,18,4,4.5,0,4.500000
K231683,/Users/winko/Library/Mobile Documents/com~apple~CloudDocs/Research/1.5-Policy/data/raw_text/K231683.txt,3070,0,0,0,0,0,0,0,0.0,0,0,0,0,1,0,0,0,1,0.32573289902280134,0,0,1,0,0.0,0,0,0,0,1,1,1,3,0.9771986970684039,0,3,0,0,0,0,6,0,0,6,1.9543973941368078,4,2,0,1,0,0,0.0,0.0,0,0,0,1,0,1,6,0.16666666666666666,0,0.166667
K231690,/Users/winko/Library/Mobile Documents/com~apple~CloudDocs/Research/1.5-Policy/data/raw_text/K231690.txt,3059,0,0,0,0,0,0,0,0.0,0,0,0,0,0,0,0,0,0,0.0,0,0,0,0,0.0,0,0,0,0,0,0,1,1,0.32690421706440015,0,0,1,0,0,0,6,0,1,7,2.288329519450801,4,2,1,0,0,0,0.0,0.0,0,0,0,1,0,0,7,0.0,0,0.000000
K231748,/Users/winko/Library/Mobile Documents/com~apple~CloudDocs/Research/1.5-Policy/data/raw_text/K231748.txt,3118,0,0,0,0,0,0,0,0.0,0,0,0,0,1,0,0,0,1,0.32071840923669015,0,0,1,0,0.0,0,0,0,0,0,0,0,0,0.0,0,0,0,0,0,0,5,0,0,5,1.603592046183451,4,1,0,0,0,0,0.0,0.0,0,0,0,1,0,1,5,0.2,0,0.200000
K231757,/Users/winko/Library/Mobile Documents/com~apple~CloudDocs/Research/1.5-Policy/data/raw_text/K231757.txt,2404,0,0,0,0,0,0,0,0.0,0,0,0,0,1,0,0,0,1,0.415973377703827,0,0,1,0,0.0,0,0,0,0,0,0,0,0,0.0,0,0,0,0,0,0,10,0,1,11,4.575707154742097,6,4,1,0,0,0,0.0,0.0,0,0,0,1,0,1,11,0.09090909090909091,0,0.090909
K231764,/Users/winko/Library/Mobile Documents/com~apple~CloudDocs/Research/1.5-Policy/data/raw_text/K231764.txt,3743,0,0,0,0,0,0,0,0.0,0,0,0,0,0,0,0,0,0,0.0,0,0,0,0,0.0,0,0,0,0,1,1,2,4,1.0686615014694096,0,0,4,0,0,0,9,0,11,20,5.343307507347047,9,9,2,0,0,0,0.0,0.0,0,0,0,1,0,0,20,0.0,0,0.000000
K231765,/Users/winko/Library/Mobile Documents/com~apple~CloudDocs/Research/1.5-Policy/data/raw_text/K231765.txt,6985,0,0,0,0,0,0,0,0.0,0,0,0,0,3,0,0,0,3,0.4294917680744452,0,2,1,0,0.0,0,0,0,0,0,0,6,6,0.8589835361488904,1,2,3,0,0,0,4,0,0,4,0.572655690765927,4,0,0,0,0,0,0.0,0.0,0,0,0,1,0,3,4,0.75,0,0.750000
K231767,/Users/winko/Library/Mobile Documents/com~apple~CloudDocs/Research/1.5-Policy/data/raw_text/K231767.txt,2694,0,0,0,0,0,1,1,0.3711952487008166,0,0,1,0,0,2,2,0,4,1.4847809948032664,0,0,4,0,0.0,0,0,0,1,1,1,1,4,1.4847809948032664,0,0,4,0,0,0,6,0,4,10,3.711952487008166,5,4,1,0,0,0,0.0,0.0,0,0,0,1,0,4,10,0.4,0,0.400000
K231772,/Users/winko/Library/Mobile Documents/com~apple~CloudDocs/Research/1.5-Policy/data/raw_text/K231772.txt,3174,0,0,0,0,0,0,0,0.0,0,0,0,0,7,0,0,0,7,2.205419029615627,0,0,7,0,0.0,0,0,0,0,2,0,4,6,1.890359168241966,0,0,6,0,0,0,6,0,2,8,2.520478890989288,5,3,0,1,0,0,0.0,0.0,0,0,0,1,0,7,8,0.875,0,0.875000
K231779,/Users/winko/Library/Mobile Documents/com~apple~CloudDocs/Research/1.5-Policy/data/raw_text/K231779.txt,4217,0,0,0,0,0,0,0,0.0,0,0,0,0,0,9,0,0,9,2.1342186388427793,0,0,9,0,0.0,0,0,0,0,0,3,5,8,1.8970832345269149,0,0,8,0,0,0,8,0,6,14,3.319895660422101,4,4,6,0,0,0,0.0,0.0,0,0,0,1,0,9,14,0.6428571428571429,0,0.642857
K231805,/Users/winko/Library/Mobile Documents/com~apple~CloudDocs/Research/1.5-Policy/data/raw_text/K231805.txt,3002,0,0,0,0,0,0,0,0.0,0,0,0,3,0,10,1,0,14,4.663557628247834,0,0,14,0,0.0,0,0,0,2,0,2,3,7,2.331778814123917,0,0,7,0,0,0,6,0,0,6,1.998667554963358,4,2,0,0,0,0,0.0,0.0,0,0,0,1,0,14,6,2.3333333333333335,0,2.333333
K231833,/Users/winko/Library/Mobile Documents/com~apple~CloudDocs/Research/1.5-Policy/data/raw_text/K231833.txt,2730,0,0,0,0,0,0,0,0.0,0,0,0,0,1,1,0,0,2,0.7326007326007326,0,0,2,0,0.0,0,0,0,0,0,0,0,0,0.0,0,0,0,0,0,0,10,0,0,10,3.663003663003663,4,6,0,0,0,0,0.0,0.0,0,0,0,1,0,2,10,0.2,0,0.200000
K231837,/Users/winko/Library/Mobile Documents/com~apple~CloudDocs/Research/1.5-Policy/data/raw_text/K231837.txt,5345,0,0,0,0,0,0,0,0.0,0,0,0,8,0,12,11,0,31,5.799812909260992,0,28,3,0,0.0,0,0,0,2,1,3,6,12,2.2450888681010293,0,12,0,0,0,0,8,0,4,12,2.2450888681010293,8,0,4,0,0,0,0.0,0.0,0,0,0,1,0,31,12,2.5833333333333335,0,2.583333
K231855,/Users/winko/Library/Mobile Documents/com~apple~CloudDocs/Research/1.5-Policy/data/raw_text/K231855.txt,3590,0,0,0,0,0,0,0,0.0,0,0,0,0,3,0,0,0,3,0.8356545961002785,0,0,3,0,0.0,0,0,0,0,1,1,1,3,0.8356545961002785,0,0,3,0,0,0,8,0,0,8,2.2284122562674096,6,2,0,0,0,0,0.0,0.0,0,0,0,1,0,3,8,0.375,0,0.375000
K231871,/Users/winko/Library/Mobile Documents/com~apple~CloudDocs/Research/1.5-Policy/data/raw_text/K231871.txt,4267,0,0,0,0,0,0,0,0.0,0,0,0,24,4,13,13,0,54,12.655261307710335,0,0,54,0,0.0,0,0,0,0,0,0,8,8,1.8748535270681979,0,0,8,0,0,0,6,0,0,6,1.4061401453011484,6,0,0,0,0,0,0.0,0.0,0,0,0,1,0,54,6,9.0,0,9.000000
K231898,/Users/winko/Library/Mobile Documents/com~apple~CloudDocs/Research/1.5-Policy/data/raw_text/K231898.txt,3340,0,0,0,0,0,0,0,0.0,0,0,0,0,0,0,0,0,0,0.0,0,0,0,0,0.0,0,0,0,0,0,0,3,3,0.8982035928143712,0,3,0,0,0,0,4,0,0,4,1.1976047904191616,4,0,0,0,0,0,0.0,0.0,0,0,0,1,0,0,4,0.0,0,0.000000
K231917,/Users/winko/Library/Mobile Documents/com~apple~CloudDocs/Research/1.5-Policy/data/raw_text/K231917.txt,3086,0,0,0,0,0,0,0,0.0,0,0,0,0,1,0,0,0,1,0.32404406999351915,0,0,1,0,0.0,0,0,0,0,0,0,2,2,0.6480881399870383,0,0,2,0,0,0,10,0,2,12,3.8885288399222295,6,4,2,0,0,0,0.0,0.0,0,0,0,1,0,1,12,0.08333333333333333,0,0.083333
K231928,/Users/winko/Library/Mobile Documents/com~apple~CloudDocs/Research/1.5-Policy/data/raw_text/K231928.txt,5043,0,0,0,0,0,0,0,0.0,0,0,0,0,0,0,0,0,0,0.0,0,0,0,0,0.0,0,0,0,1,0,5,5,11,2.181241324608368,0,0,11,0,0,0,6,0,1,7,1.388062661114416,7,0,0,0,0,0,0.0,0.0,0,0,0,1,0,0,7,0.0,0,0.000000
K231929,/Users/winko/Library/Mobile Documents/com~apple~CloudDocs/Research/1.5-Policy/data/raw_text/K231929.txt,5400,0,0,0,0,0,0,0,0.0,0,0,0,0,5,0,0,0,5,0.9259259259259259,0,0,5,0,0.0,0,0,0,0,0,0,1,1,0.18518518518518517,0,0,1,0,0,0,8,0,1,9,1.6666666666666667,8,0,1,0,0,0,0.0,0.0,0,0,0,1,0,5,9,0.5555555555555556,0,0.555556
K231955,/Users/winko/Library/Mobile Documents/com~apple~CloudDocs/Research/1.5-Policy/data/raw_text/K231955.txt,2034,0,0,0,0,0,0,0,0.0,0,0,0,0,1,1,1,0,3,1.4749262536873156,0,0,3,0,0.0,0,0,0,0,0,0,0,0,0.0,0,0,0,0,0,0,5,0,0,5,2.4582104228121926,4,1,0,0,0,0,0.0,0.0,0,0,0,1,0,3,5,0.6,0,0.600000
K231965,/Users/winko/Library/Mobile Documents/com~apple~CloudDocs/Research/1.5-Policy/data/raw_text/K231965.txt,5205,0,0,0,0,0,0,0,0.0,0,0,0,0,8,0,0,0,8,1.536983669548511,0,3,5,0,0.0,0,0,0,0,6,0,7,13,2.49759846301633,0,6,7,0,0,0,7,0,0,7,1.3448607108549473,7,0,0,0,0,0,0.0,0.0,0,0,0,1,0,8,7,1.1428571428571428,0,1.142857
K231966,/Users/winko/Library/Mobile Documents/com~apple~CloudDocs/Research/1.5-Policy/data/raw_text/K231966.txt,3129,0,0,0,0,0,0,0,0.0,0,0,0,0,4,0,0,0,4,1.278363694471077,0,2,2,0,0.0,0,0,0,0,3,3,5,11,3.515500159795462,0,3,8,0,0,0,7,0,0,7,2.237136465324385,4,1,2,0,0,0,0.0,0.0,0,0,0,1,0,4,7,0.5714285714285714,0,0.571429
K231989,/Users/winko/Library/Mobile Documents/com~apple~CloudDocs/Research/1.5-Policy/data/raw_text/K231989.txt,3099,0,0,0,0,0,0,0,0.0,0,0,0,0,4,0,0,0,4,1.2907389480477574,0,2,2,0,0.0,0,0,0,0,3,3,5,11,3.549532107131333,0,3,8,0,0,0,7,0,0,7,2.258793159083575,5,0,2,0,0,0,0.0,0.0,0,0,0,1,0,4,7,0.5714285714285714,0,0.571429
K232000,/Users/winko/Library/Mobile Documents/com~apple~CloudDocs/Research/1.5-Policy/data/raw_text/K232000.txt,3345,0,0,0,0,0,0,0,0.0,0,0,0,0,3,0,0,0,3,0.8968609865470852,0,0,3,0,0.0,0,0,0,0,0,0,0,0,0.0,0,0,0,0,0,0,10,0,0,10,2.9895366218236172,4,6,0,0,0,0,0.0,0.0,0,0,0,1,0,3,10,0.3,0,0.300000
K232023,/Users/winko/Library/Mobile Documents/com~apple~CloudDocs/Research/1.5-Policy/data/raw_text/K232023.txt,2913,0,0,0,0,0,0,0,0.0,0,0,0,0,0,0,0,0,0,0.0,0,0,0,0,0.0,0,0,0,0,0,1,1,2,0.6865774116031583,0,0,2,0,0,0,3,0,2,5,1.7164435290078957,3,0,2,0,0,0,0.0,0.0,0,0,0,1,0,0,5,0.0,0,0.000000
K232035,/Users/winko/Library/Mobile Documents/com~apple~CloudDocs/Research/1.5-Policy/data/raw_text/K232035.txt,3160,0,0,0,0,0,0,0,0.0,0,0,0,0,0,0,1,0,1,0.31645569620253167,0,1,0,0,0.0,0,0,0,0,0,0,2,2,0.6329113924050633,0,1,1,0,0,0,5,0,0,5,1.5822784810126582,4,1,0,0,0,0,0.0,0.0,0,0,0,1,0,1,5,0.2,0,0.200000
K232045,/Users/winko/Library/Mobile Documents/com~apple~CloudDocs/Research/1.5-Policy/data/raw_text/K232045.txt,6824,0,0,0,0,0,0,0,0.0,0,0,0,0,2,0,0,0,2,0.2930832356389214,0,0,2,0,0.0,0,0,0,0,0,0,4,4,0.5861664712778428,1,2,1,0,0,0,6,0,9,15,2.198124267291911,9,6,0,1,0,0,0.0,0.0,0,0,0,1,0,2,15,0.13333333333333333,0,0.133333
K232083,/Users/winko/Library/Mobile Documents/com~apple~CloudDocs/Research/1.5-Policy/data/raw_text/K232083.txt,3017,0,0,0,0,0,0,0,0.0,0,0,0,0,0,0,0,0,0,0.0,0,0,0,0,0.0,0,0,0,0,0,5,3,8,2.651640702684786,0,0,8,0,0,0,6,0,1,7,2.320185614849188,4,3,0,0,0,0,0.0,0.0,0,0,0,1,0,0,7,0.0,0,0.000000
K232096,/Users/winko/Library/Mobile Documents/com~apple~CloudDocs/Research/1.5-Policy/data/raw_text/K232096.txt,3644,0,0,0,0,0,0,0,0.0,0,0,0,0,4,1,1,0,6,1.646542261251372,0,0,6,0,0.0,0,0,0,0,0,0,1,1,0.27442371020856204,0,0,1,0,0,0,6,0,1,7,1.920965971459934,5,2,0,0,0,0,0.0,0.0,0,0,0,1,0,6,7,0.8571428571428571,0,0.857143
K232140,/Users/winko/Library/Mobile Documents/com~apple~CloudDocs/Research/1.5-Policy/data/raw_text/K232140.txt,4072,0,0,0,0,0,0,0,0.0,0,0,0,0,3,0,0,0,3,0.7367387033398821,0,3,0,0,0.0,0,0,0,0,1,1,1,3,0.7367387033398821,0,3,0,0,0,0,5,0,4,9,2.2102161100196462,7,2,0,0,0,0,0.0,0.0,0,0,0,1,0,3,9,0.3333333333333333,0,0.333333
K232145,/Users/winko/Library/Mobile Documents/com~apple~CloudDocs/Research/1.5-Policy/data/raw_text/K232145.txt,5603,0,0,0,0,0,0,0,0.0,0,0,0,0,2,0,0,0,2,0.3569516330537212,0,0,2,0,0.0,0,0,0,0,8,8,8,24,4.283419596644655,0,0,24,0,0,0,5,0,0,5,0.8923790826343031,5,0,0,0,0,0,0.0,0.0,0,0,0,1,0,2,5,0.4,0,0.400000
K232148,/Users/winko/Library/Mobile Documents/com~apple~CloudDocs/Research/1.5-Policy/data/raw_text/K232148.txt,6100,0,0,0,0,0,1,1,0.16393442622950818,1,0,0,0,4,0,0,0,4,0.6557377049180327,3,1,0,0,0.0,0,0,0,0,0,0,0,0,0.0,0,0,0,0,0,0,7,0,1,8,1.3114754098360655,5,1,2,0,0,0,0.0,0.0,0,0,0,1,0,4,8,0.5,0,0.500000
K232156,/Users/winko/Library/Mobile Documents/com~apple~CloudDocs/Research/1.5-Policy/data/raw_text/K232156.txt,4754,0,0,0,0,0,2,2,0.4206983592763988,0,1,1,0,1,2,0,0,3,0.6310475389145982,0,2,1,0,0.0,0,0,0,0,0,2,3,5,1.051745898190997,0,5,0,0,0,0,4,0,0,4,0.8413967185527976,4,0,0,1,0,0,0.0,0.0,0,0,0,1,0,3,4,0.75,0,0.750000
K232231,/Users/winko/Library/Mobile Documents/com~apple~CloudDocs/Research/1.5-Policy/data/raw_text/K232231.txt,2998,0,0,0,0,0,0,0,0.0,0,0,0,0,0,0,0,0,0,0.0,0,0,0,0,0.0,0,0,0,0,0,2,2,4,1.33422281521014,0,4,0,0,0,0,7,0,2,9,3.002001334222815,4,5,0,0,0,0,0.0,0.0,0,0,0,1,0,0,9,0.0,0,0.000000
K232237,/Users/winko/Library/Mobile Documents/com~apple~CloudDocs/Research/1.5-Policy/data/raw_text/K232237.txt,4934,0,0,0,0,0,0,0,0.0,0,0,0,4,7,7,7,0,25,5.066882853668424,0,0,25,0,0.0,0,0,0,0,0,1,2,3,0.6080259424402108,0,0,3,0,0,0,9,0,3,12,2.432103769760843,11,1,0,1,0,0,0.0,0.0,0,0,0,1,0,25,12,2.0833333333333335,0,2.083333
K232250,/Users/winko/Library/Mobile Documents/com~apple~CloudDocs/Research/1.5-Policy/data/raw_text/K232250.txt,3170,0,0,0,0,0,1,1,0.3154574132492114,0,1,0,0,2,0,0,0,2,0.6309148264984228,0,0,2,0,0.0,0,0,0,0,0,0,0,0,0.0,0,0,0,0,0,0,9,0,2,11,3.470031545741325,4,5,2,0,0,0,0.0,0.0,0,0,0,1,0,2,11,0.18181818181818182,0,0.181818
K232257,/Users/winko/Library/Mobile Documents/com~apple~CloudDocs/Research/1.5-Policy/data/raw_text/K232257.txt,5013,0,0,0,0,0,0,0,0.0,0,0,0,0,0,0,0,0,0,0.0,0,0,0,0,0.0,0,0,0,0,0,5,5,10,1.994813484939158,0,0,10,0,0,0,9,0,3,12,2.39377618192699,9,1,2,0,0,0,0.0,0.0,0,0,0,1,0,0,12,0.0,0,0.000000
K232305,/Users/winko/Library/Mobile Documents/com~apple~CloudDocs/Research/1.5-Policy/data/raw_text/K232305.txt,5217,0,0,0,0,0,0,0,0.0,0,0,0,0,4,0,0,0,4,0.7667241709794901,0,0,4,0,0.0,0,0,0,0,0,2,5,7,1.3417672992141076,1,4,2,0,0,0,10,0,0,10,1.9168104274487254,10,0,0,0,0,0,0.0,0.0,0,0,0,1,0,4,10,0.4,0,0.400000
K232322,/Users/winko/Library/Mobile Documents/com~apple~CloudDocs/Research/1.5-Policy/data/raw_text/K232322.txt,5657,0,0,0,0,0,0,0,0.0,0,0,0,0,0,1,0,0,1,0.17677214071062403,0,1,0,0,0.0,0,0,0,0,3,4,4,11,1.944493547816864,0,11,0,0,0,0,4,0,2,6,1.060632844263744,5,1,0,0,0,0,0.0,0.0,0,0,0,1,0,1,6,0.16666666666666666,0,0.166667
K232331,/Users/winko/Library/Mobile Documents/com~apple~CloudDocs/Research/1.5-Policy/data/raw_text/K232331.txt,2085,0,0,0,0,0,0,0,0.0,0,0,0,0,1,0,0,0,1,0.47961630695443647,0,0,1,0,0.0,0,0,0,1,1,1,1,4,1.9184652278177459,0,0,4,0,0,0,5,0,0,5,2.398081534772182,4,1,0,0,0,0,0.0,0.0,0,0,0,1,0,1,5,0.2,0,0.200000
K232363,/Users/winko/Library/Mobile Documents/com~apple~CloudDocs/Research/1.5-Policy/data/raw_text/K232363.txt,2970,0,0,0,0,0,0,0,0.0,0,0,0,0,0,0,0,0,0,0.0,0,0,0,0,0.0,0,0,0,0,0,1,1,2,0.6734006734006734,0,0,2,0,0,0,6,0,0,6,2.0202020202020203,4,2,0,0,0,0,0.0,0.0,0,0,0,1,0,0,6,0.0,0,0.000000
K232367,/Users/winko/Library/Mobile Documents/com~apple~CloudDocs/Research/1.5-Policy/data/raw_text/K232367.txt,1247,0,0,0,0,0,0,0,0.0,0,0,0,0,0,0,0,0,0,0.0,0,0,0,0,0.0,0,0,0,0,0,0,0,0,0.0,0,0,0,0,0,0,4,0,0,4,3.2076984763432237,4,0,0,0,0,0,0.0,0.0,0,0,0,1,0,0,4,0.0,0,0.000000
K232381,/Users/winko/Library/Mobile Documents/com~apple~CloudDocs/Research/1.5-Policy/data/raw_text/K232381.txt,2837,0,0,0,0,0,0,0,0.0,0,0,0,0,2,0,0,0,2,0.7049700387733521,0,0,2,0,0.0,0,0,0,0,2,2,6,10,3.5248501938667607,0,0,10,0,0,0,5,0,0,5,1.7624250969333803,4,1,0,0,0,0,0.0,0.0,0,0,0,1,0,2,5,0.4,0,0.400000
K232384,/Users/winko/Library/Mobile Documents/com~apple~CloudDocs/Research/1.5-Policy/data/raw_text/K232384.txt,4979,0,0,0,0,0,0,0,0.0,0,0,0,0,2,5,8,0,15,3.012653143201446,0,3,12,0,0.0,0,0,0,0,0,1,30,31,6.226149829282989,4,14,13,0,0,0,6,0,0,6,1.2050612572805786,6,0,0,1,0,0,0.0,0.0,0,0,0,1,0,15,6,2.5,0,2.500000
K232410,/Users/winko/Library/Mobile Documents/com~apple~CloudDocs/Research/1.5-Policy/data/raw_text/K232410.txt,3114,0,0,0,0,0,0,0,0.0,0,0,0,3,0,3,3,0,9,2.890173410404624,0,0,9,0,0.0,0,0,0,0,0,0,5,5,1.6056518946692357,0,3,2,0,0,0,4,0,1,5,1.6056518946692357,4,0,1,0,0,0,0.0,0.0,0,0,0,1,0,9,5,1.8,0,1.800000
K232412,/Users/winko/Library/Mobile Documents/com~apple~CloudDocs/Research/1.5-Policy/data/raw_text/K232412.txt,3159,0,0,0,0,0,0,0,0.0,0,0,0,1,0,0,0,0,1,0.31655587211142766,0,0,1,0,0.0,0,0,0,0,0,0,0,0,0.0,0,0,0,0,0,0,8,0,0,8,2.5324469768914213,4,4,0,0,0,0,0.0,0.0,0,0,0,1,0,1,8,0.125,0,0.125000
K232416,/Users/winko/Library/Mobile Documents/com~apple~CloudDocs/Research/1.5-Policy/data/raw_text/K232416.txt,6354,0,0,0,0,0,0,0,0.0,0,0,0,0,0,1,1,0,2,0.3147623544224111,0,0,2,0,0.0,0,0,0,0,0,0,0,0,0.0,0,0,0,0,0,0,7,0,2,9,1.41643059490085,7,2,0,0,0,0,0.0,0.0,0,0,0,1,0,2,9,0.2222222222222222,0,0.222222
K232431,/Users/winko/Library/Mobile Documents/com~apple~CloudDocs/Research/1.5-Policy/data/raw_text/K232431.txt,2559,0,0,0,0,0,0,0,0.0,0,0,0,0,0,6,5,0,11,4.298554122704181,0,1,10,0,0.0,0,0,0,0,0,0,0,0,0.0,0,0,0,0,0,0,8,0,0,8,3.126221180148496,4,4,0,0,0,0,0.0,0.0,0,0,0,1,0,11,8,1.375,0,1.375000
K232436,/Users/winko/Library/Mobile Documents/com~apple~CloudDocs/Research/1.5-Policy/data/raw_text/K232436.txt,3807,0,0,0,0,0,0,0,0.0,0,0,0,2,0,20,13,0,35,9.193590753874442,0,0,35,0,0.0,0,0,0,0,0,2,5,7,1.8387181507748882,0,0,7,0,0,0,4,0,0,4,1.050696086157079,4,0,0,0,0,0,0.0,0.0,0,0,0,1,0,35,4,8.75,0,8.750000
K232440,/Users/winko/Library/Mobile Documents/com~apple~CloudDocs/Research/1.5-Policy/data/raw_text/K232440.txt,2508,0,0,0,0,0,0,0,0.0,0,0,0,0,1,2,2,0,5,1.993620414673046,0,0,5,0,0.0,0,0,0,0,0,1,2,3,1.1961722488038278,0,1,2,0,0,0,6,0,1,7,2.7910685805422646,4,2,1,1,0,0,0.0,0.0,0,0,0,1,0,5,7,0.7142857142857143,0,0.714286
K232479,/Users/winko/Library/Mobile Documents/com~apple~CloudDocs/Research/1.5-Policy/data/raw_text/K232479.txt,11689,0,0,1,0,0,1,2,0.17110103516126274,0,0,2,0,1,0,0,0,1,0.08555051758063137,0,0,1,0,0.0,0,0,0,0,6,12,17,35,2.994268115322098,3,1,31,0,0,0,6,0,0,6,0.5133031054837881,6,0,0,0,0,0,0.0,0.0,0,0,0,1,0,1,6,0.16666666666666666,0,0.166667
K232482,/Users/winko/Library/Mobile Documents/com~apple~CloudDocs/Research/1.5-Policy/data/raw_text/K232482.txt,2699,0,0,0,0,0,0,0,0.0,0,0,0,0,0,0,0,0,0,0.0,0,0,0,0,0.0,0,0,0,0,0,0,0,0,0.0,0,0,0,0,0,0,4,0,2,6,2.223045572434235,4,2,0,0,0,0,0.0,0.0,0,0,0,1,0,0,6,0.0,0,0.000000
K232491,/Users/winko/Library/Mobile Documents/com~apple~CloudDocs/Research/1.5-Policy/data/raw_text/K232491.txt,5478,0,0,0,0,0,0,0,0.0,0,0,0,0,0,0,0,0,0,0.0,0,0,0,0,0.0,0,0,0,0,0,0,0,0,0.0,0,0,0,0,0,0,8,0,1,9,1.6429353778751368,9,0,0,0,0,0,0.0,0.0,0,0,0,1,0,0,9,0.0,0,0.000000
K232494,/Users/winko/Library/Mobile Documents/com~apple~CloudDocs/Research/1.5-Policy/data/raw_text/K232494.txt,3189,0,0,0,0,0,0,0,0.0,0,0,0,0,0,0,0,0,0,0.0,0,0,0,0,0.0,0,0,0,0,0,0,0,0,0.0,0,0,0,0,0,0,4,0,1,5,1.5678896205707118,4,1,0,0,0,0,0.0,0.0,0,0,0,1,0,0,5,0.0,0,0.000000
K232496,/Users/winko/Library/Mobile Documents/com~apple~CloudDocs/Research/1.5-Policy/data/raw_text/K232496.txt,5320,0,0,0,0,0,0,0,0.0,0,0,0,0,0,12,7,0,19,3.571428571428571,0,0,19,0,0.0,0,0,0,0,0,1,4,5,0.9398496240601504,0,0,5,0,0,0,6,0,3,9,1.6917293233082706,6,0,3,1,0,0,0.0,0.0,0,0,0,1,0,19,9,2.111111111111111,0,2.111111
K232500,/Users/winko/Library/Mobile Documents/com~apple~CloudDocs/Research/1.5-Policy/data/raw_text/K232500.txt,3999,0,0,0,0,0,0,0,0.0,0,0,0,0,0,0,0,0,0,0.0,0,0,0,0,0.0,0,0,0,0,0,1,1,2,0.5001250312578145,0,0,2,0,0,0,6,0,0,6,1.5003750937734435,6,0,0,0,0,0,0.0,0.0,0,0,0,1,0,0,6,0.0,0,0.000000
K232501,/Users/winko/Library/Mobile Documents/com~apple~CloudDocs/Research/1.5-Policy/data/raw_text/K232501.txt,2450,0,0,0,0,0,0,0,0.0,0,0,0,0,2,0,0,0,2,0.8163265306122449,0,0,2,0,0.0,0,0,0,0,1,2,1,4,1.6326530612244898,0,0,4,0,0,0,7,0,0,7,2.857142857142857,4,3,0,0,0,0,0.0,0.0,0,0,0,1,0,2,7,0.2857142857142857,0,0.285714
K232526,/Users/winko/Library/Mobile Documents/com~apple~CloudDocs/Research/1.5-Policy/data/raw_text/K232526.txt,2096,0,0,0,0,0,0,0,0.0,0,0,0,0,0,0,0,0,0,0.0,0,0,0,0,0.0,0,0,0,0,0,0,0,0,0.0,0,0,0,0,0,0,9,0,0,9,4.293893129770993,4,3,2,0,0,0,0.0,0.0,0,0,0,1,0,0,9,0.0,0,0.000000
K232535,/Users/winko/Library/Mobile Documents/com~apple~CloudDocs/Research/1.5-Policy/data/raw_text/K232535.txt,3807,0,0,0,0,0,0,0,0.0,0,0,0,0,1,0,0,0,1,0.2626740215392698,0,0,1,0,0.0,0,0,0,0,1,1,1,3,0.7880220646178093,0,3,0,0,0,0,4,0,1,5,1.3133701076963489,4,1,0,0,0,0,0.0,0.0,0,0,0,1,0,1,5,0.2,0,0.200000
K232613,/Users/winko/Library/Mobile Documents/com~apple~CloudDocs/Research/1.5-Policy/data/raw_text/K232613.txt,4203,0,0,0,0,0,0,0,0.0,0,0,0,0,2,0,0,0,2,0.4758505829169641,0,0,2,0,0.0,0,0,0,1,1,0,3,5,1.1896264572924102,0,1,4,0,0,0,11,0,1,12,2.8551034975017844,8,3,1,1,0,0,0.0,0.0,0,0,0,1,0,2,12,0.16666666666666666,0,0.166667
K232616,/Users/winko/Library/Mobile Documents/com~apple~CloudDocs/Research/1.5-Policy/data/raw_text/K232616.txt,3303,0,0,0,0,0,0,0,0.0,0,0,0,0,0,0,0,0,0,0.0,0,0,0,0,0.0,0,0,0,0,0,0,0,0,0.0,0,0,0,0,0,0,5,0,0,5,1.5137753557372085,5,0,0,0,0,0,0.0,0.0,0,0,0,1,0,0,5,0.0,0,0.000000
K232661,/Users/winko/Library/Mobile Documents/com~apple~CloudDocs/Research/1.5-Policy/data/raw_text/K232661.txt,3344,0,0,0,0,0,0,0,0.0,0,0,0,0,0,0,0,0,0,0.0,0,0,0,0,0.0,0,0,0,0,0,0,0,0,0.0,0,0,0,0,0,0,6,0,0,6,1.7942583732057418,5,0,1,0,0,0,0.0,0.0,0,0,0,1,0,0,6,0.0,0,0.000000
K232686,/Users/winko/Library/Mobile Documents/com~apple~CloudDocs/Research/1.5-Policy/data/raw_text/K232686.txt,4178,0,0,0,0,0,0,0,0.0,0,0,0,1,0,3,3,0,7,1.675442795595979,0,0,7,0,0.0,0,0,0,0,0,0,1,1,0.23934897079942558,1,0,0,0,0,0,5,0,3,8,1.9147917663954046,5,2,1,0,0,0,0.0,0.0,0,0,0,1,0,7,8,0.875,0,0.875000
K232698,/Users/winko/Library/Mobile Documents/com~apple~CloudDocs/Research/1.5-Policy/data/raw_text/K232698.txt,4518,0,0,0,0,0,0,0,0.0,0,0,0,0,0,0,0,0,0,0.0,0,0,0,0,0.0,0,0,0,0,0,0,8,8,1.7706949977866313,4,4,0,0,0,0,13,0,1,14,3.098716246126605,10,4,0,0,0,0,0.0,0.0,0,0,0,1,0,0,14,0.0,0,0.000000
K232699,/Users/winko/Library/Mobile Documents/com~apple~CloudDocs/Research/1.5-Policy/data/raw_text/K232699.txt,3825,0,0,0,0,0,0,0,0.0,0,0,0,0,0,7,7,0,14,3.6601307189542482,0,14,0,0,0.0,0,0,0,2,1,0,9,12,3.1372549019607843,0,12,0,0,0,0,6,0,1,7,1.8300653594771241,6,0,1,0,0,0,0.0,0.0,0,0,0,1,0,14,7,2.0,0,2.000000
K232704,/Users/winko/Library/Mobile Documents/com~apple~CloudDocs/Research/1.5-Policy/data/raw_text/K232704.txt,3375,0,0,0,0,0,0,0,0.0,0,0,0,0,0,0,0,0,0,0.0,0,0,0,0,0.0,0,0,0,0,0,0,0,0,0.0,0,0,0,0,0,0,6,0,4,10,2.962962962962963,5,2,3,0,0,0,0.0,0.0,0,0,0,1,0,0,10,0.0,0,0.000000
K232712,/Users/winko/Library/Mobile Documents/com~apple~CloudDocs/Research/1.5-Policy/data/raw_text/K232712.txt,2912,0,0,0,0,0,0,0,0.0,0,0,0,1,1,0,0,0,2,0.6868131868131868,0,0,2,0,0.0,0,0,0,0,0,0,0,0,0.0,0,0,0,0,0,0,7,0,0,7,2.403846153846154,4,3,0,0,0,0,0.0,0.0,0,0,0,1,0,2,7,0.2857142857142857,0,0.285714
K232751,/Users/winko/Library/Mobile Documents/com~apple~CloudDocs/Research/1.5-Policy/data/raw_text/K232751.txt,3937,0,0,0,0,0,0,0,0.0,0,0,0,0,0,6,5,0,11,2.794005588011176,0,0,11,0,0.0,0,0,0,0,0,3,3,6,1.524003048006096,0,0,6,0,0,0,6,0,1,7,1.7780035560071121,7,0,0,0,0,0,0.0,0.0,0,0,0,1,0,11,7,1.5714285714285714,0,1.571429
K232760,/Users/winko/Library/Mobile Documents/com~apple~CloudDocs/Research/1.5-Policy/data/raw_text/K232760.txt,2357,0,0,0,0,0,0,0,0.0,0,0,0,0,0,0,0,0,0,0.0,0,0,0,0,0.0,0,0,0,0,0,0,0,0,0.0,0,0,0,0,0,0,6,0,0,6,2.545608824777259,4,2,0,0,0,0,0.0,0.0,0,0,0,1,0,0,6,0.0,0,0.000000
K232765,/Users/winko/Library/Mobile Documents/com~apple~CloudDocs/Research/1.5-Policy/data/raw_text/K232765.txt,4189,0,0,0,0,0,0,0,0.0,0,0,0,0,1,1,0,0,2,0.47744091668656,0,0,2,0,0.0,0,0,0,0,1,1,1,3,0.7161613750298401,0,3,0,0,0,0,4,0,1,5,1.1936022917164002,4,1,0,0,0,0,0.0,0.0,0,0,0,1,0,2,5,0.4,0,0.400000
K232787,/Users/winko/Library/Mobile Documents/com~apple~CloudDocs/Research/1.5-Policy/data/raw_text/K232787.txt,2282,0,0,0,0,0,0,0,0.0,0,0,0,0,4,0,0,0,4,1.7528483786152498,0,0,4,0,0.0,0,0,0,0,0,0,5,5,2.1910604732690624,0,4,1,0,0,0,5,0,3,8,3.5056967572304996,4,1,3,0,0,0,0.0,0.0,0,0,0,1,0,4,8,0.5,0,0.500000
K232799,/Users/winko/Library/Mobile Documents/com~apple~CloudDocs/Research/1.5-Policy/data/raw_text/K232799.txt,3470,0,0,0,0,0,0,0,0.0,0,0,0,0,0,0,0,0,0,0.0,0,0,0,0,0.0,0,0,0,0,0,3,2,5,1.440922190201729,0,2,3,0,0,0,8,0,0,8,2.3054755043227666,4,4,0,1,0,0,0.0,0.0,0,0,0,1,0,0,8,0.0,0,0.000000
K232808,/Users/winko/Library/Mobile Documents/com~apple~CloudDocs/Research/1.5-Policy/data/raw_text/K232808.txt,3042,0,0,0,0,0,0,0,0.0,0,0,0,0,0,0,0,0,0,0.0,0,0,0,0,0.0,0,0,0,0,0,0,0,0,0.0,0,0,0,0,0,0,13,0,6,19,6.245890861275477,6,5,8,0,0,0,0.0,0.0,0,0,0,1,0,0,19,0.0,0,0.000000
K232835,/Users/winko/Library/Mobile Documents/com~apple~CloudDocs/Research/1.5-Policy/data/raw_text/K232835.txt,3110,0,0,0,0,0,0,0,0.0,0,0,0,0,1,1,0,0,2,0.6430868167202572,0,0,2,0,0.0,0,0,0,0,0,0,0,0,0.0,0,0,0,0,0,0,6,0,0,6,1.9292604501607717,4,2,0,0,0,0,0.0,0.0,0,0,0,1,0,2,6,0.3333333333333333,0,0.333333
K232841,/Users/winko/Library/Mobile Documents/com~apple~CloudDocs/Research/1.5-Policy/data/raw_text/K232841.txt,3619,0,0,0,0,0,0,0,0.0,0,0,0,0,2,0,0,0,2,0.5526388505111909,0,0,2,0,0.0,0,0,0,0,0,0,0,0,0.0,0,0,0,0,0,0,7,0,1,8,2.2105554020447635,5,3,0,0,0,0,0.0,0.0,0,0,0,1,0,2,8,0.25,0,0.250000
K232856,/Users/winko/Library/Mobile Documents/com~apple~CloudDocs/Research/1.5-Policy/data/raw_text/K232856.txt,4801,0,0,0,0,0,0,0,0.0,0,0,0,0,0,0,0,0,0,0.0,0,0,0,0,0.0,0,0,0,0,0,0,2,2,0.41657987919183503,0,2,0,0,0,0,14,0,1,15,3.1243490939387626,14,1,0,0,0,0,0.0,0.0,0,0,0,1,0,0,15,0.0,0,0.000000
K232899,/Users/winko/Library/Mobile Documents/com~apple~CloudDocs/Research/1.5-Policy/data/raw_text/K232899.txt,6578,0,0,0,0,0,0,0,0.0,0,0,0,0,2,0,0,0,2,0.3040437823046519,0,0,2,0,0.0,0,0,0,0,0,0,3,3,0.4560656734569778,0,0,3,0,0,0,16,0,0,16,2.432350258437215,16,0,0,0,0,0,0.0,0.0,0,0,0,1,0,2,16,0.125,0,0.125000
K232915,/Users/winko/Library/Mobile Documents/com~apple~CloudDocs/Research/1.5-Policy/data/raw_text/K232915.txt,5123,0,0,0,0,0,0,0,0.0,0,0,0,0,5,19,0,0,24,4.684755026351747,3,3,18,0,0.0,0,0,0,0,0,0,6,6,1.1711887565879366,0,2,4,0,0,0,9,0,8,17,3.318368143665821,11,5,1,0,0,0,0.0,0.0,0,0,0,1,0,24,17,1.411764705882353,0,1.411765
K232923,/Users/winko/Library/Mobile Documents/com~apple~CloudDocs/Research/1.5-Policy/data/raw_text/K232923.txt,2802,0,0,0,0,0,1,1,0.35688793718772305,0,0,1,0,1,0,0,0,1,0.35688793718772305,0,0,1,0,0.0,0,0,0,0,0,0,0,0,0.0,0,0,0,0,0,0,7,0,0,7,2.4982155603140614,4,3,0,0,0,0,0.0,0.0,0,0,0,1,0,1,7,0.14285714285714285,0,0.142857
K232928,/Users/winko/Library/Mobile Documents/com~apple~CloudDocs/Research/1.5-Policy/data/raw_text/K232928.txt,5909,0,0,0,0,0,0,0,0.0,0,0,0,0,1,0,0,0,1,0.16923337282112033,0,0,1,0,0.0,0,0,0,0,0,0,2,2,0.33846674564224066,0,1,1,0,0,0,5,0,1,6,1.015400236926722,6,0,0,0,0,0,0.0,0.0,0,0,0,1,0,1,6,0.16666666666666666,0,0.166667
K233030,/Users/winko/Library/Mobile Documents/com~apple~CloudDocs/Research/1.5-Policy/data/raw_text/K233030.txt,4003,0,0,0,0,0,0,0,0.0,0,0,0,0,4,0,0,0,4,0.9992505620784412,0,0,4,0,0.0,0,0,0,0,0,1,2,3,0.7494379215588309,0,0,3,0,0,0,6,0,1,7,1.748688483637272,4,3,0,1,0,0,0.0,0.0,0,0,0,1,0,4,7,0.5714285714285714,0,0.571429
K233080,/Users/winko/Library/Mobile Documents/com~apple~CloudDocs/Research/1.5-Policy/data/raw_text/K233080.txt,2867,0,0,0,0,0,1,1,0.3487966515521451,0,0,1,0,0,0,0,0,0,0.0,0,0,0,0,0.0,0,0,0,0,0,0,3,3,1.0463899546564353,0,1,2,0,0,0,6,0,0,6,2.0927799093128705,4,2,0,0,0,0,0.0,0.0,0,0,0,1,0,0,6,0.0,0,0.000000
K233108,/Users/winko/Library/Mobile Documents/com~apple~CloudDocs/Research/1.5-Policy/data/raw_text/K233108.txt,3907,0,0,0,0,0,0,0,0.0,0,0,0,5,1,4,4,0,14,3.5833120040952138,0,0,14,0,0.0,0,0,0,0,2,0,22,24,6.142820578448937,0,1,23,0,0,0,7,0,4,11,2.8154594317890966,7,4,0,0,0,0,0.0,0.0,0,0,0,1,0,14,11,1.2727272727272727,0,1.272727
K233112,/Users/winko/Library/Mobile Documents/com~apple~CloudDocs/Research/1.5-Policy/data/raw_text/K233112.txt,3317,0,0,0,0,0,0,0,0.0,0,0,0,0,4,0,0,0,4,1.2059089538739824,0,0,4,0,0.0,0,0,0,0,2,1,5,8,2.411817907747965,0,0,8,0,0,0,4,0,2,6,1.8088634308109737,5,1,0,1,0,0,0.0,0.0,0,0,0,1,0,4,6,0.6666666666666666,0,0.666667
K233176,/Users/winko/Library/Mobile Documents/com~apple~CloudDocs/Research/1.5-Policy/data/raw_text/K233176.txt,4879,0,0,0,0,0,0,0,0.0,0,0,0,0,0,0,0,0,0,0.0,0,0,0,0,0.0,0,0,0,0,4,4,4,12,2.459520393523263,0,0,12,0,0,0,5,0,1,6,1.2297601967616314,5,0,1,2,0,0,0.0,0.0,0,0,0,1,0,0,6,0.0,0,0.000000
K233186,/Users/winko/Library/Mobile Documents/com~apple~CloudDocs/Research/1.5-Policy/data/raw_text/K233186.txt,4762,0,0,0,0,0,0,0,0.0,0,0,0,0,0,0,0,0,0,0.0,0,0,0,0,0.0,0,0,0,0,2,2,2,6,1.25997480050399,0,0,6,0,0,0,10,0,1,11,2.3099538009239815,9,1,1,0,0,0,0.0,0.0,0,0,0,1,0,0,11,0.0,0,0.000000
K233195,/Users/winko/Library/Mobile Documents/com~apple~CloudDocs/Research/1.5-Policy/data/raw_text/K233195.txt,2742,0,0,0,0,0,0,0,0.0,0,0,0,0,0,0,0,0,0,0.0,0,0,0,0,0.0,0,0,0,0,0,0,0,0,0.0,0,0,0,0,0,0,5,0,0,5,1.8234865061998542,4,1,0,0,0,0,0.0,0.0,0,0,0,1,0,0,5,0.0,0,0.000000
K233196,/Users/winko/Library/Mobile Documents/com~apple~CloudDocs/Research/1.5-Policy/data/raw_text/K233196.txt,3819,0,0,0,0,0,1,1,0.2618486514794449,0,0,1,0,1,0,0,0,1,0.2618486514794449,0,0,1,0,0.0,0,0,0,5,1,1,5,12,3.142183817753339,0,0,12,0,0,0,9,0,1,10,2.618486514794449,6,4,0,0,0,0,0.0,0.0,0,0,0,1,0,1,10,0.1,0,0.100000
K233209,/Users/winko/Library/Mobile Documents/com~apple~CloudDocs/Research/1.5-Policy/data/raw_text/K233209.txt,7034,0,0,0,0,0,0,0,0.0,0,0,0,0,0,0,0,0,0,0.0,0,0,0,0,0.0,0,0,0,1,6,6,7,20,2.8433323855558714,0,0,20,0,0,0,4,0,1,5,0.7108330963889679,4,0,1,3,0,0,0.0,0.0,0,0,0,1,0,0,5,0.0,0,0.000000
K233211,/Users/winko/Library/Mobile Documents/com~apple~CloudDocs/Research/1.5-Policy/data/raw_text/K233211.txt,3811,0,0,0,0,0,0,0,0.0,0,0,0,0,0,0,0,0,0,0.0,0,0,0,0,0.0,0,0,0,0,0,4,8,12,3.148779847808974,3,9,0,0,0,0,7,0,2,9,2.3615848858567303,7,1,1,0,0,0,0.0,0.0,0,0,0,1,0,0,9,0.0,0,0.000000
K233216,/Users/winko/Library/Mobile Documents/com~apple~CloudDocs/Research/1.5-Policy/data/raw_text/K233216.txt,3140,0,0,0,0,0,0,0,0.0,0,0,0,0,0,10,5,0,15,4.777070063694267,0,0,15,0,0.0,0,0,0,0,0,0,0,0,0.0,0,0,0,0,0,0,5,0,1,6,1.910828025477707,4,1,1,0,0,0,0.0,0.0,0,0,0,1,0,15,6,2.5,0,2.500000
K233243,/Users/winko/Library/Mobile Documents/com~apple~CloudDocs/Research/1.5-Policy/data/raw_text/K233243.txt,4543,0,0,0,0,0,0,0,0.0,0,0,0,0,7,0,0,0,7,1.5408320493066257,0,1,6,0,0.0,0,0,0,0,0,0,0,0,0.0,0,0,0,0,0,0,8,0,6,14,3.0816640986132513,8,6,0,0,0,0,0.0,0.0,0,0,0,1,0,7,14,0.5,0,0.500000
K233247,/Users/winko/Library/Mobile Documents/com~apple~CloudDocs/Research/1.5-Policy/data/raw_text/K233247.txt,3430,0,0,0,0,0,0,0,0.0,0,0,0,7,0,9,9,0,25,7.288629737609329,0,0,25,0,0.0,0,0,0,1,1,2,3,7,2.0408163265306123,0,1,6,0,0,0,6,0,0,6,1.749271137026239,4,2,0,1,1,0,1.0,0.0,0,0,0,1,0,25,6,4.166666666666667,0,4.166667
K233249,/Users/winko/Library/Mobile Documents/com~apple~CloudDocs/Research/1.5-Policy/data/raw_text/K233249.txt,3070,0,0,0,0,0,0,0,0.0,0,0,0,0,0,0,0,0,0,0.0,0,0,0,0,0.0,0,0,0,0,0,0,3,3,0.9771986970684039,0,0,3,0,0,0,6,0,0,6,1.9543973941368078,4,2,0,0,0,0,0.0,0.0,0,0,0,1,0,0,6,0.0,0,0.000000
K233253,/Users/winko/Library/Mobile Documents/com~apple~CloudDocs/Research/1.5-Policy/data/raw_text/K233253.txt,4925,0,0,0,0,0,0,0,0.0,0,0,0,0,0,9,9,0,18,3.6548223350253806,0,5,13,0,0.0,0,0,0,3,0,0,2,5,1.0152284263959392,1,1,3,0,0,0,5,0,0,5,1.0152284263959392,5,0,0,0,0,0,0.0,0.0,0,0,0,1,0,18,5,3.6,0,3.600000
K233334,/Users/winko/Library/Mobile Documents/com~apple~CloudDocs/Research/1.5-Policy/data/raw_text/K233334.txt,2556,0,0,0,0,0,0,0,0.0,0,0,0,0,1,1,0,0,2,0.7824726134585289,0,0,2,0,0.0,0,0,0,0,0,0,0,0,0.0,0,0,0,0,0,0,6,0,0,6,2.347417840375587,4,2,0,0,0,0,0.0,0.0,0,0,0,1,0,2,6,0.3333333333333333,0,0.333333
K233342,/Users/winko/Library/Mobile Documents/com~apple~CloudDocs/Research/1.5-Policy/data/raw_text/K233342.txt,4583,0,0,0,0,0,1,1,0.2181976871045167,0,1,0,2,2,0,0,0,4,0.8727907484180668,0,4,0,0,0.0,0,0,0,0,0,0,0,0,0.0,0,0,0,0,0,0,8,0,3,11,2.4001745581496836,8,0,3,0,0,0,0.0,0.0,0,0,0,1,0,4,11,0.36363636363636365,0,0.363636
K233409,/Users/winko/Library/Mobile Documents/com~apple~CloudDocs/Research/1.5-Policy/data/raw_text/K233409.txt,3530,0,0,0,0,0,0,0,0.0,0,0,0,0,0,4,5,0,9,2.54957507082153,0,0,9,0,0.0,0,0,0,1,1,1,9,12,3.3994334277620397,0,2,10,0,0,0,6,0,0,6,1.6997167138810199,6,0,0,0,0,0,0.0,0.0,0,0,0,1,0,9,6,1.5,0,1.500000
K233438,/Users/winko/Library/Mobile Documents/com~apple~CloudDocs/Research/1.5-Policy/data/raw_text/K233438.txt,4410,0,0,0,0,0,0,0,0.0,0,0,0,0,0,0,0,0,0,0.0,0,0,0,0,0.0,0,0,0,0,0,0,1,1,0.22675736961451248,0,0,1,0,0,0,8,0,5,13,2.9478458049886624,6,7,0,0,0,0,0.0,0.0,0,0,0,1,0,0,13,0.0,0,0.000000
K233457,/Users/winko/Library/Mobile Documents/com~apple~CloudDocs/Research/1.5-Policy/data/raw_text/K233457.txt,3989,0,0,0,0,0,0,0,0.0,0,0,0,0,2,0,0,0,2,0.501378791677112,0,0,2,0,0.0,0,0,0,0,0,0,0,0,0.0,0,0,0,0,0,0,8,0,3,11,2.757583354224116,5,3,3,0,0,0,0.0,0.0,0,0,0,1,0,2,11,0.18181818181818182,0,0.181818
K233512,/Users/winko/Library/Mobile Documents/com~apple~CloudDocs/Research/1.5-Policy/data/raw_text/K233512.txt,3747,0,0,0,0,0,1,1,0.26688017080330934,0,0,1,0,0,0,0,0,0,0.0,0,0,0,0,0.0,0,0,0,0,0,0,0,0,0.0,0,0,0,0,0,0,4,0,0,4,1.0675206832132373,4,0,0,0,0,0,0.0,0.0,0,0,0,1,0,0,4,0.0,0,0.000000
K233543,/Users/winko/Library/Mobile Documents/com~apple~CloudDocs/Research/1.5-Policy/data/raw_text/K233543.txt,3503,0,0,0,0,0,0,0,0.0,0,0,0,0,0,0,0,0,0,0.0,0,0,0,0,0.0,0,0,0,0,0,0,0,0,0.0,0,0,0,0,0,0,7,0,2,9,2.569226377390808,6,1,2,0,0,0,0.0,0.0,0,0,0,1,0,0,9,0.0,0,0.000000
K233545,/Users/winko/Library/Mobile Documents/com~apple~CloudDocs/Research/1.5-Policy/data/raw_text/K233545.txt,2251,0,0,0,0,0,0,0,0.0,0,0,0,0,0,0,0,0,0,0.0,0,0,0,0,0.0,0,0,0,0,0,0,0,0,0.0,0,0,0,0,0,0,6,0,1,7,3.109729009329187,4,2,1,0,0,0,0.0,0.0,0,0,0,1,0,0,7,0.0,0,0.000000
K233549,/Users/winko/Library/Mobile Documents/com~apple~CloudDocs/Research/1.5-Policy/data/raw_text/K233549.txt,3337,0,0,0,0,0,0,0,0.0,0,0,0,0,0,2,2,0,4,1.198681450404555,0,0,4,0,0.0,0,0,0,1,1,0,11,13,3.895714713814804,1,5,7,0,0,0,4,0,0,4,1.198681450404555,4,0,0,0,0,0,0.0,0.0,0,0,0,1,0,4,4,1.0,0,1.000000
K233562,/Users/winko/Library/Mobile Documents/com~apple~CloudDocs/Research/1.5-Policy/data/raw_text/K233562.txt,2247,0,0,0,0,0,0,0,0.0,0,0,0,0,0,0,0,0,0,0.0,0,0,0,0,0.0,0,0,0,0,0,0,0,0,0.0,0,0,0,0,0,0,6,0,0,6,2.67022696929239,4,2,0,0,0,0,0.0,0.0,0,0,0,1,0,0,6,0.0,0,0.000000
K233568,/Users/winko/Library/Mobile Documents/com~apple~CloudDocs/Research/1.5-Policy/data/raw_text/K233568.txt,2748,0,0,0,0,0,0,0,0.0,0,0,0,0,1,0,0,0,1,0.363901018922853,0,0,1,0,0.0,0,0,0,0,1,0,10,11,4.002911208151383,0,4,7,0,0,0,9,0,1,10,3.6390101892285296,4,2,4,1,0,0,0.0,0.0,0,0,0,1,0,1,10,0.1,0,0.100000
K233582,/Users/winko/Library/Mobile Documents/com~apple~CloudDocs/Research/1.5-Policy/data/raw_text/K233582.txt,4572,0,0,0,0,0,1,1,0.21872265966754156,0,1,0,0,0,0,0,0,0,0.0,0,0,0,0,0.0,0,0,0,0,0,0,0,0,0.0,0,0,0,0,0,0,4,0,0,4,0.8748906386701663,4,0,0,0,0,0,0.0,0.0,0,0,0,1,0,0,4,0.0,0,0.000000
K233590,/Users/winko/Library/Mobile Documents/com~apple~CloudDocs/Research/1.5-Policy/data/raw_text/K233590.txt,3120,0,0,0,0,0,0,0,0.0,0,0,0,0,3,19,9,0,31,9.935897435897436,0,0,31,0,0.0,0,0,0,0,0,2,5,7,2.2435897435897436,0,1,6,0,0,0,4,0,0,4,1.2820512820512822,4,0,0,0,0,0,0.0,0.0,0,0,0,1,0,31,4,7.75,0,7.750000
K233618,/Users/winko/Library/Mobile Documents/com~apple~CloudDocs/Research/1.5-Policy/data/raw_text/K233618.txt,3620,0,0,0,0,0,0,0,0.0,0,0,0,0,5,0,0,0,5,1.3812154696132597,0,0,5,0,0.0,0,0,0,0,0,0,6,6,1.6574585635359116,2,3,1,0,0,0,4,0,2,6,1.6574585635359116,4,2,0,0,0,0,0.0,0.0,0,0,0,1,0,5,6,0.8333333333333334,0,0.833333
K233625,/Users/winko/Library/Mobile Documents/com~apple~CloudDocs/Research/1.5-Policy/data/raw_text/K233625.txt,2712,0,0,0,0,0,0,0,0.0,0,0,0,0,0,0,0,0,0,0.0,0,0,0,0,0.0,0,0,0,0,0,0,0,0,0.0,0,0,0,0,0,0,5,0,0,5,1.8436578171091444,4,1,0,0,0,0,0.0,0.0,0,0,0,1,0,0,5,0.0,0,0.000000
K233650,/Users/winko/Library/Mobile Documents/com~apple~CloudDocs/Research/1.5-Policy/data/raw_text/K233650.txt,11817,0,0,0,0,0,0,0,0.0,0,0,0,0,7,0,0,0,7,0.5923669290005924,0,0,7,0,0.0,0,0,0,0,0,0,0,0,0.0,0,0,0,0,0,0,10,0,5,15,1.2693577050012694,11,3,1,0,0,0,0.0,0.0,0,0,0,1,0,7,15,0.4666666666666667,0,0.466667
K233657,/Users/winko/Library/Mobile Documents/com~apple~CloudDocs/Research/1.5-Policy/data/raw_text/K233657.txt,9140,0,0,0,0,0,0,0,0.0,0,0,0,0,12,0,0,0,12,1.312910284463895,0,2,10,0,0.0,0,0,0,0,0,0,0,0,0.0,0,0,0,0,0,0,10,0,2,12,1.312910284463895,11,0,1,0,0,0,0.0,0.0,0,0,0,1,0,12,12,1.0,0,1.000000
K233666,/Users/winko/Library/Mobile Documents/com~apple~CloudDocs/Research/1.5-Policy/data/raw_text/K233666.txt,3564,0,0,0,0,0,0,0,0.0,0,0,0,1,0,4,3,0,8,2.244668911335578,0,0,8,0,0.0,0,0,0,0,0,0,0,0,0.0,0,0,0,0,0,0,5,0,3,8,2.244668911335578,5,3,0,0,0,0,0.0,0.0,0,0,0,1,0,8,8,1.0,0,1.000000
K233673,/Users/winko/Library/Mobile Documents/com~apple~CloudDocs/Research/1.5-Policy/data/raw_text/K233673.txt,4392,0,0,0,0,0,0,0,0.0,0,0,0,0,0,0,0,0,0,0.0,0,0,0,0,0.0,0,0,0,0,1,1,3,5,1.138433515482696,0,0,5,0,0,0,7,0,0,7,1.5938069216757742,7,0,0,0,0,0,0.0,0.0,0,0,0,1,0,0,7,0.0,0,0.000000
K233676,/Users/winko/Library/Mobile Documents/com~apple~CloudDocs/Research/1.5-Policy/data/raw_text/K233676.txt,3027,0,0,0,0,0,0,0,0.0,0,0,0,0,2,0,0,0,2,0.6607201850016517,0,1,1,0,0.0,0,0,0,0,1,3,1,5,1.6518004625041296,0,1,4,0,0,0,8,0,0,8,2.642880740006607,4,4,0,0,0,0,0.0,0.0,0,0,0,1,0,2,8,0.25,0,0.250000
K233677,/Users/winko/Library/Mobile Documents/com~apple~CloudDocs/Research/1.5-Policy/data/raw_text/K233677.txt,2785,0,0,0,0,0,0,0,0.0,0,0,0,0,1,1,0,0,2,0.718132854578097,0,0,2,0,0.0,0,0,0,0,0,0,0,0,0.0,0,0,0,0,0,0,10,0,0,10,3.5906642728904847,4,6,0,0,0,0,0.0,0.0,0,0,0,1,0,2,10,0.2,0,0.200000
K233687,/Users/winko/Library/Mobile Documents/com~apple~CloudDocs/Research/1.5-Policy/data/raw_text/K233687.txt,4746,0,0,0,0,0,1,1,0.21070375052675938,1,0,0,0,0,0,0,0,0,0.0,0,0,0,0,0.0,0,0,0,0,0,0,1,1,0.21070375052675938,0,0,1,0,0,0,6,0,1,7,1.4749262536873156,7,0,0,0,0,0,0.0,0.0,0,0,0,1,0,0,7,0.0,0,0.000000
K233692,/Users/winko/Library/Mobile Documents/com~apple~CloudDocs/Research/1.5-Policy/data/raw_text/K233692.txt,2758,0,0,0,0,0,0,0,0.0,0,0,0,0,0,0,0,0,0,0.0,0,0,0,0,0.0,0,0,0,0,0,0,0,0,0.0,0,0,0,0,0,0,8,0,0,8,2.9006526468455403,6,2,0,0,0,0,0.0,0.0,0,0,0,1,0,0,8,0.0,0,0.000000
K233698,/Users/winko/Library/Mobile Documents/com~apple~CloudDocs/Research/1.5-Policy/data/raw_text/K233698.txt,2458,0,0,0,0,0,0,0,0.0,0,0,0,0,0,0,0,0,0,0.0,0,0,0,0,0.0,0,0,0,0,0,0,0,0,0.0,0,0,0,0,0,0,5,0,0,5,2.0341741253051264,4,1,0,0,0,0,0.0,0.0,0,0,0,1,0,0,5,0.0,0,0.000000
K233728,/Users/winko/Library/Mobile Documents/com~apple~CloudDocs/Research/1.5-Policy/data/raw_text/K233728.txt,2576,0,0,0,0,0,0,0,0.0,0,0,0,0,0,0,0,0,0,0.0,0,0,0,0,0.0,0,0,0,0,0,0,0,0,0.0,0,0,0,0,0,0,4,0,2,6,2.329192546583851,5,1,0,0,0,0,0.0,0.0,0,0,0,1,0,0,6,0.0,0,0.000000
K233731,/Users/winko/Library/Mobile Documents/com~apple~CloudDocs/Research/1.5-Policy/data/raw_text/K233731.txt,3730,0,0,0,0,0,0,0,0.0,0,0,0,0,0,0,0,0,0,0.0,0,0,0,0,0.0,0,0,0,0,0,0,0,0,0.0,0,0,0,0,0,0,7,0,0,7,1.8766756032171583,6,1,0,0,0,0,0.0,0.0,0,0,0,1,0,0,7,0.0,0,0.000000
K233738,/Users/winko/Library/Mobile Documents/com~apple~CloudDocs/Research/1.5-Policy/data/raw_text/K233738.txt,2406,0,0,0,0,0,0,0,0.0,0,0,0,2,0,3,2,0,7,2.9093931837073983,0,0,7,0,0.0,0,0,0,0,0,0,0,0,0.0,0,0,0,0,0,0,4,0,0,4,1.6625103906899419,4,0,0,0,0,0,0.0,0.0,0,0,0,1,0,7,4,1.75,0,1.750000
K233749,/Users/winko/Library/Mobile Documents/com~apple~CloudDocs/Research/1.5-Policy/data/raw_text/K233749.txt,2676,0,0,0,0,0,0,0,0.0,0,0,0,0,0,0,0,0,0,0.0,0,0,0,0,0.0,0,0,0,0,0,0,0,0,0.0,0,0,0,0,0,0,7,0,0,7,2.615844544095665,4,3,0,0,0,0,0.0,0.0,0,0,0,1,0,0,7,0.0,0,0.000000
K233753,/Users/winko/Library/Mobile Documents/com~apple~CloudDocs/Research/1.5-Policy/data/raw_text/K233753.txt,4075,0,0,0,0,0,0,0,0.0,0,0,0,0,2,0,0,0,2,0.49079754601227,0,0,2,0,0.0,0,0,0,0,0,0,1,1,0.245398773006135,0,0,1,0,0,0,8,0,0,8,1.96319018404908,5,3,0,1,0,0,0.0,0.0,0,0,0,1,0,2,8,0.25,0,0.250000
K233755,/Users/winko/Library/Mobile Documents/com~apple~CloudDocs/Research/1.5-Policy/data/raw_text/K233755.txt,3428,0,0,0,0,0,0,0,0.0,0,0,0,0,0,1,1,0,2,0.5834305717619602,0,0,2,0,0.0,0,0,0,1,0,1,0,2,0.5834305717619602,0,0,2,0,0,0,7,0,5,12,3.500583430571762,4,4,4,0,0,0,0.0,0.0,0,0,0,1,0,2,12,0.16666666666666666,0,0.166667
K233788,/Users/winko/Library/Mobile Documents/com~apple~CloudDocs/Research/1.5-Policy/data/raw_text/K233788.txt,4539,0,0,0,0,0,0,0,0.0,0,0,0,0,5,0,0,0,5,1.1015642211940955,0,0,5,0,0.0,0,0,0,2,0,0,1,3,0.6609385327164573,0,0,3,0,0,0,9,0,0,9,1.9828155981493722,6,3,0,0,0,0,0.0,0.0,0,0,0,1,0,5,9,0.5555555555555556,0,0.555556
K233822,/Users/winko/Library/Mobile Documents/com~apple~CloudDocs/Research/1.5-Policy/data/raw_text/K233822.txt,3145,0,0,0,0,0,0,0,0.0,0,0,0,0,4,2,2,0,8,2.5437201907790143,0,0,8,0,0.0,0,0,0,0,0,0,7,7,2.2257551669316378,1,5,1,0,0,0,6,0,0,6,1.9077901430842608,4,2,0,0,0,0,0.0,0.0,0,0,0,1,0,8,6,1.3333333333333333,0,1.333333
K233826,/Users/winko/Library/Mobile Documents/com~apple~CloudDocs/Research/1.5-Policy/data/raw_text/K233826.txt,1410,0,0,0,0,0,0,0,0.0,0,0,0,0,0,0,0,0,0,0.0,0,0,0,0,0.0,0,0,0,0,0,0,0,0,0.0,0,0,0,0,0,0,4,0,0,4,2.8368794326241136,4,0,0,0,0,0,0.0,0.0,0,0,0,1,0,0,4,0.0,0,0.000000
K233864,/Users/winko/Library/Mobile Documents/com~apple~CloudDocs/Research/1.5-Policy/data/raw_text/K233864.txt,3520,0,0,0,0,0,0,0,0.0,0,0,0,0,0,0,0,0,0,0.0,0,0,0,0,0.0,0,0,0,0,0,0,0,0,0.0,0,0,0,0,0,0,10,0,1,11,3.125,8,2,1,0,0,0,0.0,0.0,0,0,0,1,0,0,11,0.0,0,0.000000
K233925,/Users/winko/Library/Mobile Documents/com~apple~CloudDocs/Research/1.5-Policy/data/raw_text/K233925.txt,2040,0,0,0,0,0,0,0,0.0,0,0,0,0,0,0,0,0,0,0.0,0,0,0,0,0.0,0,0,0,0,0,0,0,0,0.0,0,0,0,0,0,0,4,0,0,4,1.9607843137254901,4,0,0,0,0,0,0.0,0.0,0,0,0,1,0,0,4,0.0,0,0.000000
K233955,/Users/winko/Library/Mobile Documents/com~apple~CloudDocs/Research/1.5-Policy/data/raw_text/K233955.txt,5276,0,0,0,0,0,0,0,0.0,0,0,0,0,1,0,0,0,1,0.18953752843062927,0,0,1,0,0.0,0,0,0,0,0,0,10,10,1.8953752843062925,0,6,4,0,0,0,7,0,3,10,1.8953752843062925,7,1,2,0,0,0,0.0,0.0,0,0,0,1,0,1,10,0.1,0,0.100000
K233964,/Users/winko/Library/Mobile Documents/com~apple~CloudDocs/Research/1.5-Policy/data/raw_text/K233964.txt,2961,0,0,0,0,0,0,0,0.0,0,0,0,0,0,1,0,0,1,0.33772374197906113,0,0,1,0,0.0,0,0,0,0,0,0,0,0,0.0,0,0,0,0,0,0,6,0,0,6,2.026342451874367,4,1,1,0,0,0,0.0,0.0,0,0,0,1,0,1,6,0.16666666666666666,0,0.166667
K233968,/Users/winko/Library/Mobile Documents/com~apple~CloudDocs/Research/1.5-Policy/data/raw_text/K233968.txt,4209,0,0,0,0,0,0,0,0.0,0,0,0,0,0,6,3,0,9,2.138275124732716,0,9,0,0,0.0,0,0,0,1,1,0,2,4,0.950344499881207,0,3,1,0,0,0,8,0,0,8,1.900688999762414,6,2,0,2,0,0,0.0,0.0,0,0,0,1,0,9,8,1.125,0,1.125000
K233977,/Users/winko/Library/Mobile Documents/com~apple~CloudDocs/Research/1.5-Policy/data/raw_text/K233977.txt,3014,0,0,0,0,0,2,2,0.6635700066357001,0,0,2,1,2,2,2,0,7,2.32249502322495,0,0,7,0,0.0,0,0,0,1,1,0,1,3,0.9953550099535502,0,0,3,0,0,0,5,0,0,5,1.6589250165892502,5,0,0,0,0,0,0.0,0.0,0,0,0,1,0,7,5,1.4,0,1.400000
K233984,/Users/winko/Library/Mobile Documents/com~apple~CloudDocs/Research/1.5-Policy/data/raw_text/K233984.txt,2278,0,0,0,0,0,0,0,0.0,0,0,0,0,0,1,1,0,2,0.8779631255487269,0,0,2,0,0.0,0,0,0,0,0,0,2,2,0.8779631255487269,0,1,1,0,0,0,4,0,0,4,1.7559262510974538,4,0,0,0,0,0,0.0,0.0,0,0,0,1,0,2,4,0.5,0,0.500000
K233992,/Users/winko/Library/Mobile Documents/com~apple~CloudDocs/Research/1.5-Policy/data/raw_text/K233992.txt,2253,0,0,0,0,0,0,0,0.0,0,0,0,0,1,0,0,0,1,0.44385264092321347,0,0,1,0,0.0,0,0,0,0,0,0,0,0,0.0,0,0,0,0,0,0,5,0,0,5,2.2192632046160674,4,1,0,0,0,0,0.0,0.0,0,0,0,1,0,1,5,0.2,0,0.200000
K233998,/Users/winko/Library/Mobile Documents/com~apple~CloudDocs/Research/1.5-Policy/data/raw_text/K233998.txt,5231,0,0,0,0,0,0,0,0.0,0,0,0,0,0,0,0,0,0,0.0,0,0,0,0,0.0,0,0,0,1,0,0,2,3,0.5735041101127892,0,3,0,0,0,0,14,0,2,16,3.058688587268209,9,5,2,0,0,0,0.0,0.0,0,0,0,1,0,0,16,0.0,0,0.000000
K234009,/Users/winko/Library/Mobile Documents/com~apple~CloudDocs/Research/1.5-Policy/data/raw_text/K234009.txt,4086,0,0,0,0,0,0,0,0.0,0,0,0,0,4,0,0,0,4,0.9789525208027412,3,1,0,0,0.0,0,0,0,0,0,0,0,0,0.0,0,0,0,0,0,0,9,0,0,9,2.2026431718061676,5,4,0,0,0,0,0.0,0.0,0,0,0,1,0,4,9,0.4444444444444444,0,0.444444
K234042,/Users/winko/Library/Mobile Documents/com~apple~CloudDocs/Research/1.5-Policy/data/raw_text/K234042.txt,3562,0,0,0,0,0,0,0,0.0,0,0,0,0,0,0,0,0,0,0.0,0,0,0,0,0.0,0,0,0,3,2,2,25,32,8.983717012914093,5,13,14,0,0,0,6,0,1,7,1.9651880965749577,4,3,0,0,0,0,0.0,0.0,0,0,0,1,0,0,7,0.0,0,0.000000
K234047,/Users/winko/Library/Mobile Documents/com~apple~CloudDocs/Research/1.5-Policy/data/raw_text/K234047.txt,2373,0,0,0,0,0,0,0,0.0,0,0,0,0,10,0,0,0,10,4.214075010535187,0,0,10,0,0.0,0,0,0,0,0,0,0,0,0.0,0,0,0,0,0,0,5,0,6,11,4.635482511588706,4,2,5,0,0,0,0.0,0.0,0,0,0,1,0,10,11,0.9090909090909091,0,0.909091
K234068,/Users/winko/Library/Mobile Documents/com~apple~CloudDocs/Research/1.5-Policy/data/raw_text/K234068.txt,3502,0,0,0,0,0,0,0,0.0,0,0,0,0,1,0,0,0,1,0.2855511136493432,0,0,1,0,0.0,0,0,0,0,0,0,2,2,0.5711022272986864,1,1,0,0,0,0,4,0,0,4,1.1422044545973729,4,0,0,0,0,0,0.0,0.0,0,0,0,1,0,1,4,0.25,0,0.250000
K234141,/Users/winko/Library/Mobile Documents/com~apple~CloudDocs/Research/1.5-Policy/data/raw_text/K234141.txt,4321,0,0,0,0,0,0,0,0.0,0,0,0,7,9,2,2,0,20,4.628558204119417,0,0,20,0,0.0,0,0,0,0,0,0,4,4,0.9257116408238834,0,1,3,0,0,0,7,0,0,7,1.6199953714417958,6,1,0,5,0,0,0.0,0.0,0,0,0,1,0,20,7,2.857142857142857,0,2.857143
K234154,/Users/winko/Library/Mobile Documents/com~apple~CloudDocs/Research/1.5-Policy/data/raw_text/K234154.txt,4844,0,0,0,0,0,0,0,0.0,0,0,0,0,1,1,0,0,2,0.41288191577208916,0,2,0,0,0.0,0,0,0,0,0,0,0,0,0.0,0,0,0,0,0,0,9,0,0,9,1.8579686209744013,9,0,0,0,0,0,0.0,0.0,0,0,0,1,0,2,9,0.2222222222222222,0,0.222222
K240003,/Users/winko/Library/Mobile Documents/com~apple~CloudDocs/Research/1.5-Policy/data/raw_text/K240003.txt,5069,0,0,0,0,0,0,0,0.0,0,0,0,4,0,36,17,0,57,11.244821463799568,0,0,57,0,0.0,0,0,0,0,0,1,12,13,2.564608404024462,2,8,3,0,0,0,6,0,0,6,1.1836654172420598,6,0,0,1,0,0,0.0,0.0,0,0,0,1,0,57,6,9.5,0,9.500000
K240013,/Users/winko/Library/Mobile Documents/com~apple~CloudDocs/Research/1.5-Policy/data/raw_text/K240013.txt,4772,0,0,0,0,0,0,0,0.0,0,0,0,0,2,5,5,0,12,2.5146689019279127,0,0,12,0,0.0,0,0,0,1,1,1,7,10,2.095557418273261,1,5,4,0,0,0,7,0,2,9,1.8860016764459346,6,1,2,0,0,0,0.0,0.0,0,0,0,1,0,12,9,1.3333333333333333,0,1.333333
K240036,/Users/winko/Library/Mobile Documents/com~apple~CloudDocs/Research/1.5-Policy/data/raw_text/K240036.txt,3814,0,0,0,0,0,1,1,0.26219192448872575,0,1,0,0,0,0,0,0,0,0.0,0,0,0,0,0.0,0,0,0,0,0,4,0,4,1.048767697954903,1,2,1,0,0,0,6,0,1,7,1.8353434714210803,5,2,0,0,0,0,0.0,0.0,0,0,0,1,0,0,7,0.0,0,0.000000
K240044,/Users/winko/Library/Mobile Documents/com~apple~CloudDocs/Research/1.5-Policy/data/raw_text/K240044.txt,7148,0,0,0,0,0,0,0,0.0,0,0,0,5,2,0,0,0,7,0.9792949076664801,0,3,4,0,0.0,0,0,0,3,3,1,6,13,1.8186905428091773,0,8,5,0,0,0,9,0,0,9,1.2590934527140458,8,0,1,1,0,0,0.0,0.0,0,0,0,1,0,7,9,0.7777777777777778,0,0.777778
K240058,/Users/winko/Library/Mobile Documents/com~apple~CloudDocs/Research/1.5-Policy/data/raw_text/K240058.txt,4667,0,0,0,0,0,0,0,0.0,0,0,0,0,0,10,10,0,20,4.285408185129634,0,10,10,0,0.0,0,0,0,2,2,0,7,11,2.3569745018212984,0,11,0,0,0,0,7,0,4,11,2.3569745018212984,5,0,6,0,0,0,0.0,0.0,0,0,0,1,0,20,11,1.8181818181818181,0,1.818182
K240062,/Users/winko/Library/Mobile Documents/com~apple~CloudDocs/Research/1.5-Policy/data/raw_text/K240062.txt,2478,0,0,0,0,0,0,0,0.0,0,0,0,0,5,0,0,0,5,2.0177562550443904,0,0,5,0,0.0,0,0,0,0,1,0,3,4,1.6142050040355125,0,1,3,0,0,0,4,0,0,4,1.6142050040355125,4,0,0,0,0,0,0.0,0.0,0,0,0,1,0,5,4,1.25,0,1.250000
K240094,/Users/winko/Library/Mobile Documents/com~apple~CloudDocs/Research/1.5-Policy/data/raw_text/K240094.txt,5433,0,0,0,0,0,0,0,0.0,0,0,0,0,2,0,0,0,2,0.36812074360390207,0,0,2,0,0.0,0,0,0,1,1,1,2,5,0.9203018590097553,0,1,4,0,0,0,5,0,5,10,1.8406037180195105,5,2,3,2,1,0,0.5,0.0,0,0,0,1,0,2,10,0.2,0,0.200000
K240172,/Users/winko/Library/Mobile Documents/com~apple~CloudDocs/Research/1.5-Policy/data/raw_text/K240172.txt,2803,0,0,0,0,0,4,4,1.4270424545130218,1,3,0,0,0,0,0,0,0,0.0,0,0,0,0,0.0,0,0,0,0,0,0,0,0,0.0,0,0,0,0,0,0,4,0,1,5,1.783803068141277,4,0,1,0,0,0,0.0,0.0,0,0,0,1,0,0,5,0.0,0,0.000000
K240200,/Users/winko/Library/Mobile Documents/com~apple~CloudDocs/Research/1.5-Policy/data/raw_text/K240200.txt,6749,0,0,0,0,0,0,0,0.0,0,0,0,0,0,0,0,0,0,0.0,0,0,0,0,0.0,0,0,0,0,0,0,0,0,0.0,0,0,0,0,0,0,11,0,16,27,4.000592680397096,11,16,0,0,0,0,0.0,0.0,0,0,0,1,0,0,27,0.0,0,0.000000
K240238,/Users/winko/Library/Mobile Documents/com~apple~CloudDocs/Research/1.5-Policy/data/raw_text/K240238.txt,4820,0,0,0,0,0,0,0,0.0,0,0,0,0,1,0,0,0,1,0.20746887966804978,0,0,1,0,0.0,0,0,0,0,0,0,3,3,0.6224066390041494,0,0,3,0,0,0,5,0,0,5,1.037344398340249,5,0,0,0,0,0,0.0,0.0,0,0,0,1,0,1,5,0.2,0,0.200000
K240285,/Users/winko/Library/Mobile Documents/com~apple~CloudDocs/Research/1.5-Policy/data/raw_text/K240285.txt,3505,0,0,0,0,0,0,0,0.0,0,0,0,0,2,11,11,0,24,6.847360912981456,0,2,22,0,0.0,0,0,0,2,1,0,3,6,1.711840228245364,0,2,4,0,0,0,5,0,3,8,2.282453637660485,5,2,1,3,1,0,0.3333333333333333,0.0,0,0,0,1,0,24,8,3.0,0,3.000000
K240290,/Users/winko/Library/Mobile Documents/com~apple~CloudDocs/Research/1.5-Policy/data/raw_text/K240290.txt,5077,0,0,0,0,0,0,0,0.0,0,0,0,0,0,0,0,0,0,0.0,0,0,0,0,0.0,0,0,0,6,0,0,3,9,1.7727004136300963,0,8,1,0,0,0,6,0,0,6,1.1818002757533979,6,0,0,0,0,0,0.0,0.0,0,0,0,1,0,0,6,0.0,0,0.000000
K240291,/Users/winko/Library/Mobile Documents/com~apple~CloudDocs/Research/1.5-Policy/data/raw_text/K240291.txt,2824,0,0,0,0,0,0,0,0.0,0,0,0,0,0,2,2,0,4,1.41643059490085,0,0,4,0,0.0,0,0,0,0,0,0,2,2,0.708215297450425,0,0,2,0,0,0,6,0,0,6,2.124645892351275,4,2,0,1,0,0,0.0,0.0,0,0,0,1,0,4,6,0.6666666666666666,0,0.666667
K240294,/Users/winko/Library/Mobile Documents/com~apple~CloudDocs/Research/1.5-Policy/data/raw_text/K240294.txt,4379,0,0,0,0,0,0,0,0.0,0,0,0,0,0,0,0,0,0,0.0,0,0,0,0,0.0,0,0,0,0,0,0,2,2,0.4567252797442339,0,2,0,0,0,0,8,0,1,9,2.0552637588490525,8,1,0,0,0,0,0.0,0.0,0,0,0,1,0,0,9,0.0,0,0.000000
K240301,/Users/winko/Library/Mobile Documents/com~apple~CloudDocs/Research/1.5-Policy/data/raw_text/K240301.txt,5054,0,0,0,0,0,0,0,0.0,0,0,0,2,2,4,4,0,12,2.374356944994064,0,7,5,0,0.0,0,0,0,2,0,0,4,6,1.187178472497032,0,3,3,0,0,0,6,0,0,6,1.187178472497032,6,0,0,0,0,0,0.0,0.0,0,0,0,1,0,12,6,2.0,0,2.000000
K240353,/Users/winko/Library/Mobile Documents/com~apple~CloudDocs/Research/1.5-Policy/data/raw_text/K240353.txt,4169,0,0,0,0,0,0,0,0.0,0,0,0,2,0,21,17,0,40,9.594627008875031,0,19,21,0,0.0,0,0,0,2,0,4,4,10,2.398656752218758,0,4,6,0,0,0,5,0,3,8,1.918925401775006,5,3,0,0,0,0,0.0,0.0,0,0,0,1,0,40,8,5.0,0,5.000000
K240369,/Users/winko/Library/Mobile Documents/com~apple~CloudDocs/Research/1.5-Policy/data/raw_text/K240369.txt,3530,0,0,0,0,0,2,2,0.56657223796034,0,1,1,0,0,0,0,0,0,0.0,0,0,0,0,0.0,0,0,0,0,0,0,3,3,0.8498583569405099,0,1,2,0,0,0,5,0,0,5,1.41643059490085,5,0,0,0,0,0,0.0,0.0,0,0,0,1,0,0,5,0.0,0,0.000000
K240398,/Users/winko/Library/Mobile Documents/com~apple~CloudDocs/Research/1.5-Policy/data/raw_text/K240398.txt,11372,0,0,0,0,0,2,2,0.17587055926837847,2,0,0,0,8,0,0,0,8,0.7034822370735139,2,2,4,0,0.0,0,0,0,0,0,0,0,0,0.0,0,0,0,0,0,0,5,0,4,9,0.7914175167077031,6,0,3,0,0,0,0.0,0.0,0,0,0,1,0,8,9,0.8888888888888888,0,0.888889
K240406,/Users/winko/Library/Mobile Documents/com~apple~CloudDocs/Research/1.5-Policy/data/raw_text/K240406.txt,4023,0,0,0,0,0,0,0,0.0,0,0,0,0,0,2,2,0,4,0.9942828734775043,0,0,4,0,0.0,0,0,0,1,1,0,2,4,0.9942828734775043,0,0,4,0,0,0,6,0,0,6,1.4914243102162563,6,0,0,0,0,0,0.0,0.0,0,0,0,1,0,4,6,0.6666666666666666,0,0.666667
K240408,/Users/winko/Library/Mobile Documents/com~apple~CloudDocs/Research/1.5-Policy/data/raw_text/K240408.txt,5677,0,0,0,0,0,0,0,0.0,0,0,0,0,0,9,0,0,9,1.5853443720274794,0,0,9,0,0.0,0,0,0,0,0,3,7,10,1.7614937466971992,0,1,9,0,0,0,10,0,3,13,2.2899418707063592,7,4,2,0,0,0,0.0,0.0,0,0,0,1,0,9,13,0.6923076923076923,0,0.692308
K240411,/Users/winko/Library/Mobile Documents/com~apple~CloudDocs/Research/1.5-Policy/data/raw_text/K240411.txt,4868,0,0,0,0,0,0,0,0.0,0,0,0,0,0,0,0,0,0,0.0,0,0,0,0,0.0,0,0,0,0,1,13,13,27,5.546425636811832,0,0,27,0,0,0,6,0,1,7,1.4379622021364011,5,1,1,0,0,0,0.0,0.0,0,0,0,1,0,0,7,0.0,0,0.000000
K240417,/Users/winko/Library/Mobile Documents/com~apple~CloudDocs/Research/1.5-Policy/data/raw_text/K240417.txt,3352,0,0,0,0,0,0,0,0.0,0,0,0,2,0,2,2,0,6,1.7899761336515514,0,0,6,0,0.0,0,0,0,1,1,0,1,3,0.8949880668257757,0,0,3,0,0,0,5,0,0,5,1.4916467780429594,5,0,0,0,0,0,0.0,0.0,0,0,0,1,0,6,5,1.2,0,1.200000
K240465,/Users/winko/Library/Mobile Documents/com~apple~CloudDocs/Research/1.5-Policy/data/raw_text/K240465.txt,3875,0,0,0,0,0,0,0,0.0,0,0,0,0,6,0,0,0,6,1.5483870967741935,0,0,6,0,0.0,0,0,0,0,0,0,0,0,0.0,0,0,0,0,0,0,7,0,0,7,1.8064516129032258,5,2,0,0,0,0,0.0,0.0,0,0,0,1,0,6,7,0.8571428571428571,0,0.857143
K240516,/Users/winko/Library/Mobile Documents/com~apple~CloudDocs/Research/1.5-Policy/data/raw_text/K240516.txt,3613,0,0,0,0,0,0,0,0.0,0,0,0,0,4,0,0,3,7,1.937448104068641,0,2,5,0,0.0,0,0,0,0,3,3,3,9,2.4910047052311097,0,0,9,0,0,0,5,0,2,7,1.937448104068641,5,2,0,0,0,0,0.0,0.0,0,0,0,1,0,7,7,1.0,0,1.000000
K240540,/Users/winko/Library/Mobile Documents/com~apple~CloudDocs/Research/1.5-Policy/data/raw_text/K240540.txt,2310,0,0,0,0,0,0,0,0.0,0,0,0,0,0,0,0,0,0,0.0,0,0,0,0,0.0,0,0,0,0,0,0,0,0,0.0,0,0,0,0,0,0,6,0,0,6,2.5974025974025974,4,2,0,0,0,0,0.0,0.0,0,0,0,1,0,0,6,0.0,0,0.000000
K240553,/Users/winko/Library/Mobile Documents/com~apple~CloudDocs/Research/1.5-Policy/data/raw_text/K240553.txt,2427,0,0,0,0,0,0,0,0.0,0,0,0,0,0,1,1,0,2,0.8240626287597858,0,0,2,0,0.0,0,0,0,0,0,0,4,4,1.6481252575195715,0,0,4,0,0,0,6,0,1,7,2.88421920065925,5,2,0,0,0,0,0.0,0.0,0,0,0,1,0,2,7,0.2857142857142857,0,0.285714
K240554,/Users/winko/Library/Mobile Documents/com~apple~CloudDocs/Research/1.5-Policy/data/raw_text/K240554.txt,3277,0,0,0,0,0,0,0,0.0,0,0,0,0,1,0,0,0,1,0.3051571559353067,0,0,1,0,0.0,0,0,0,0,0,0,0,0,0.0,0,0,0,0,0,0,9,0,0,9,2.74641440341776,5,4,0,1,0,0,0.0,0.0,0,0,0,1,0,1,9,0.1111111111111111,0,0.111111
K240555,/Users/winko/Library/Mobile Documents/com~apple~CloudDocs/Research/1.5-Policy/data/raw_text/K240555.txt,6797,0,0,0,0,0,0,0,0.0,0,0,0,10,12,14,14,0,50,7.356186552890981,0,1,49,0,0.0,0,0,0,0,0,3,3,6,0.8827423863469177,0,0,6,0,0,0,11,0,3,14,2.059732234809475,11,2,1,2,0,0,0.0,0.0,0,0,0,1,0,50,14,3.5714285714285716,0,3.571429
K240582,/Users/winko/Library/Mobile Documents/com~apple~CloudDocs/Research/1.5-Policy/data/raw_text/K240582.txt,5620,0,0,0,0,0,4,4,0.7117437722419929,0,0,4,0,4,0,0,0,4,0.7117437722419929,0,0,4,0,0.0,0,0,0,0,0,1,4,5,0.889679715302491,0,2,3,0,0,0,16,0,2,18,3.202846975088968,9,5,4,0,0,0,0.0,0.0,0,0,0,1,0,4,18,0.2222222222222222,0,0.222222
K240612,/Users/winko/Library/Mobile Documents/com~apple~CloudDocs/Research/1.5-Policy/data/raw_text/K240612.txt,3823,0,0,0,0,0,0,0,0.0,0,0,0,2,2,2,2,0,8,2.09259743656814,0,8,0,0,0.0,0,0,0,1,1,0,1,3,0.7847240387130526,0,3,0,0,0,0,8,0,0,8,2.09259743656814,6,2,0,1,0,0,0.0,0.0,0,0,0,1,0,8,8,1.0,0,1.000000
K240631,/Users/winko/Library/Mobile Documents/com~apple~CloudDocs/Research/1.5-Policy/data/raw_text/K240631.txt,3373,0,0,0,0,0,0,0,0.0,0,0,0,0,7,0,0,0,7,2.0753038837829827,0,0,7,0,0.0,0,0,0,0,0,0,0,0,0.0,0,0,0,0,0,0,6,0,2,8,2.3717758671805513,5,3,0,1,0,0,0.0,0.0,0,0,0,1,0,7,8,0.875,0,0.875000
K240642,/Users/winko/Library/Mobile Documents/com~apple~CloudDocs/Research/1.5-Policy/data/raw_text/K240642.txt,2553,0,0,0,0,0,0,0,0.0,0,0,0,0,0,1,1,0,2,0.7833920877399138,0,2,0,0,0.0,0,0,0,0,0,0,1,1,0.3916960438699569,0,1,0,0,0,0,6,0,2,8,3.133568350959655,5,3,0,0,0,0,0.0,0.0,0,0,0,1,0,2,8,0.25,0,0.250000
K240645,/Users/winko/Library/Mobile Documents/com~apple~CloudDocs/Research/1.5-Policy/data/raw_text/K240645.txt,3128,0,0,0,0,0,0,0,0.0,0,0,0,0,1,0,0,0,1,0.319693094629156,0,0,1,0,0.0,0,0,0,0,0,0,0,0,0.0,0,0,0,0,0,0,7,0,0,7,2.237851662404092,5,2,0,1,0,0,0.0,0.0,0,0,0,1,0,1,7,0.14285714285714285,0,0.142857
K240680,/Users/winko/Library/Mobile Documents/com~apple~CloudDocs/Research/1.5-Policy/data/raw_text/K240680.txt,4533,0,0,0,0,0,3,3,0.6618133686300464,0,2,1,0,5,0,0,0,5,1.1030222810500772,0,0,5,0,0.0,0,0,0,1,1,0,6,8,1.7648356496801234,3,3,2,0,0,0,7,0,0,7,1.544231193470108,7,0,0,0,0,0,0.0,0.0,0,0,0,1,0,5,7,0.7142857142857143,0,0.714286
K240697,/Users/winko/Library/Mobile Documents/com~apple~CloudDocs/Research/1.5-Policy/data/raw_text/K240697.txt,6600,0,0,0,0,0,0,0,0.0,0,0,0,5,7,0,0,0,12,1.8181818181818181,0,2,10,0,0.0,0,0,0,0,1,0,5,6,0.9090909090909091,0,0,6,0,0,0,14,0,0,14,2.1212121212121215,13,0,1,1,0,0,0.0,0.0,0,0,0,1,0,12,14,0.8571428571428571,0,0.857143
K240704,/Users/winko/Library/Mobile Documents/com~apple~CloudDocs/Research/1.5-Policy/data/raw_text/K240704.txt,4315,0,0,0,0,0,0,0,0.0,0,0,0,0,2,0,0,0,2,0.46349942062572425,0,0,2,0,0.0,0,0,0,0,2,2,2,6,1.3904982618771726,0,0,6,0,0,0,5,0,0,5,1.1587485515643106,4,1,0,0,0,0,0.0,0.0,0,0,0,1,0,2,5,0.4,0,0.400000
K240712,/Users/winko/Library/Mobile Documents/com~apple~CloudDocs/Research/1.5-Policy/data/raw_text/K240712.txt,7381,0,0,0,0,0,2,2,0.2709659937677822,1,1,0,16,3,15,13,0,47,6.36770085354288,0,16,31,0,0.0,0,0,0,1,1,0,2,4,0.5419319875355644,0,4,0,0,0,0,10,0,0,10,1.3548299688389107,9,1,0,0,0,0,0.0,0.0,0,0,0,1,0,47,10,4.7,0,4.700000
K240736,/Users/winko/Library/Mobile Documents/com~apple~CloudDocs/Research/1.5-Policy/data/raw_text/K240736.txt,2554,0,0,0,0,0,0,0,0.0,0,0,0,0,0,0,0,0,0,0.0,0,0,0,0,0.0,0,0,0,0,0,0,1,1,0.39154267815191857,0,1,0,0,0,0,6,0,2,8,3.1323414252153485,5,3,0,0,0,0,0.0,0.0,0,0,0,1,0,0,8,0.0,0,0.000000
K240740,/Users/winko/Library/Mobile Documents/com~apple~CloudDocs/Research/1.5-Policy/data/raw_text/K240740.txt,3759,0,0,0,0,0,0,0,0.0,0,0,0,0,2,1,0,0,3,0.7980845969672786,0,2,1,0,0.0,0,0,0,0,0,0,0,0,0.0,0,0,0,0,0,0,14,0,0,14,3.7243947858473,8,2,4,0,0,0,0.0,0.0,0,0,0,1,0,3,14,0.21428571428571427,0,0.214286
K240744,/Users/winko/Library/Mobile Documents/com~apple~CloudDocs/Research/1.5-Policy/data/raw_text/K240744.txt,2462,0,0,0,0,0,0,0,0.0,0,0,0,0,1,1,0,0,2,0.8123476848090982,0,0,2,0,0.0,0,0,0,0,0,0,0,0,0.0,0,0,0,0,0,0,7,0,0,7,2.843216896831844,4,3,0,0,0,0,0.0,0.0,0,0,0,1,0,2,7,0.2857142857142857,0,0.285714
K240769,/Users/winko/Library/Mobile Documents/com~apple~CloudDocs/Research/1.5-Policy/data/raw_text/K240769.txt,1997,0,0,0,0,0,0,0,0.0,0,0,0,0,0,0,0,0,0,0.0,0,0,0,0,0.0,0,0,0,0,0,0,2,2,1.00150225338007,0,0,2,0,0,0,5,0,1,6,3.0045067601402105,4,1,1,0,0,0,0.0,0.0,0,0,0,1,0,0,6,0.0,0,0.000000
K240773,/Users/winko/Library/Mobile Documents/com~apple~CloudDocs/Research/1.5-Policy/data/raw_text/K240773.txt,3882,0,0,0,0,0,0,0,0.0,0,0,0,0,4,0,0,0,4,1.0303967027305514,0,0,4,0,0.0,0,0,0,0,0,1,4,5,1.287995878413189,0,0,5,0,0,0,10,0,12,22,5.667181865018033,10,12,0,0,0,0,0.0,0.0,0,0,0,1,0,4,22,0.18181818181818182,0,0.181818
K240781,/Users/winko/Library/Mobile Documents/com~apple~CloudDocs/Research/1.5-Policy/data/raw_text/K240781.txt,3029,0,0,0,0,0,0,0,0.0,0,0,0,0,0,0,0,0,0,0.0,0,0,0,0,0.0,0,0,0,0,0,0,0,0,0.0,0,0,0,0,0,0,7,0,0,7,2.31099372730274,4,3,0,0,0,0,0.0,0.0,0,0,0,1,0,0,7,0.0,0,0.000000
K240791,/Users/winko/Library/Mobile Documents/com~apple~CloudDocs/Research/1.5-Policy/data/raw_text/K240791.txt,4864,0,0,0,0,0,0,0,0.0,0,0,0,0,3,0,0,0,3,0.6167763157894737,1,2,0,0,0.0,0,0,0,0,1,1,1,3,0.6167763157894737,0,0,3,0,0,0,8,0,0,8,1.644736842105263,5,3,0,1,0,0,0.0,0.0,0,0,0,1,0,3,8,0.375,0,0.375000
K240793,/Users/winko/Library/Mobile Documents/com~apple~CloudDocs/Research/1.5-Policy/data/raw_text/K240793.txt,4789,0,0,0,0,0,0,0,0.0,0,0,0,0,2,1,0,0,3,0.6264355815410315,1,0,2,0,0.0,0,0,0,1,0,3,10,14,2.9233660471914806,0,6,8,0,0,0,12,0,0,12,2.505742326164126,12,0,0,0,0,0,0.0,0.0,0,0,0,1,0,3,12,0.25,0,0.250000
K240795,/Users/winko/Library/Mobile Documents/com~apple~CloudDocs/Research/1.5-Policy/data/raw_text/K240795.txt,5024,0,0,0,0,0,0,0,0.0,0,0,0,0,0,3,3,0,6,1.1942675159235667,0,0,6,0,0.0,0,0,0,2,2,1,4,9,1.7914012738853504,0,0,9,0,0,0,10,0,1,11,2.1894904458598727,7,3,1,1,0,0,0.0,0.0,0,0,0,1,0,6,11,0.5454545454545454,0,0.545455
K240845,/Users/winko/Library/Mobile Documents/com~apple~CloudDocs/Research/1.5-Policy/data/raw_text/K240845.txt,4408,0,0,0,0,0,1,1,0.22686025408348456,0,0,1,16,5,5,6,0,32,7.259528130671506,0,10,22,0,0.0,0,0,0,0,2,0,2,4,0.9074410163339383,0,1,3,0,0,0,6,0,0,6,1.3611615245009074,5,1,0,0,0,0,0.0,0.0,0,0,0,1,0,32,6,5.333333333333333,0,5.333333
K240850,/Users/winko/Library/Mobile Documents/com~apple~CloudDocs/Research/1.5-Policy/data/raw_text/K240850.txt,6311,0,0,0,0,0,0,0,0.0,0,0,0,0,0,0,0,0,0,0.0,0,0,0,0,0.0,0,0,0,0,0,0,0,0,0.0,0,0,0,0,0,0,13,0,2,15,2.3768024084931074,6,5,4,0,0,0,0.0,0.0,0,0,0,1,0,0,15,0.0,0,0.000000
K240860,/Users/winko/Library/Mobile Documents/com~apple~CloudDocs/Research/1.5-Policy/data/raw_text/K240860.txt,8156,0,0,0,0,0,0,0,0.0,0,0,0,0,1,15,15,0,31,3.8008827856792546,0,1,30,0,0.0,0,0,0,4,1,1,16,22,2.697400686611084,7,9,6,0,0,0,6,0,2,8,0.980872976949485,6,2,0,0,0,0,0.0,0.0,0,0,0,1,0,31,8,3.875,0,3.875000
K240926,/Users/winko/Library/Mobile Documents/com~apple~CloudDocs/Research/1.5-Policy/data/raw_text/K240926.txt,4211,0,0,0,0,0,1,1,0.23747328425552125,1,0,0,0,1,0,0,0,1,0.23747328425552125,0,0,1,0,0.0,0,0,0,0,0,0,1,1,0.23747328425552125,0,0,1,0,0,0,7,0,10,17,4.0370458323438605,9,6,2,0,0,0,0.0,0.0,0,0,0,1,0,1,17,0.058823529411764705,0,0.058824
K240929,/Users/winko/Library/Mobile Documents/com~apple~CloudDocs/Research/1.5-Policy/data/raw_text/K240929.txt,4477,0,0,0,0,0,0,0,0.0,0,0,0,0,1,5,6,0,12,2.680366316729953,0,5,7,0,0.0,0,0,0,4,4,0,7,15,3.350457895912441,0,2,13,0,0,0,9,0,1,10,2.233638597274961,7,3,0,0,0,0,0.0,0.0,0,0,0,1,0,12,10,1.2,0,1.200000
K240942,/Users/winko/Library/Mobile Documents/com~apple~CloudDocs/Research/1.5-Policy/data/raw_text/K240942.txt,4200,0,0,0,0,0,0,0,0.0,0,0,0,0,0,4,4,0,8,1.9047619047619047,0,8,0,0,0.0,0,0,0,1,1,0,1,3,0.7142857142857143,0,3,0,0,0,0,9,0,0,9,2.142857142857143,5,4,0,1,0,0,0.0,0.0,0,0,0,1,0,8,9,0.8888888888888888,0,0.888889
K240943,/Users/winko/Library/Mobile Documents/com~apple~CloudDocs/Research/1.5-Policy/data/raw_text/K240943.txt,2716,0,0,0,0,0,0,0,0.0,0,0,0,0,5,0,0,0,5,1.840942562592047,0,0,5,0,0.0,0,0,0,0,0,0,0,0,0.0,0,0,0,0,0,0,5,0,3,8,2.945508100147275,5,0,3,0,0,0,0.0,0.0,0,0,0,1,0,5,8,0.625,0,0.625000
K240944,/Users/winko/Library/Mobile Documents/com~apple~CloudDocs/Research/1.5-Policy/data/raw_text/K240944.txt,2254,0,0,0,0,0,0,0,0.0,0,0,0,0,0,0,0,0,0,0.0,0,0,0,0,0.0,0,0,0,0,0,0,0,0,0.0,0,0,0,0,0,0,6,0,1,7,3.105590062111801,4,3,0,0,0,0,0.0,0.0,0,0,0,1,0,0,7,0.0,0,0.000000
K240953,/Users/winko/Library/Mobile Documents/com~apple~CloudDocs/Research/1.5-Policy/data/raw_text/K240953.txt,3700,0,0,0,0,0,0,0,0.0,0,0,0,0,2,0,0,0,2,0.5405405405405406,0,0,2,0,0.0,0,0,0,0,2,2,2,6,1.6216216216216215,0,3,3,0,0,0,9,0,0,9,2.4324324324324325,4,4,1,0,0,0,0.0,0.0,0,0,0,1,0,2,9,0.2222222222222222,0,0.222222
K240980,/Users/winko/Library/Mobile Documents/com~apple~CloudDocs/Research/1.5-Policy/data/raw_text/K240980.txt,6320,0,0,0,0,0,0,0,0.0,0,0,0,0,1,0,0,0,1,0.15822784810126583,0,0,1,0,0.0,0,0,0,0,0,0,0,0,0.0,0,0,0,0,0,0,14,0,2,16,2.5316455696202533,12,4,0,0,0,0,0.0,0.0,0,0,0,1,0,1,16,0.0625,0,0.062500
K240993,/Users/winko/Library/Mobile Documents/com~apple~CloudDocs/Research/1.5-Policy/data/raw_text/K240993.txt,18556,0,0,0,0,0,4,4,0.2155636990730761,0,1,3,0,0,22,13,0,35,1.886182366889416,0,7,28,0,0.0,0,0,0,0,0,0,14,14,0.7544729467557663,2,7,5,0,0,0,8,0,12,20,1.0778184953653807,7,8,5,3,0,0,0.0,0.0,0,0,0,1,0,35,20,1.75,0,1.750000
K241009,/Users/winko/Library/Mobile Documents/com~apple~CloudDocs/Research/1.5-Policy/data/raw_text/K241009.txt,2735,0,0,0,0,0,0,0,0.0,0,0,0,0,0,1,1,0,2,0.7312614259597806,0,0,2,0,0.0,0,0,0,0,0,0,5,5,1.8281535648994516,0,0,5,0,0,0,5,0,1,6,2.1937842778793417,4,2,0,0,0,0,0.0,0.0,0,0,0,1,0,2,6,0.3333333333333333,0,0.333333
K241029,/Users/winko/Library/Mobile Documents/com~apple~CloudDocs/Research/1.5-Policy/data/raw_text/K241029.txt,4539,0,0,0,0,0,0,0,0.0,0,0,0,0,2,2,2,0,6,1.3218770654329146,0,0,6,0,0.0,0,0,0,0,5,2,5,12,2.643754130865829,0,0,12,0,0,0,10,0,1,11,2.4234412866270105,6,4,1,0,0,0,0.0,0.0,0,0,0,1,0,6,11,0.5454545454545454,0,0.545455
K241038,/Users/winko/Library/Mobile Documents/com~apple~CloudDocs/Research/1.5-Policy/data/raw_text/K241038.txt,3397,0,0,0,0,0,0,0,0.0,0,0,0,0,0,0,0,0,0,0.0,0,0,0,0,0.0,0,0,0,0,0,2,1,3,0.8831321754489255,0,1,2,0,0,0,6,0,0,6,1.766264350897851,5,1,0,0,0,0,0.0,0.0,0,0,0,1,0,0,6,0.0,0,0.000000
K241079,/Users/winko/Library/Mobile Documents/com~apple~CloudDocs/Research/1.5-Policy/data/raw_text/K241079.txt,3738,0,0,0,0,0,0,0,0.0,0,0,0,0,0,0,0,0,0,0.0,0,0,0,0,0.0,0,0,0,0,0,0,1,1,0.26752273943285176,0,0,1,0,0,0,7,0,1,8,2.140181915462814,5,3,0,0,0,0,0.0,0.0,0,0,0,1,0,0,8,0.0,0,0.000000
K241083,/Users/winko/Library/Mobile Documents/com~apple~CloudDocs/Research/1.5-Policy/data/raw_text/K241083.txt,2150,0,0,0,0,0,0,0,0.0,0,0,0,0,1,0,0,0,1,0.4651162790697675,0,0,1,0,0.0,0,0,0,0,0,0,0,0,0.0,0,0,0,0,0,0,6,0,0,6,2.7906976744186047,4,2,0,0,0,0,0.0,0.0,0,0,0,1,0,1,6,0.16666666666666666,0,0.166667
K241098,/Users/winko/Library/Mobile Documents/com~apple~CloudDocs/Research/1.5-Policy/data/raw_text/K241098.txt,3077,0,0,0,0,0,0,0,0.0,0,0,0,0,2,0,2,0,4,1.2999675008124798,0,2,2,0,0.0,0,0,0,3,3,6,4,16,5.199870003249919,0,6,10,0,0,0,6,0,0,6,1.9499512512187196,4,2,0,0,0,0,0.0,0.0,0,0,0,1,0,4,6,0.6666666666666666,0,0.666667
K241108,/Users/winko/Library/Mobile Documents/com~apple~CloudDocs/Research/1.5-Policy/data/raw_text/K241108.txt,4523,0,0,0,0,0,0,0,0.0,0,0,0,0,1,0,0,0,1,0.2210921954455008,0,0,1,0,0.0,0,0,0,1,0,3,5,9,1.9898297590095069,0,5,4,0,0,0,8,0,0,8,1.7687375635640064,8,0,0,0,0,0,0.0,0.0,0,0,0,1,0,1,8,0.125,0,0.125000
K241112,/Users/winko/Library/Mobile Documents/com~apple~CloudDocs/Research/1.5-Policy/data/raw_text/K241112.txt,3060,0,0,0,0,0,0,0,0.0,0,0,0,0,0,0,0,0,0,0.0,0,0,0,0,0.0,0,0,0,0,0,5,3,8,2.6143790849673203,0,0,8,0,0,0,6,0,1,7,2.2875816993464055,4,3,0,0,0,0,0.0,0.0,0,0,0,1,0,0,7,0.0,0,0.000000
K241121,/Users/winko/Library/Mobile Documents/com~apple~CloudDocs/Research/1.5-Policy/data/raw_text/K241121.txt,2330,0,0,0,0,0,0,0,0.0,0,0,0,0,0,0,0,0,0,0.0,0,0,0,0,0.0,0,0,0,0,0,0,0,0,0.0,0,0,0,0,0,0,4,0,1,5,2.1459227467811157,4,0,1,0,0,0,0.0,0.0,0,0,0,1,0,0,5,0.0,0,0.000000
K241166,/Users/winko/Library/Mobile Documents/com~apple~CloudDocs/Research/1.5-Policy/data/raw_text/K241166.txt,3868,0,0,0,0,0,0,0,0.0,0,0,0,0,0,0,0,0,0,0.0,0,0,0,0,0.0,0,0,0,0,0,0,1,1,0.25853154084798347,0,0,1,0,0,0,8,0,0,8,2.0682523267838677,8,0,0,0,0,0,0.0,0.0,0,0,0,1,0,0,8,0.0,0,0.000000
K241197,/Users/winko/Library/Mobile Documents/com~apple~CloudDocs/Research/1.5-Policy/data/raw_text/K241197.txt,2960,0,0,0,0,0,0,0,0.0,0,0,0,0,0,0,0,0,0,0.0,0,0,0,0,0.0,0,0,0,0,0,0,0,0,0.0,0,0,0,0,0,0,9,0,0,9,3.040540540540541,5,4,0,0,0,0,0.0,0.0,0,0,0,1,0,0,9,0.0,0,0.000000
K241200,/Users/winko/Library/Mobile Documents/com~apple~CloudDocs/Research/1.5-Policy/data/raw_text/K241200.txt,5179,0,0,0,0,0,0,0,0.0,0,0,0,0,3,1,0,0,4,0.7723498744931454,0,1,3,0,0.0,0,0,0,0,0,0,4,4,0.7723498744931454,2,2,0,0,0,0,5,0,0,5,0.9654373431164317,5,0,0,0,0,0,0.0,0.0,0,0,0,1,0,4,5,0.8,0,0.800000
K241211,/Users/winko/Library/Mobile Documents/com~apple~CloudDocs/Research/1.5-Policy/data/raw_text/K241211.txt,3469,0,0,0,0,0,0,0,0.0,0,0,0,0,0,1,0,0,1,0.28826751225136926,0,1,0,0,0.0,0,0,0,0,0,0,0,0,0.0,0,0,0,0,0,0,7,0,0,7,2.017872585759585,7,0,0,0,0,0,0.0,0.0,0,0,0,1,0,1,7,0.14285714285714285,0,0.142857
K241222,/Users/winko/Library/Mobile Documents/com~apple~CloudDocs/Research/1.5-Policy/data/raw_text/K241222.txt,3815,0,0,0,0,0,0,0,0.0,0,0,0,0,1,0,0,0,1,0.2621231979030144,0,1,0,0,0.0,0,0,0,0,0,0,0,0,0.0,0,0,0,0,0,0,7,0,2,9,2.35910878112713,7,2,0,0,0,0,0.0,0.0,0,0,0,1,0,1,9,0.1111111111111111,0,0.111111
K241232,/Users/winko/Library/Mobile Documents/com~apple~CloudDocs/Research/1.5-Policy/data/raw_text/K241232.txt,5206,0,0,0,0,0,0,0,0.0,0,0,0,0,2,23,20,0,45,8.643872454859777,0,2,43,0,0.0,0,0,0,0,0,0,0,0,0.0,0,0,0,0,0,0,6,0,1,7,1.3446023818670765,6,1,0,0,0,0,0.0,0.0,0,0,0,1,0,45,7,6.428571428571429,0,6.428571
K241242,/Users/winko/Library/Mobile Documents/com~apple~CloudDocs/Research/1.5-Policy/data/raw_text/K241242.txt,2789,0,0,0,0,0,0,0,0.0,0,0,0,0,0,0,0,0,0,0.0,0,0,0,0,0.0,0,0,0,0,0,0,2,2,0.7171029042667624,1,1,0,0,0,0,5,0,2,7,2.509860164933668,6,1,0,0,0,0,0.0,0.0,0,0,0,1,0,0,7,0.0,0,0.000000
K241245,/Users/winko/Library/Mobile Documents/com~apple~CloudDocs/Research/1.5-Policy/data/raw_text/K241245.txt,3932,0,0,0,0,0,0,0,0.0,0,0,0,0,1,1,1,0,3,0.762970498474059,0,0,3,0,0.0,0,0,0,1,3,1,8,13,3.306205493387589,1,3,9,0,0,0,7,0,1,8,2.0345879959308237,5,2,1,0,0,0,0.0,0.0,0,0,0,1,0,3,8,0.375,0,0.375000
K241280,/Users/winko/Library/Mobile Documents/com~apple~CloudDocs/Research/1.5-Policy/data/raw_text/K241280.txt,3024,0,0,0,0,0,0,0,0.0,0,0,0,0,2,0,0,0,2,0.6613756613756614,0,0,2,0,0.0,0,0,0,0,0,0,0,0,0.0,0,0,0,0,0,0,6,0,0,6,1.984126984126984,5,1,0,0,0,0,0.0,0.0,0,0,0,1,0,2,6,0.3333333333333333,0,0.333333
K241292,/Users/winko/Library/Mobile Documents/com~apple~CloudDocs/Research/1.5-Policy/data/raw_text/K241292.txt,2108,0,0,0,0,0,0,0,0.0,0,0,0,0,0,0,0,0,0,0.0,0,0,0,0,0.0,0,0,0,0,0,0,0,0,0.0,0,0,0,0,0,0,5,0,0,5,2.371916508538899,5,0,0,0,0,0,0.0,0.0,0,0,0,1,0,0,5,0.0,0,0.000000
K241312,/Users/winko/Library/Mobile Documents/com~apple~CloudDocs/Research/1.5-Policy/data/raw_text/K241312.txt,3365,0,0,0,0,0,0,0,0.0,0,0,0,0,1,0,0,0,1,0.2971768202080238,0,0,1,0,0.0,0,0,0,0,0,7,2,9,2.674591381872214,0,3,6,0,0,0,5,0,0,5,1.4858841010401187,5,0,0,0,0,0,0.0,0.0,0,0,0,1,0,1,5,0.2,0,0.200000
K241329,/Users/winko/Library/Mobile Documents/com~apple~CloudDocs/Research/1.5-Policy/data/raw_text/K241329.txt,3316,0,0,0,0,0,0,0,0.0,0,0,0,0,0,0,0,0,0,0.0,0,0,0,0,0.0,0,0,0,6,3,0,1,10,3.0156815440289506,0,2,8,0,0,0,6,0,0,6,1.8094089264173703,4,2,0,0,0,0,0.0,0.0,0,0,0,1,0,0,6,0.0,0,0.000000
K241331,/Users/winko/Library/Mobile Documents/com~apple~CloudDocs/Research/1.5-Policy/data/raw_text/K241331.txt,4685,0,0,0,0,0,0,0,0.0,0,0,0,0,2,0,0,0,2,0.42689434364994666,0,0,2,0,0.0,0,0,0,0,2,2,3,7,1.4941302027748131,0,0,7,0,0,0,8,0,0,8,1.7075773745997866,5,3,0,4,0,0,0.0,0.0,0,0,0,1,0,2,8,0.25,0,0.250000
K241350,/Users/winko/Library/Mobile Documents/com~apple~CloudDocs/Research/1.5-Policy/data/raw_text/K241350.txt,2662,0,0,0,0,0,0,0,0.0,0,0,0,0,0,0,0,0,0,0.0,0,0,0,0,0.0,0,0,0,0,0,0,0,0,0.0,0,0,0,0,0,0,6,0,0,6,2.2539444027047333,5,1,0,0,0,0,0.0,0.0,0,0,0,1,0,0,6,0.0,0,0.000000
K241380,/Users/winko/Library/Mobile Documents/com~apple~CloudDocs/Research/1.5-Policy/data/raw_text/K241380.txt,7283,0,0,0,0,0,1,1,0.13730605519703418,0,0,1,0,0,5,5,0,10,1.373060551970342,0,0,10,0,0.0,0,0,0,1,1,0,8,10,1.373060551970342,3,1,6,0,0,0,7,0,1,8,1.0984484415762734,6,2,0,0,0,0,0.0,0.0,0,0,0,1,0,10,8,1.25,0,1.250000
K241390,/Users/winko/Library/Mobile Documents/com~apple~CloudDocs/Research/1.5-Policy/data/raw_text/K241390.txt,4842,0,0,0,0,0,0,0,0.0,0,0,0,0,0,12,0,0,12,2.4783147459727384,0,0,12,0,0.0,0,0,0,0,0,2,3,5,1.0326311441553078,0,1,4,0,0,0,6,0,0,6,1.2391573729863692,6,0,0,0,0,0,0.0,0.0,0,0,0,1,0,12,6,2.0,0,2.000000
K241429,/Users/winko/Library/Mobile Documents/com~apple~CloudDocs/Research/1.5-Policy/data/raw_text/K241429.txt,3704,0,0,0,0,0,1,1,0.2699784017278618,0,1,0,0,0,0,0,0,0,0.0,0,0,0,0,0.0,0,0,0,0,0,0,0,0,0.0,0,0,0,0,0,0,6,0,1,7,1.8898488120950325,6,1,0,0,0,0,0.0,0.0,0,0,0,1,0,0,7,0.0,0,0.000000
K241430,/Users/winko/Library/Mobile Documents/com~apple~CloudDocs/Research/1.5-Policy/data/raw_text/K241430.txt,3321,0,0,0,0,0,0,0,0.0,0,0,0,0,2,0,0,0,2,0.6022282445046673,0,0,2,0,0.0,0,0,0,0,0,1,1,2,0.6022282445046673,0,0,2,0,0,0,9,0,0,9,2.710027100271003,5,4,0,0,0,0,0.0,0.0,0,0,0,1,0,2,9,0.2222222222222222,0,0.222222
K241439,/Users/winko/Library/Mobile Documents/com~apple~CloudDocs/Research/1.5-Policy/data/raw_text/K241439.txt,4764,0,0,0,0,0,1,1,0.20990764063811923,0,0,1,18,8,10,10,0,46,9.655751469353484,0,17,29,0,0.0,0,0,0,2,2,5,5,14,2.938706968933669,0,0,14,0,0,0,6,0,0,6,1.2594458438287153,6,0,0,3,0,0,0.0,0.0,0,0,0,1,0,46,6,7.666666666666667,0,7.666667
K241440,/Users/winko/Library/Mobile Documents/com~apple~CloudDocs/Research/1.5-Policy/data/raw_text/K241440.txt,4025,0,0,0,0,0,1,1,0.2484472049689441,0,0,1,0,0,0,0,0,0,0.0,0,0,0,0,0.0,0,0,0,0,0,0,7,7,1.7391304347826089,2,4,1,0,0,0,6,0,1,7,1.7391304347826089,6,1,0,0,0,0,0.0,0.0,0,0,0,1,0,0,7,0.0,0,0.000000
K241480,/Users/winko/Library/Mobile Documents/com~apple~CloudDocs/Research/1.5-Policy/data/raw_text/K241480.txt,3355,0,0,0,0,0,0,0,0.0,0,0,0,1,1,4,3,0,9,2.682563338301043,0,0,9,0,0.0,0,0,0,0,0,0,0,0,0.0,0,0,0,0,0,0,5,0,0,5,1.4903129657228018,5,0,0,0,0,0,0.0,0.0,0,0,0,1,0,9,5,1.8,0,1.800000
K241481,/Users/winko/Library/Mobile Documents/com~apple~CloudDocs/Research/1.5-Policy/data/raw_text/K241481.txt,4030,0,0,0,0,0,0,0,0.0,0,0,0,0,10,0,0,0,10,2.4813895781637716,0,1,9,0,0.0,0,0,0,0,0,0,0,0,0.0,0,0,0,0,0,0,7,0,2,9,2.2332506203473947,7,1,1,0,0,0,0.0,0.0,0,0,0,1,0,10,9,1.1111111111111112,0,1.111111
K241490,/Users/winko/Library/Mobile Documents/com~apple~CloudDocs/Research/1.5-Policy/data/raw_text/K241490.txt,3913,0,0,0,0,0,0,0,0.0,0,0,0,0,0,0,0,0,0,0.0,0,0,0,0,0.0,0,0,0,0,0,0,0,0,0.0,0,0,0,0,0,0,7,0,4,11,2.811142346026067,7,2,2,0,0,0,0.0,0.0,0,0,0,1,0,0,11,0.0,0,0.000000
K241496,/Users/winko/Library/Mobile Documents/com~apple~CloudDocs/Research/1.5-Policy/data/raw_text/K241496.txt,3022,0,0,0,0,0,0,0,0.0,0,0,0,0,0,0,0,0,0,0.0,0,0,0,0,0.0,0,0,0,0,0,0,0,0,0.0,0,0,0,0,0,0,5,0,0,5,1.654533421575116,4,1,0,0,0,0,0.0,0.0,0,0,0,1,0,0,5,0.0,0,0.000000
K241508,/Users/winko/Library/Mobile Documents/com~apple~CloudDocs/Research/1.5-Policy/data/raw_text/K241508.txt,3036,0,0,0,0,0,0,0,0.0,0,0,0,0,0,0,0,0,0,0.0,0,0,0,0,0.0,0,0,0,0,0,0,0,0,0.0,0,0,0,0,0,0,7,0,0,7,2.30566534914361,4,3,0,0,0,0,0.0,0.0,0,0,0,1,0,0,7,0.0,0,0.000000
K241543,/Users/winko/Library/Mobile Documents/com~apple~CloudDocs/Research/1.5-Policy/data/raw_text/K241543.txt,2833,0,0,0,0,0,0,0,0.0,0,0,0,0,2,0,0,0,2,0.7059654076950229,0,0,2,0,0.0,0,0,0,0,1,1,2,4,1.4119308153900458,0,0,4,0,0,0,6,0,2,8,2.8238616307800917,5,2,1,1,0,0,0.0,0.0,0,0,0,1,0,2,8,0.25,0,0.250000
K241546,/Users/winko/Library/Mobile Documents/com~apple~CloudDocs/Research/1.5-Policy/data/raw_text/K241546.txt,2376,0,0,0,0,0,0,0,0.0,0,0,0,0,0,0,0,0,0,0.0,0,0,0,0,0.0,0,0,0,0,0,0,0,0,0.0,0,0,0,0,0,0,5,0,0,5,2.1043771043771042,5,0,0,0,0,0,0.0,0.0,0,0,0,1,0,0,5,0.0,0,0.000000
K241561,/Users/winko/Library/Mobile Documents/com~apple~CloudDocs/Research/1.5-Policy/data/raw_text/K241561.txt,5196,0,0,0,0,0,1,1,0.1924557351809084,0,0,1,0,6,0,0,0,6,1.1547344110854503,0,3,3,0,0.0,0,0,0,5,1,0,8,14,2.6943802925327174,0,2,12,0,0,0,14,0,0,14,2.6943802925327174,8,4,2,1,0,0,0.0,0.0,0,0,0,1,0,6,14,0.42857142857142855,0,0.428571
K241582,/Users/winko/Library/Mobile Documents/com~apple~CloudDocs/Research/1.5-Policy/data/raw_text/K241582.txt,4246,0,0,0,0,0,0,0,0.0,0,0,0,0,0,0,0,0,0,0.0,0,0,0,0,0.0,0,0,0,0,4,7,7,18,4.239284032030146,0,5,13,0,0,0,6,0,0,6,1.4130946773433821,6,0,0,4,0,0,0.0,0.0,0,0,0,1,0,0,6,0.0,0,0.000000
K241585,/Users/winko/Library/Mobile Documents/com~apple~CloudDocs/Research/1.5-Policy/data/raw_text/K241585.txt,3593,0,0,0,0,0,0,0,0.0,0,0,0,0,5,0,0,0,5,1.391594767603674,0,1,4,0,0.0,0,0,0,0,0,0,0,0,0.0,0,0,0,0,0,0,9,0,0,9,2.5048705816866126,4,5,0,0,0,0,0.0,0.0,0,0,0,1,0,5,9,0.5555555555555556,0,0.555556
K241593,/Users/winko/Library/Mobile Documents/com~apple~CloudDocs/Research/1.5-Policy/data/raw_text/K241593.txt,3767,0,0,0,0,0,0,0,0.0,0,0,0,0,1,0,0,0,1,0.26546323334218214,0,0,1,0,0.0,0,0,0,0,0,0,2,2,0.5309264666843643,0,2,0,0,0,0,6,0,0,6,1.5927794000530926,6,0,0,1,0,0,0.0,0.0,0,0,0,1,0,1,6,0.16666666666666666,0,0.166667
K241596,/Users/winko/Library/Mobile Documents/com~apple~CloudDocs/Research/1.5-Policy/data/raw_text/K241596.txt,2824,0,0,0,0,0,0,0,0.0,0,0,0,0,2,0,0,0,2,0.708215297450425,0,2,0,0,0.0,0,0,0,0,0,0,0,0,0.0,0,0,0,0,0,0,8,0,0,8,2.8328611898017,4,4,0,0,0,0,0.0,0.0,0,0,0,1,0,2,8,0.25,0,0.250000
K241620,/Users/winko/Library/Mobile Documents/com~apple~CloudDocs/Research/1.5-Policy/data/raw_text/K241620.txt,4220,0,0,0,0,0,0,0,0.0,0,0,0,9,4,8,9,0,30,7.109004739336492,0,3,27,0,0.0,0,0,0,0,0,0,0,0,0.0,0,0,0,0,0,0,6,0,0,6,1.4218009478672986,5,1,0,0,0,0,0.0,0.0,0,0,0,1,0,30,6,5.0,0,5.000000
K241633,/Users/winko/Library/Mobile Documents/com~apple~CloudDocs/Research/1.5-Policy/data/raw_text/K241633.txt,3054,0,0,0,0,0,0,0,0.0,0,0,0,0,4,0,0,0,4,1.309757694826457,0,0,4,0,0.0,0,0,0,2,1,1,6,10,3.2743942370661427,1,3,6,0,0,0,8,0,2,10,3.2743942370661427,5,4,1,0,0,0,0.0,0.0,0,0,0,1,0,4,10,0.4,0,0.400000
K241659,/Users/winko/Library/Mobile Documents/com~apple~CloudDocs/Research/1.5-Policy/data/raw_text/K241659.txt,7189,0,0,0,0,0,0,0,0.0,0,0,0,0,1,0,0,0,1,0.13910140492418974,0,0,1,0,0.0,0,0,0,0,0,0,0,0,0.0,0,0,0,0,0,0,10,0,1,11,1.530115454166087,11,0,0,0,0,0,0.0,0.0,0,0,0,1,0,1,11,0.09090909090909091,0,0.090909
K241665,/Users/winko/Library/Mobile Documents/com~apple~CloudDocs/Research/1.5-Policy/data/raw_text/K241665.txt,2859,0,0,0,0,0,0,0,0.0,0,0,0,0,0,1,0,0,1,0.3497726477789437,0,0,1,0,0.0,0,0,0,0,0,0,0,0,0.0,0,0,0,0,0,0,5,0,0,5,1.7488632388947185,4,1,0,0,0,0,0.0,0.0,0,0,0,1,0,1,5,0.2,0,0.200000
K241671,/Users/winko/Library/Mobile Documents/com~apple~CloudDocs/Research/1.5-Policy/data/raw_text/K241671.txt,3120,0,0,0,0,0,0,0,0.0,0,0,0,0,0,0,0,0,0,0.0,0,0,0,0,0.0,0,0,0,0,0,0,1,1,0.32051282051282054,0,0,1,0,0,0,5,0,2,7,2.2435897435897436,5,1,1,0,0,0,0.0,0.0,0,0,0,1,0,0,7,0.0,0,0.000000
K241676,/Users/winko/Library/Mobile Documents/com~apple~CloudDocs/Research/1.5-Policy/data/raw_text/K241676.txt,13292,0,0,0,0,0,1,1,0.07523322299127295,0,1,0,0,21,5,2,0,28,2.1065302437556426,0,20,8,0,0.0,0,0,0,13,8,0,2,23,1.7303641287992777,0,7,16,0,0,0,7,0,0,7,0.5266325609389106,7,0,0,0,0,0,0.0,0.0,0,0,0,1,0,28,7,4.0,0,4.000000
K241681,/Users/winko/Library/Mobile Documents/com~apple~CloudDocs/Research/1.5-Policy/data/raw_text/K241681.txt,2074,0,0,0,0,0,0,0,0.0,0,0,0,0,0,0,0,0,0,0.0,0,0,0,0,0.0,0,0,0,0,0,0,0,0,0.0,0,0,0,0,0,0,5,0,0,5,2.4108003857280615,5,0,0,0,0,0,0.0,0.0,0,0,0,1,0,0,5,0.0,0,0.000000
K241684,/Users/winko/Library/Mobile Documents/com~apple~CloudDocs/Research/1.5-Policy/data/raw_text/K241684.txt,2673,0,0,0,0,0,0,0,0.0,0,0,0,0,1,0,0,0,1,0.3741114852225963,0,0,1,0,0.0,0,0,0,0,0,0,0,0,0.0,0,0,0,0,0,0,4,0,0,4,1.4964459408903852,4,0,0,0,0,0,0.0,0.0,0,0,0,1,0,1,4,0.25,0,0.250000
K241696,/Users/winko/Library/Mobile Documents/com~apple~CloudDocs/Research/1.5-Policy/data/raw_text/K241696.txt,3119,0,0,0,0,0,0,0,0.0,0,0,0,0,0,0,0,0,0,0.0,0,0,0,0,0.0,0,0,0,0,3,0,4,7,2.2443090734209683,0,0,7,0,0,0,9,0,0,9,2.8855402372555305,5,4,0,3,0,0,0.0,0.0,0,0,0,1,0,0,9,0.0,0,0.000000
K241719,/Users/winko/Library/Mobile Documents/com~apple~CloudDocs/Research/1.5-Policy/data/raw_text/K241719.txt,4526,0,0,0,0,0,1,1,0.22094564737074682,0,0,1,3,4,13,10,0,30,6.628369421122404,0,0,30,0,0.0,0,0,0,0,0,2,2,4,0.8837825894829873,0,0,4,0,0,0,7,0,0,7,1.5466195315952276,7,0,0,0,0,0,0.0,0.0,0,0,0,1,0,30,7,4.285714285714286,0,4.285714
K241725,/Users/winko/Library/Mobile Documents/com~apple~CloudDocs/Research/1.5-Policy/data/raw_text/K241725.txt,5299,0,0,0,0,0,0,0,0.0,0,0,0,0,6,21,21,0,48,9.058312889224382,0,2,46,0,0.0,0,0,0,0,0,0,3,3,0.5661445555765239,0,3,0,0,0,0,10,0,0,10,1.887148518588413,9,1,0,0,0,0,0.0,0.0,0,0,0,1,0,48,10,4.8,0,4.800000
K241727,/Users/winko/Library/Mobile Documents/com~apple~CloudDocs/Research/1.5-Policy/data/raw_text/K241727.txt,3816,0,0,0,0,0,0,0,0.0,0,0,0,0,0,10,10,0,20,5.241090146750524,0,0,20,0,0.0,0,0,0,0,0,4,5,9,2.3584905660377355,0,0,9,0,0,0,6,0,1,7,1.8343815513626835,7,0,0,0,0,0,0.0,0.0,0,0,0,1,0,20,7,2.857142857142857,0,2.857143
K241747,/Users/winko/Library/Mobile Documents/com~apple~CloudDocs/Research/1.5-Policy/data/raw_text/K241747.txt,3108,0,0,0,0,0,0,0,0.0,0,0,0,2,0,0,0,0,2,0.6435006435006435,0,0,2,0,0.0,0,0,0,2,2,0,5,9,2.8957528957528957,0,1,8,0,0,0,7,0,0,7,2.2522522522522523,5,2,0,0,0,0,0.0,0.0,0,0,0,1,0,2,7,0.2857142857142857,0,0.285714
K241770,/Users/winko/Library/Mobile Documents/com~apple~CloudDocs/Research/1.5-Policy/data/raw_text/K241770.txt,6915,0,0,0,0,0,0,0,0.0,0,0,0,10,4,3,1,0,18,2.6030368763557483,0,0,18,0,0.0,0,0,0,0,1,0,1,2,0.28922631959508316,0,0,2,0,0,0,8,0,0,8,1.1569052783803326,5,3,0,0,0,0,0.0,0.0,0,0,0,1,0,18,8,2.25,0,2.250000
K241831,/Users/winko/Library/Mobile Documents/com~apple~CloudDocs/Research/1.5-Policy/data/raw_text/K241831.txt,4311,0,0,0,0,0,0,0,0.0,0,0,0,6,2,10,9,0,27,6.263048016701462,0,1,26,0,0.0,0,0,0,0,1,0,2,3,0.6958942240779402,0,0,3,0,0,0,7,0,0,7,1.6237531895151935,6,1,0,0,0,0,0.0,0.0,0,0,0,1,0,27,7,3.857142857142857,0,3.857143
K241837,/Users/winko/Library/Mobile Documents/com~apple~CloudDocs/Research/1.5-Policy/data/raw_text/K241837.txt,9758,0,0,0,0,0,0,0,0.0,0,0,0,0,2,0,0,0,2,0.20496003279360525,0,2,0,0,0.0,0,0,0,1,1,1,1,4,0.4099200655872105,0,4,0,0,0,0,7,0,0,7,0.7173601147776184,7,0,0,0,0,0,0.0,0.0,0,0,0,1,0,2,7,0.2857142857142857,0,0.285714
K241847,/Users/winko/Library/Mobile Documents/com~apple~CloudDocs/Research/1.5-Policy/data/raw_text/K241847.txt,2341,0,0,0,0,0,0,0,0.0,0,0,0,0,0,0,0,0,0,0.0,0,0,0,0,0.0,0,0,0,0,0,0,0,0,0.0,0,0,0,0,0,0,5,0,0,5,2.1358393848782575,4,0,1,0,0,0,0.0,0.0,0,0,0,1,0,0,5,0.0,0,0.000000
K241887,/Users/winko/Library/Mobile Documents/com~apple~CloudDocs/Research/1.5-Policy/data/raw_text/K241887.txt,3583,0,0,0,0,0,0,0,0.0,0,0,0,0,0,1,0,0,1,0.27909572983533354,0,0,1,0,0.0,0,0,0,0,0,0,0,0,0.0,0,0,0,0,0,0,6,0,0,6,1.6745743790120011,4,1,1,0,0,0,0.0,0.0,0,0,0,1,0,1,6,0.16666666666666666,0,0.166667
K241891,/Users/winko/Library/Mobile Documents/com~apple~CloudDocs/Research/1.5-Policy/data/raw_text/K241891.txt,4952,0,0,0,0,0,0,0,0.0,0,0,0,0,1,11,11,0,23,4.644588045234248,0,0,23,0,0.0,0,0,0,1,1,0,11,13,2.6252019386106626,1,7,5,0,0,0,6,0,1,7,1.4135702746365104,6,1,0,0,0,0,0.0,0.0,0,0,0,1,0,23,7,3.2857142857142856,0,3.285714
K241922,/Users/winko/Library/Mobile Documents/com~apple~CloudDocs/Research/1.5-Policy/data/raw_text/K241922.txt,3257,0,0,0,0,0,0,0,0.0,0,0,0,0,0,0,0,0,0,0.0,0,0,0,0,0.0,0,0,0,0,0,0,0,0,0.0,0,0,0,0,0,0,10,0,2,12,3.68437212158428,5,4,3,0,0,0,0.0,0.0,0,0,0,1,0,0,12,0.0,0,0.000000
K241923,/Users/winko/Library/Mobile Documents/com~apple~CloudDocs/Research/1.5-Policy/data/raw_text/K241923.txt,3435,0,0,0,0,0,0,0,0.0,0,0,0,0,0,2,2,0,4,1.1644832605531297,0,0,4,0,0.0,0,0,0,1,1,0,2,4,1.1644832605531297,0,0,4,0,0,0,7,0,0,7,2.037845705967977,5,2,0,1,1,0,1.0,0.0,0,0,0,1,0,4,7,0.5714285714285714,0,0.571429
K241949,/Users/winko/Library/Mobile Documents/com~apple~CloudDocs/Research/1.5-Policy/data/raw_text/K241949.txt,3211,0,0,0,0,1,0,1,0.3114294612270321,0,0,1,0,4,0,0,0,4,1.2457178449081283,0,0,4,0,0.0,0,0,0,0,0,0,0,0,0.0,0,0,0,0,0,0,5,0,0,5,1.5571473061351604,5,0,0,0,0,0,0.0,0.0,0,0,0,1,0,4,5,0.8,0,0.800000
K241960,/Users/winko/Library/Mobile Documents/com~apple~CloudDocs/Research/1.5-Policy/data/raw_text/K241960.txt,4896,0,0,0,0,0,0,0,0.0,0,0,0,0,0,0,0,0,0,0.0,0,0,0,0,0.0,0,0,0,1,1,0,2,4,0.8169934640522876,0,0,4,0,0,0,10,0,5,15,3.063725490196078,8,7,0,0,0,0,0.0,0.0,0,0,0,1,0,0,15,0.0,0,0.000000
K241961,/Users/winko/Library/Mobile Documents/com~apple~CloudDocs/Research/1.5-Policy/data/raw_text/K241961.txt,2390,0,0,0,0,0,0,0,0.0,0,0,0,0,2,0,0,0,2,0.8368200836820083,0,0,2,0,0.0,0,0,0,0,0,0,0,0,0.0,0,0,0,0,0,0,5,0,0,5,2.092050209205021,5,0,0,0,0,0,0.0,0.0,0,0,0,1,0,2,5,0.4,0,0.400000
K241971,/Users/winko/Library/Mobile Documents/com~apple~CloudDocs/Research/1.5-Policy/data/raw_text/K241971.txt,5240,0,0,0,0,0,0,0,0.0,0,0,0,0,2,0,0,7,9,1.7175572519083968,0,0,9,0,0.0,0,0,0,0,6,6,18,30,5.7251908396946565,0,5,25,0,0,0,7,0,2,9,1.7175572519083968,8,1,0,0,0,0,0.0,0.0,0,0,0,1,0,9,9,1.0,0,1.000000
K241982,/Users/winko/Library/Mobile Documents/com~apple~CloudDocs/Research/1.5-Policy/data/raw_text/K241982.txt,2477,0,0,0,0,0,0,0,0.0,0,0,0,0,1,0,0,0,1,0.4037141703673799,0,0,1,0,0.0,0,0,0,0,0,0,0,0,0.0,0,0,0,0,0,0,5,0,0,5,2.0185708518368997,5,0,0,0,0,0,0.0,0.0,0,0,0,1,0,1,5,0.2,0,0.200000
K241984,/Users/winko/Library/Mobile Documents/com~apple~CloudDocs/Research/1.5-Policy/data/raw_text/K241984.txt,3545,0,0,0,0,0,0,0,0.0,0,0,0,0,5,0,0,0,5,1.4104372355430184,0,0,5,0,0.0,0,0,0,0,0,0,0,0,0.0,0,0,0,0,0,0,6,0,0,6,1.692524682651622,6,0,0,0,0,0,0.0,0.0,0,0,0,1,0,5,6,0.8333333333333334,0,0.833333
K242005,/Users/winko/Library/Mobile Documents/com~apple~CloudDocs/Research/1.5-Policy/data/raw_text/K242005.txt,2903,0,0,0,0,0,0,0,0.0,0,0,0,0,0,0,0,0,0,0.0,0,0,0,0,0.0,0,0,0,0,0,0,0,0,0.0,0,0,0,0,0,0,7,0,0,7,2.411298656562177,5,2,0,0,0,0,0.0,0.0,0,0,0,1,0,0,7,0.0,0,0.000000
K242020,/Users/winko/Library/Mobile Documents/com~apple~CloudDocs/Research/1.5-Policy/data/raw_text/K242020.txt,3663,0,0,0,0,0,0,0,0.0,0,0,0,0,0,0,0,0,0,0.0,0,0,0,0,0.0,0,0,0,0,0,0,0,0,0.0,0,0,0,0,0,0,9,0,0,9,2.457002457002457,5,4,0,0,0,0,0.0,0.0,0,0,0,1,0,0,9,0.0,0,0.000000
K242054,/Users/winko/Library/Mobile Documents/com~apple~CloudDocs/Research/1.5-Policy/data/raw_text/K242054.txt,2209,0,0,0,0,0,0,0,0.0,0,0,0,0,1,0,0,0,1,0.4526935264825713,0,0,1,0,0.0,0,0,0,0,0,0,0,0,0.0,0,0,0,0,0,0,6,0,0,6,2.716161158895428,4,2,0,0,0,0,0.0,0.0,0,0,0,1,0,1,6,0.16666666666666666,0,0.166667
K242062,/Users/winko/Library/Mobile Documents/com~apple~CloudDocs/Research/1.5-Policy/data/raw_text/K242062.txt,2394,0,0,0,0,0,0,0,0.0,0,0,0,0,5,0,0,0,5,2.0885547201336676,0,0,5,0,0.0,0,0,0,0,1,0,10,11,4.594820384294068,0,1,10,0,0,0,5,0,0,5,2.0885547201336676,5,0,0,0,0,0,0.0,0.0,0,0,0,1,0,5,5,1.0,0,1.000000
K242094,/Users/winko/Library/Mobile Documents/com~apple~CloudDocs/Research/1.5-Policy/data/raw_text/K242094.txt,3180,0,0,0,0,0,0,0,0.0,0,0,0,0,0,0,0,0,0,0.0,0,0,0,0,0.0,0,0,0,0,0,0,0,0,0.0,0,0,0,0,0,0,8,0,2,10,3.1446540880503147,5,5,0,0,0,0,0.0,0.0,0,0,0,1,0,0,10,0.0,0,0.000000
K242123,/Users/winko/Library/Mobile Documents/com~apple~CloudDocs/Research/1.5-Policy/data/raw_text/K242123.txt,5173,0,0,0,0,0,2,2,0.38662284941040015,0,0,2,0,0,0,0,0,0,0.0,0,0,0,0,0.0,0,0,0,3,1,3,6,13,2.513048521167601,0,13,0,0,0,0,11,0,2,13,2.513048521167601,11,0,2,0,0,0,0.0,0.0,0,0,0,1,0,0,13,0.0,0,0.000000
K242129,/Users/winko/Library/Mobile Documents/com~apple~CloudDocs/Research/1.5-Policy/data/raw_text/K242129.txt,5108,0,0,0,0,0,0,0,0.0,0,0,0,0,4,4,4,0,12,2.3492560689115116,0,0,12,0,0.0,0,0,0,1,1,1,10,13,2.5450274079874706,2,6,5,0,0,0,10,0,1,11,2.153484729835552,5,5,1,0,0,0,0.0,0.0,0,0,0,1,0,12,11,1.0909090909090908,0,1.090909
K242130,/Users/winko/Library/Mobile Documents/com~apple~CloudDocs/Research/1.5-Policy/data/raw_text/K242130.txt,11326,0,0,0,0,0,0,0,0.0,0,0,0,32,6,63,59,0,160,14.126787921596327,5,52,103,0,0.0,0,0,0,0,2,0,3,5,0.4414621225498852,0,0,5,0,0,0,9,0,2,11,0.9712166696097474,9,0,2,0,0,0,0.0,0.0,0,0,0,1,0,160,11,14.545454545454545,0,14.545455
K242166,/Users/winko/Library/Mobile Documents/com~apple~CloudDocs/Research/1.5-Policy/data/raw_text/K242166.txt,4741,0,0,0,0,0,0,0,0.0,0,0,0,0,2,0,0,0,2,0.42185192997257964,1,0,1,0,0.0,0,0,0,0,0,0,5,5,1.054629824931449,1,3,1,0,0,0,6,0,1,7,1.4764817549040286,5,1,1,2,0,0,0.0,0.0,0,0,0,1,0,2,7,0.2857142857142857,0,0.285714
K242168,/Users/winko/Library/Mobile Documents/com~apple~CloudDocs/Research/1.5-Policy/data/raw_text/K242168.txt,5606,0,0,0,0,0,2,2,0.35676061362825545,0,0,2,0,10,0,0,0,10,1.783803068141277,0,3,7,0,0.0,0,0,0,0,0,0,0,0,0.0,0,0,0,0,0,0,8,0,0,8,1.4270424545130218,8,0,0,0,0,0,0.0,0.0,0,0,0,1,0,10,8,1.25,0,1.250000
K242171,/Users/winko/Library/Mobile Documents/com~apple~CloudDocs/Research/1.5-Policy/data/raw_text/K242171.txt,6396,0,0,0,0,0,0,0,0.0,0,0,0,15,7,15,15,0,52,8.130081300813009,0,6,46,0,0.0,0,0,0,0,1,2,26,29,4.534083802376485,1,18,10,0,0,0,11,0,0,11,1.7198248905565978,9,2,0,0,0,0,0.0,0.0,0,0,0,1,0,52,11,4.7272727272727275,0,4.727273
K242188,/Users/winko/Library/Mobile Documents/com~apple~CloudDocs/Research/1.5-Policy/data/raw_text/K242188.txt,3548,0,0,0,0,0,1,1,0.2818489289740699,0,1,0,0,4,0,0,0,4,1.1273957158962795,0,0,4,0,0.0,0,0,0,0,0,0,7,7,1.9729425028184893,2,4,1,0,0,0,8,0,0,8,2.254791431792559,5,3,0,0,0,0,0.0,0.0,0,0,0,1,0,4,8,0.5,0,0.500000
K242203,/Users/winko/Library/Mobile Documents/com~apple~CloudDocs/Research/1.5-Policy/data/raw_text/K242203.txt,3581,0,0,0,0,0,0,0,0.0,0,0,0,0,0,0,0,0,0,0.0,0,0,0,0,0.0,0,0,0,0,0,3,3,6,1.6755096341803966,0,0,6,0,0,0,7,0,2,9,2.513264451270595,8,0,1,0,0,0,0.0,0.0,0,0,0,1,0,0,9,0.0,0,0.000000
K242215,/Users/winko/Library/Mobile Documents/com~apple~CloudDocs/Research/1.5-Policy/data/raw_text/K242215.txt,2814,0,0,0,0,0,0,0,0.0,0,0,0,0,6,0,1,0,7,2.487562189054726,0,1,6,0,0.0,0,0,0,0,0,3,2,5,1.7768301350390903,0,4,1,0,0,0,7,0,0,7,2.487562189054726,5,2,0,0,0,0,0.0,0.0,0,0,0,1,0,7,7,1.0,0,1.000000
K242240,/Users/winko/Library/Mobile Documents/com~apple~CloudDocs/Research/1.5-Policy/data/raw_text/K242240.txt,3924,0,0,0,0,0,0,0,0.0,0,0,0,0,0,0,0,0,0,0.0,0,0,0,0,0.0,0,0,0,0,2,0,2,4,1.0193679918450562,0,0,4,0,0,0,7,0,0,7,1.783893985728848,5,2,0,1,0,0,0.0,0.0,0,0,0,1,0,0,7,0.0,0,0.000000
K242270,/Users/winko/Library/Mobile Documents/com~apple~CloudDocs/Research/1.5-Policy/data/raw_text/K242270.txt,4019,0,0,0,0,0,0,0,0.0,0,0,0,0,6,5,5,0,16,3.9810898233391394,0,0,16,0,0.0,0,0,0,0,1,1,1,3,0.7464543418760885,0,0,3,0,0,0,7,0,1,8,1.9905449116695697,7,0,1,0,0,0,0.0,0.0,0,0,0,1,0,16,8,2.0,0,2.000000
K242275,/Users/winko/Library/Mobile Documents/com~apple~CloudDocs/Research/1.5-Policy/data/raw_text/K242275.txt,3162,0,0,0,0,0,0,0,0.0,0,0,0,0,0,1,1,0,2,0.6325110689437066,0,0,2,0,0.0,0,0,0,0,0,0,0,0,0.0,0,0,0,0,0,0,8,0,0,8,2.5300442757748263,4,4,0,0,0,0,0.0,0.0,0,0,0,1,0,2,8,0.25,0,0.250000
K242292,/Users/winko/Library/Mobile Documents/com~apple~CloudDocs/Research/1.5-Policy/data/raw_text/K242292.txt,3479,0,0,0,0,0,0,0,0.0,0,0,0,0,0,4,4,0,8,2.2995113538373095,0,0,8,0,0.0,0,0,0,2,1,2,2,7,2.012072434607646,0,0,7,0,0,0,6,0,1,7,2.012072434607646,5,1,1,1,0,0,0.0,0.0,0,0,0,1,0,8,7,1.1428571428571428,0,1.142857
K242295,/Users/winko/Library/Mobile Documents/com~apple~CloudDocs/Research/1.5-Policy/data/raw_text/K242295.txt,2324,0,0,0,0,0,0,0,0.0,0,0,0,0,0,3,3,0,6,2.581755593803787,0,0,6,0,0.0,0,0,0,0,0,0,1,1,0.43029259896729777,0,0,1,0,0,0,7,0,0,7,3.0120481927710845,5,2,0,0,0,0,0.0,0.0,0,0,0,1,0,6,7,0.8571428571428571,0,0.857143
K242300,/Users/winko/Library/Mobile Documents/com~apple~CloudDocs/Research/1.5-Policy/data/raw_text/K242300.txt,2398,0,0,0,0,0,0,0,0.0,0,0,0,0,0,0,0,0,0,0.0,0,0,0,0,0.0,0,0,0,0,0,0,0,0,0.0,0,0,0,0,0,0,10,0,1,11,4.587155963302752,4,7,0,0,0,0,0.0,0.0,0,0,0,1,0,0,11,0.0,0,0.000000
K242323,/Users/winko/Library/Mobile Documents/com~apple~CloudDocs/Research/1.5-Policy/data/raw_text/K242323.txt,3057,0,0,0,0,0,0,0,0.0,0,0,0,0,4,0,0,0,4,1.3084723585214262,0,0,4,0,0.0,0,0,0,0,0,0,0,0,0.0,0,0,0,0,0,0,6,0,0,6,1.9627085377821392,5,1,0,0,0,0,0.0,0.0,0,0,0,1,0,4,6,0.6666666666666666,0,0.666667
K242334,/Users/winko/Library/Mobile Documents/com~apple~CloudDocs/Research/1.5-Policy/data/raw_text/K242334.txt,2733,0,0,0,0,0,0,0,0.0,0,0,0,0,0,0,0,0,0,0.0,0,0,0,0,0.0,0,0,0,0,0,0,6,6,2.1953896816684964,0,4,2,0,0,0,5,0,0,5,1.8294914013904136,5,0,0,0,0,0,0.0,0.0,0,0,0,1,0,0,5,0.0,0,0.000000
K242338,/Users/winko/Library/Mobile Documents/com~apple~CloudDocs/Research/1.5-Policy/data/raw_text/K242338.txt,2791,0,0,0,0,0,0,0,0.0,0,0,0,0,0,0,0,0,0,0.0,0,0,0,0,0.0,0,0,0,0,0,0,0,0,0.0,0,0,0,0,0,0,7,0,0,7,2.508061626657112,5,2,0,0,0,0,0.0,0.0,0,0,0,1,0,0,7,0.0,0,0.000000
K242342,/Users/winko/Library/Mobile Documents/com~apple~CloudDocs/Research/1.5-Policy/data/raw_text/K242342.txt,3967,0,0,0,0,0,0,0,0.0,0,0,0,7,0,8,10,0,25,6.301991429291656,0,0,25,0,0.0,0,0,0,2,2,2,8,14,3.5291152004033273,0,0,14,0,0,0,7,0,0,7,1.7645576002016636,5,2,0,0,0,0,0.0,0.0,0,0,0,1,0,25,7,3.5714285714285716,0,3.571429
K242359,/Users/winko/Library/Mobile Documents/com~apple~CloudDocs/Research/1.5-Policy/data/raw_text/K242359.txt,2145,0,0,0,0,0,0,0,0.0,0,0,0,0,2,0,0,0,2,0.9324009324009324,0,0,2,0,0.0,0,0,0,0,1,2,2,5,2.331002331002331,0,0,5,0,0,0,8,0,0,8,3.7296037296037294,5,3,0,0,0,0,0.0,0.0,0,0,0,1,0,2,8,0.25,0,0.250000
K242362,/Users/winko/Library/Mobile Documents/com~apple~CloudDocs/Research/1.5-Policy/data/raw_text/K242362.txt,3606,0,0,0,0,0,0,0,0.0,0,0,0,0,1,0,0,0,1,0.27731558513588467,0,0,1,0,0.0,0,0,0,0,0,0,0,0,0.0,0,0,0,0,0,0,9,0,2,11,3.050471436494731,6,5,0,0,0,0,0.0,0.0,0,0,0,1,0,1,11,0.09090909090909091,0,0.090909
K242388,/Users/winko/Library/Mobile Documents/com~apple~CloudDocs/Research/1.5-Policy/data/raw_text/K242388.txt,2755,0,0,0,0,0,0,0,0.0,0,0,0,0,4,0,0,0,4,1.451905626134301,0,2,2,0,0.0,0,0,0,0,0,0,0,0,0.0,0,0,0,0,0,0,6,0,0,6,2.177858439201452,5,1,0,0,0,0,0.0,0.0,0,0,0,1,0,4,6,0.6666666666666666,0,0.666667
K242403,/Users/winko/Library/Mobile Documents/com~apple~CloudDocs/Research/1.5-Policy/data/raw_text/K242403.txt,2983,0,0,0,0,0,0,0,0.0,0,0,0,0,1,1,0,0,2,0.670465973851827,0,0,2,0,0.0,0,0,0,0,0,0,0,0,0.0,0,0,0,0,0,0,7,0,0,7,2.3466309084813943,5,2,0,0,0,0,0.0,0.0,0,0,0,1,0,2,7,0.2857142857142857,0,0.285714
K242437,/Users/winko/Library/Mobile Documents/com~apple~CloudDocs/Research/1.5-Policy/data/raw_text/K242437.txt,5256,0,0,0,0,0,0,0,0.0,0,0,0,0,1,15,12,0,28,5.32724505327245,0,0,28,0,0.0,0,0,0,1,0,0,9,10,1.9025875190258752,2,6,2,0,0,0,10,0,0,10,1.9025875190258752,10,0,0,0,0,0,0.0,0.0,0,0,0,1,0,28,10,2.8,0,2.800000
K242444,/Users/winko/Library/Mobile Documents/com~apple~CloudDocs/Research/1.5-Policy/data/raw_text/K242444.txt,4092,0,0,0,0,0,0,0,0.0,0,0,0,0,2,0,0,7,9,2.1994134897360706,0,1,8,0,0.0,0,0,0,0,3,3,12,18,4.398826979472141,0,0,18,0,0,0,5,0,2,7,1.710654936461388,6,1,0,0,0,0,0.0,0.0,0,0,0,1,0,9,7,1.2857142857142858,0,1.285714
K242447,/Users/winko/Library/Mobile Documents/com~apple~CloudDocs/Research/1.5-Policy/data/raw_text/K242447.txt,4130,0,0,0,0,0,0,0,0.0,0,0,0,0,2,0,0,0,2,0.48426150121065376,0,1,1,0,0.0,0,0,0,0,0,0,0,0,0.0,0,0,0,0,0,0,8,0,9,17,4.116222760290557,9,8,0,0,0,0,0.0,0.0,0,0,0,1,0,2,17,0.11764705882352941,0,0.117647
K242461,/Users/winko/Library/Mobile Documents/com~apple~CloudDocs/Research/1.5-Policy/data/raw_text/K242461.txt,3386,0,0,0,0,0,0,0,0.0,0,0,0,0,1,0,0,0,1,0.29533372711163614,0,0,1,0,0.0,0,0,0,0,0,0,0,0,0.0,0,0,0,0,0,0,9,0,1,10,2.9533372711163612,5,4,1,1,0,0,0.0,0.0,0,0,0,1,0,1,10,0.1,0,0.100000
K242467,/Users/winko/Library/Mobile Documents/com~apple~CloudDocs/Research/1.5-Policy/data/raw_text/K242467.txt,3484,0,0,0,0,0,0,0,0.0,0,0,0,1,0,1,1,0,3,0.8610792192881744,0,0,3,0,0.0,0,0,0,1,1,1,2,5,1.4351320321469576,0,1,4,0,0,0,6,0,0,6,1.7221584385763489,5,1,0,0,0,0,0.0,0.0,0,0,0,1,0,3,6,0.5,0,0.500000
K242480,/Users/winko/Library/Mobile Documents/com~apple~CloudDocs/Research/1.5-Policy/data/raw_text/K242480.txt,3348,0,0,0,0,0,0,0,0.0,0,0,0,0,10,0,0,0,10,2.9868578255675033,0,1,9,0,0.0,0,0,0,0,0,0,0,0,0.0,0,0,0,0,0,0,8,0,1,9,2.688172043010753,5,3,1,0,0,0,0.0,0.0,0,0,0,1,0,10,9,1.1111111111111112,0,1.111111
K242488,/Users/winko/Library/Mobile Documents/com~apple~CloudDocs/Research/1.5-Policy/data/raw_text/K242488.txt,4863,0,0,0,0,0,0,0,0.0,0,0,0,0,0,0,0,0,0,0.0,0,0,0,0,0.0,0,0,0,0,0,0,0,0,0.0,0,0,0,0,0,0,12,0,0,12,2.4676125848241828,9,3,0,0,0,0,0.0,0.0,0,0,0,1,0,0,12,0.0,0,0.000000
K242500,/Users/winko/Library/Mobile Documents/com~apple~CloudDocs/Research/1.5-Policy/data/raw_text/K242500.txt,3501,0,0,0,0,0,0,0,0.0,0,0,0,0,4,0,0,0,4,1.1425307055127107,0,0,4,0,0.0,0,0,0,0,0,1,2,3,0.8568980291345331,0,0,3,0,0,0,7,0,0,7,1.9994287346472437,7,0,0,0,0,0,0.0,0.0,0,0,0,1,0,4,7,0.5714285714285714,0,0.571429
K242511,/Users/winko/Library/Mobile Documents/com~apple~CloudDocs/Research/1.5-Policy/data/raw_text/K242511.txt,5631,0,0,0,0,0,0,0,0.0,0,0,0,0,7,0,0,7,14,2.4862369028591726,0,9,5,0,0.0,0,0,0,0,6,8,21,35,6.215592257147931,0,14,21,0,0,0,7,0,2,9,1.5982951518380393,8,1,0,0,0,0,0.0,0.0,0,0,0,1,0,14,9,1.5555555555555556,0,1.555556
K242522,/Users/winko/Library/Mobile Documents/com~apple~CloudDocs/Research/1.5-Policy/data/raw_text/K242522.txt,3957,0,0,0,0,0,0,0,0.0,0,0,0,2,3,1,0,0,6,1.5163002274450341,0,0,6,0,0.0,0,0,0,0,0,2,7,9,2.274450341167551,1,4,4,0,0,0,8,0,0,8,2.0217336365933787,5,2,1,0,0,0,0.0,0.0,0,0,0,1,0,6,8,0.75,0,0.750000
K242523,/Users/winko/Library/Mobile Documents/com~apple~CloudDocs/Research/1.5-Policy/data/raw_text/K242523.txt,4989,0,0,0,0,0,0,0,0.0,0,0,0,0,3,0,0,0,3,0.6013229104028863,0,0,3,0,0.0,0,0,0,0,4,4,4,12,2.4052916416115453,0,0,12,0,0,0,6,0,0,6,1.2026458208057726,5,1,0,0,0,0,0.0,0.0,0,0,0,1,0,3,6,0.5,0,0.500000
K242551,/Users/winko/Library/Mobile Documents/com~apple~CloudDocs/Research/1.5-Policy/data/raw_text/K242551.txt,5172,0,0,0,0,0,0,0,0.0,0,0,0,0,0,0,0,0,0,0.0,0,0,0,0,0.0,0,0,0,0,0,1,1,2,0.3866976024748647,0,0,2,0,0,0,5,0,1,6,1.160092807424594,5,1,0,0,0,0,0.0,0.0,0,0,0,1,0,0,6,0.0,0,0.000000
K242583,/Users/winko/Library/Mobile Documents/com~apple~CloudDocs/Research/1.5-Policy/data/raw_text/K242583.txt,5682,0,0,0,0,0,0,0,0.0,0,0,0,0,5,1,0,0,6,1.0559662090813093,0,0,6,0,0.0,0,0,0,0,0,0,1,1,0.17599436818021824,0,0,1,0,0,0,8,0,10,18,3.1678986272439285,6,7,5,0,0,0,0.0,0.0,0,0,0,1,0,6,18,0.3333333333333333,0,0.333333
K242594,/Users/winko/Library/Mobile Documents/com~apple~CloudDocs/Research/1.5-Policy/data/raw_text/K242594.txt,4422,0,0,0,0,0,0,0,0.0,0,0,0,0,1,21,21,0,43,9.724106739032113,0,0,43,0,0.0,0,0,0,0,0,0,7,7,1.582994120307553,1,2,4,0,0,0,6,0,1,7,1.582994120307553,6,1,0,1,0,0,0.0,0.0,0,0,0,1,0,43,7,6.142857142857143,0,6.142857
K242600,/Users/winko/Library/Mobile Documents/com~apple~CloudDocs/Research/1.5-Policy/data/raw_text/K242600.txt,3931,0,0,0,0,0,1,1,0.2543881963876876,0,0,1,3,1,7,5,0,16,4.070211142203002,0,0,16,0,0.0,0,0,0,0,0,0,8,8,2.035105571101501,1,5,2,0,0,0,8,0,0,8,2.035105571101501,5,2,1,0,0,0,0.0,0.0,0,0,0,1,0,16,8,2.0,0,2.000000
K242607,/Users/winko/Library/Mobile Documents/com~apple~CloudDocs/Research/1.5-Policy/data/raw_text/K242607.txt,3408,0,0,0,0,0,0,0,0.0,0,0,0,0,1,0,0,0,1,0.2934272300469484,0,0,1,0,0.0,0,0,0,0,1,1,3,5,1.4671361502347418,0,0,5,0,0,0,9,0,0,9,2.640845070422535,5,3,1,1,0,0,0.0,0.0,0,0,0,1,0,1,9,0.1111111111111111,0,0.111111
K242624,/Users/winko/Library/Mobile Documents/com~apple~CloudDocs/Research/1.5-Policy/data/raw_text/K242624.txt,7302,0,0,0,0,0,0,0,0.0,0,0,0,0,0,0,0,0,0,0.0,0,0,0,0,0.0,0,0,0,0,0,9,18,27,3.6976170912078885,0,0,27,0,0,0,6,0,1,7,0.958641468090934,6,0,1,4,0,0,0.0,0.0,0,0,0,1,0,0,7,0.0,0,0.000000
K242652,/Users/winko/Library/Mobile Documents/com~apple~CloudDocs/Research/1.5-Policy/data/raw_text/K242652.txt,2749,0,0,0,0,0,0,0,0.0,0,0,0,0,0,0,0,0,0,0.0,0,0,0,0,0.0,0,0,0,0,0,0,0,0,0.0,0,0,0,0,0,0,12,0,0,12,4.365223717715533,5,4,3,0,0,0,0.0,0.0,0,0,0,1,0,0,12,0.0,0,0.000000
K242683,/Users/winko/Library/Mobile Documents/com~apple~CloudDocs/Research/1.5-Policy/data/raw_text/K242683.txt,4120,0,0,0,0,0,1,1,0.24271844660194175,0,0,1,2,1,5,3,0,11,2.6699029126213594,0,0,11,0,0.0,0,0,0,2,3,0,5,10,2.4271844660194173,0,0,10,0,0,0,8,0,0,8,1.941747572815534,7,1,0,0,0,0,0.0,0.0,0,0,0,1,0,11,8,1.375,0,1.375000
K242729,/Users/winko/Library/Mobile Documents/com~apple~CloudDocs/Research/1.5-Policy/data/raw_text/K242729.txt,8130,0,0,0,0,0,0,0,0.0,0,0,0,0,4,0,0,0,4,0.49200492004920043,0,3,1,0,0.0,0,0,0,0,0,0,0,0,0.0,0,0,0,0,0,0,6,0,0,6,0.7380073800738007,6,0,0,0,0,0,0.0,0.0,0,0,0,1,0,4,6,0.6666666666666666,0,0.666667
K242737,/Users/winko/Library/Mobile Documents/com~apple~CloudDocs/Research/1.5-Policy/data/raw_text/K242737.txt,5558,0,0,0,0,0,0,0,0.0,0,0,0,0,5,2,1,0,8,1.4393666786613888,0,2,6,0,0.0,0,0,0,0,0,0,4,4,0.7196833393306944,2,2,0,0,0,0,14,0,1,15,2.6988125224901043,14,1,0,0,0,0,0.0,0.0,0,0,0,1,0,8,15,0.5333333333333333,0,0.533333
K242745,/Users/winko/Library/Mobile Documents/com~apple~CloudDocs/Research/1.5-Policy/data/raw_text/K242745.txt,5677,0,0,0,0,0,0,0,0.0,0,0,0,0,0,0,0,0,0,0.0,0,0,0,0,0.0,0,0,0,0,0,1,0,1,0.17614937466971992,0,0,1,0,0,0,15,0,0,15,2.642240620045799,15,0,0,0,0,0,0.0,0.0,0,0,0,1,0,0,15,0.0,0,0.000000
K242748,/Users/winko/Library/Mobile Documents/com~apple~CloudDocs/Research/1.5-Policy/data/raw_text/K242748.txt,5087,0,0,0,0,0,0,0,0.0,0,0,0,0,2,0,0,0,2,0.3931590328287793,0,1,1,0,0.0,0,0,0,0,0,0,0,0,0.0,0,0,0,0,0,0,6,0,3,9,1.7692156477295065,6,3,0,0,0,0,0.0,0.0,0,0,0,1,0,2,9,0.2222222222222222,0,0.222222
K242781,/Users/winko/Library/Mobile Documents/com~apple~CloudDocs/Research/1.5-Policy/data/raw_text/K242781.txt,7190,0,0,0,0,0,0,0,0.0,0,0,0,0,2,0,0,0,2,0.2781641168289291,0,0,2,0,0.0,0,0,0,0,0,1,1,2,0.2781641168289291,0,0,2,0,0,0,7,0,6,13,1.8080667593880388,7,2,4,0,0,0,0.0,0.0,0,0,0,1,0,2,13,0.15384615384615385,0,0.153846
K242798,/Users/winko/Library/Mobile Documents/com~apple~CloudDocs/Research/1.5-Policy/data/raw_text/K242798.txt,3123,0,0,0,0,0,0,0,0.0,0,0,0,0,2,0,0,0,2,0.6404098623118796,0,1,1,0,0.0,0,0,0,0,0,0,0,0,0.0,0,0,0,0,0,0,6,0,0,6,1.9212295869356388,5,1,0,0,0,0,0.0,0.0,0,0,0,1,0,2,6,0.3333333333333333,0,0.333333
K242800,/Users/winko/Library/Mobile Documents/com~apple~CloudDocs/Research/1.5-Policy/data/raw_text/K242800.txt,7073,0,0,0,0,0,0,0,0.0,0,0,0,0,4,0,0,0,4,0.5655308921249823,0,0,4,0,0.0,0,0,0,0,1,1,1,3,0.42414816909373676,0,0,3,0,0,0,12,0,1,13,1.8379753994061925,7,6,0,0,0,0,0.0,0.0,0,0,0,1,0,4,13,0.3076923076923077,0,0.307692
K242807,/Users/winko/Library/Mobile Documents/com~apple~CloudDocs/Research/1.5-Policy/data/raw_text/K242807.txt,7277,0,0,0,0,0,0,0,0.0,0,0,0,0,3,0,1,0,4,0.5496770647244744,0,2,2,0,0.0,0,0,0,0,0,0,2,2,0.2748385323622372,0,2,0,0,0,0,5,0,1,6,0.8245155970867115,5,1,0,1,0,0,0.0,0.0,0,0,0,1,0,4,6,0.6666666666666666,0,0.666667
K242821,/Users/winko/Library/Mobile Documents/com~apple~CloudDocs/Research/1.5-Policy/data/raw_text/K242821.txt,3594,0,0,0,0,0,0,0,0.0,0,0,0,0,0,2,2,0,4,1.1129660545353368,0,0,4,0,0.0,0,0,0,1,1,0,2,4,1.1129660545353368,0,0,4,0,0,0,7,0,0,7,1.947690595436839,5,2,0,1,1,0,1.0,0.0,0,0,0,1,0,4,7,0.5714285714285714,0,0.571429
K242822,/Users/winko/Library/Mobile Documents/com~apple~CloudDocs/Research/1.5-Policy/data/raw_text/K242822.txt,3343,0,0,0,0,0,0,0,0.0,0,0,0,0,0,4,0,0,4,1.1965300628178284,0,0,4,0,0.0,0,0,0,0,0,0,2,2,0.5982650314089142,1,1,0,0,0,0,7,0,0,7,2.0939276099311996,5,2,0,0,0,0,0.0,0.0,0,0,0,1,0,4,7,0.5714285714285714,0,0.571429
K242825,/Users/winko/Library/Mobile Documents/com~apple~CloudDocs/Research/1.5-Policy/data/raw_text/K242825.txt,1333,0,0,0,0,0,0,0,0.0,0,0,0,0,0,0,0,0,0,0.0,0,0,0,0,0.0,0,0,0,0,0,0,1,1,0.7501875468867217,0,0,1,0,0,0,5,0,0,5,3.750937734433608,4,1,0,0,0,0,0.0,0.0,0,0,0,1,0,0,5,0.0,0,0.000000
K242830,/Users/winko/Library/Mobile Documents/com~apple~CloudDocs/Research/1.5-Policy/data/raw_text/K242830.txt,3410,0,0,0,0,0,0,0,0.0,0,0,0,0,5,0,0,0,5,1.466275659824047,0,3,2,0,0.0,0,0,0,0,0,0,0,0,0.0,0,0,0,0,0,0,6,0,0,6,1.7595307917888563,5,1,0,0,0,0,0.0,0.0,0,0,0,1,0,5,6,0.8333333333333334,0,0.833333
K242837,/Users/winko/Library/Mobile Documents/com~apple~CloudDocs/Research/1.5-Policy/data/raw_text/K242837.txt,4083,0,0,0,0,0,0,0,0.0,0,0,0,0,0,9,9,0,18,4.40852314474651,0,0,18,0,0.0,0,0,0,0,0,4,5,9,2.204261572373255,0,2,7,0,0,0,7,0,1,8,1.9593436198873377,8,0,0,0,0,0,0.0,0.0,0,0,0,1,0,18,8,2.25,0,2.250000
K242838,/Users/winko/Library/Mobile Documents/com~apple~CloudDocs/Research/1.5-Policy/data/raw_text/K242838.txt,3642,0,0,0,0,0,0,0,0.0,0,0,0,0,2,0,0,0,2,0.5491488193300385,0,1,1,0,0.0,0,0,0,0,0,0,0,0,0.0,0,0,0,0,0,0,11,0,3,14,3.844041735310269,5,7,2,0,0,0,0.0,0.0,0,0,0,1,0,2,14,0.14285714285714285,0,0.142857
K242919,/Users/winko/Library/Mobile Documents/com~apple~CloudDocs/Research/1.5-Policy/data/raw_text/K242919.txt,3828,0,0,0,0,0,0,0,0.0,0,0,0,3,2,1,0,0,6,1.567398119122257,0,0,6,0,0.0,0,0,0,1,0,0,2,3,0.7836990595611285,0,0,3,0,0,0,10,0,0,10,2.6123301985370952,6,4,0,0,0,0,0.0,0.0,0,0,0,1,0,6,10,0.6,0,0.600000
K242925,/Users/winko/Library/Mobile Documents/com~apple~CloudDocs/Research/1.5-Policy/data/raw_text/K242925.txt,5204,0,0,0,0,0,0,0,0.0,0,0,0,0,3,0,0,0,3,0.5764796310530361,1,0,2,0,0.0,0,0,0,0,0,1,2,3,0.5764796310530361,0,0,3,0,0,0,6,0,0,6,1.1529592621060722,6,0,0,0,0,0,0.0,0.0,0,0,0,1,0,3,6,0.5,0,0.500000
K242967,/Users/winko/Library/Mobile Documents/com~apple~CloudDocs/Research/1.5-Policy/data/raw_text/K242967.txt,4505,0,0,0,0,0,0,0,0.0,0,0,0,0,1,2,2,0,5,1.1098779134295227,0,0,5,0,0.0,0,0,0,0,0,0,7,7,1.5538290788013318,2,2,3,0,0,0,7,0,1,8,1.7758046614872365,7,1,0,0,0,0,0.0,0.0,0,0,0,1,0,5,8,0.625,0,0.625000
K242994,/Users/winko/Library/Mobile Documents/com~apple~CloudDocs/Research/1.5-Policy/data/raw_text/K242994.txt,4097,0,0,0,0,0,0,0,0.0,0,0,0,0,0,0,0,0,0,0.0,0,0,0,0,0.0,0,0,0,0,3,0,0,3,0.7322431047107639,0,0,3,0,0,0,12,0,0,12,2.9289724188430557,12,0,0,0,0,0,0.0,0.0,0,0,0,1,0,0,12,0.0,0,0.000000
K243005,/Users/winko/Library/Mobile Documents/com~apple~CloudDocs/Research/1.5-Policy/data/raw_text/K243005.txt,2861,0,0,0,0,0,0,0,0.0,0,0,0,0,6,0,0,0,6,2.0971688220901785,0,0,6,0,0.0,0,0,0,0,0,0,3,3,1.0485844110450893,0,0,3,0,0,0,6,0,1,7,2.446696959105208,5,2,0,0,0,0,0.0,0.0,0,0,0,1,0,6,7,0.8571428571428571,0,0.857143
K243038,/Users/winko/Library/Mobile Documents/com~apple~CloudDocs/Research/1.5-Policy/data/raw_text/K243038.txt,3067,0,0,0,0,0,1,1,0.32605151613955,0,0,1,0,0,0,0,0,0,0.0,0,0,0,0,0.0,0,0,0,0,0,0,2,2,0.6521030322791,0,0,2,0,0,0,7,0,0,7,2.2823606129768503,5,1,1,0,0,0,0.0,0.0,0,0,0,1,0,0,7,0.0,0,0.000000
K243042,/Users/winko/Library/Mobile Documents/com~apple~CloudDocs/Research/1.5-Policy/data/raw_text/K243042.txt,5474,0,0,0,0,0,0,0,0.0,0,0,0,0,1,0,0,0,1,0.18268176835951772,0,0,1,0,0.0,0,0,0,0,0,0,0,0,0.0,0,0,0,0,0,0,12,0,7,19,3.4709535988308367,9,8,2,0,0,0,0.0,0.0,0,0,0,1,0,1,19,0.05263157894736842,0,0.052632
K243065,/Users/winko/Library/Mobile Documents/com~apple~CloudDocs/Research/1.5-Policy/data/raw_text/K243065.txt,3097,0,0,0,0,0,0,0,0.0,0,0,0,0,0,0,0,0,0,0.0,0,0,0,0,0.0,0,0,0,0,0,0,0,0,0.0,0,0,0,0,0,0,6,0,0,6,1.9373587342589602,5,1,0,0,0,0,0.0,0.0,0,0,0,1,0,0,6,0.0,0,0.000000
K243122,/Users/winko/Library/Mobile Documents/com~apple~CloudDocs/Research/1.5-Policy/data/raw_text/K243122.txt,5583,0,0,0,0,0,0,0,0.0,0,0,0,0,5,0,0,0,5,0.8955758552749418,0,0,5,0,0.0,0,0,0,0,6,3,3,12,2.1493820526598606,0,0,12,0,0,0,9,0,0,9,1.6120365394948952,9,0,0,2,0,0,0.0,0.0,0,0,0,1,0,5,9,0.5555555555555556,0,0.555556
K243144,/Users/winko/Library/Mobile Documents/com~apple~CloudDocs/Research/1.5-Policy/data/raw_text/K243144.txt,3239,0,0,0,0,0,0,0,0.0,0,0,0,0,0,0,0,0,0,0.0,0,0,0,0,0.0,0,0,0,0,0,0,0,0,0.0,0,0,0,0,0,0,6,0,1,7,2.16116085211485,5,1,1,0,0,0,0.0,0.0,0,0,0,1,0,0,7,0.0,0,0.000000
K243145,/Users/winko/Library/Mobile Documents/com~apple~CloudDocs/Research/1.5-Policy/data/raw_text/K243145.txt,2910,0,0,0,0,0,0,0,0.0,0,0,0,0,0,2,2,0,4,1.3745704467353952,0,0,4,0,0.0,0,0,0,0,2,0,4,6,2.061855670103093,0,2,4,0,0,0,9,0,0,9,3.092783505154639,5,4,0,0,0,0,0.0,0.0,0,0,0,1,0,4,9,0.4444444444444444,0,0.444444
K243158,/Users/winko/Library/Mobile Documents/com~apple~CloudDocs/Research/1.5-Policy/data/raw_text/K243158.txt,3763,0,0,0,0,0,0,0,0.0,0,0,0,0,1,0,0,0,1,0.26574541589157585,0,0,1,0,0.0,0,0,0,0,0,4,0,4,1.0629816635663034,1,2,1,0,0,0,6,0,0,6,1.5944724953494553,5,0,1,0,0,0,0.0,0.0,0,0,0,1,0,1,6,0.16666666666666666,0,0.166667
K243189,/Users/winko/Library/Mobile Documents/com~apple~CloudDocs/Research/1.5-Policy/data/raw_text/K243189.txt,3752,0,0,0,0,0,0,0,0.0,0,0,0,0,2,0,0,0,2,0.5330490405117271,0,2,0,0,0.0,0,0,0,2,2,0,2,6,1.5991471215351811,0,6,0,0,0,0,6,0,0,6,1.5991471215351811,6,0,0,0,0,0,0.0,0.0,0,0,0,1,0,2,6,0.3333333333333333,0,0.333333
K243209,/Users/winko/Library/Mobile Documents/com~apple~CloudDocs/Research/1.5-Policy/data/raw_text/K243209.txt,3036,0,0,0,0,0,0,0,0.0,0,0,0,0,0,0,0,0,0,0.0,0,0,0,0,0.0,0,0,0,0,0,0,0,0,0.0,0,0,0,0,0,0,5,0,4,9,2.9644268774703555,5,2,2,0,0,0,0.0,0.0,0,0,0,1,0,0,9,0.0,0,0.000000
K243229,/Users/winko/Library/Mobile Documents/com~apple~CloudDocs/Research/1.5-Policy/data/raw_text/K243229.txt,3505,0,0,0,0,0,3,3,0.855920114122682,0,1,2,0,0,0,0,0,0,0.0,0,0,0,0,0.0,0,0,0,0,0,0,1,1,0.28530670470756064,0,0,1,0,0,0,7,0,0,7,1.9971469329529246,5,2,0,0,0,0,0.0,0.0,0,0,0,1,0,0,7,0.0,0,0.000000
K243230,/Users/winko/Library/Mobile Documents/com~apple~CloudDocs/Research/1.5-Policy/data/raw_text/K243230.txt,3564,0,0,0,0,0,0,0,0.0,0,0,0,0,0,0,0,0,0,0.0,0,0,0,0,0.0,0,0,0,0,1,1,6,8,2.244668911335578,1,2,5,0,0,0,12,0,0,12,3.3670033670033668,5,7,0,0,0,0,0.0,0.0,0,0,0,1,0,0,12,0.0,0,0.000000
K243234,/Users/winko/Library/Mobile Documents/com~apple~CloudDocs/Research/1.5-Policy/data/raw_text/K243234.txt,3836,0,0,0,0,0,0,0,0.0,0,0,0,0,1,12,1,0,14,3.6496350364963503,0,0,14,0,0.0,0,0,0,0,0,3,7,10,2.6068821689259645,1,4,5,0,0,0,8,0,0,8,2.0855057351407718,5,2,1,0,0,0,0.0,0.0,0,0,0,1,0,14,8,1.75,0,1.750000
K243235,/Users/winko/Library/Mobile Documents/com~apple~CloudDocs/Research/1.5-Policy/data/raw_text/K243235.txt,2593,0,0,0,0,0,0,0,0.0,0,0,0,0,0,0,0,0,0,0.0,0,0,0,0,0.0,0,0,0,1,0,1,5,7,2.699575780948708,0,0,7,0,0,0,6,0,0,6,2.3139220979560355,5,1,0,0,0,0,0.0,0.0,0,0,0,1,0,0,6,0.0,0,0.000000
K243239,/Users/winko/Library/Mobile Documents/com~apple~CloudDocs/Research/1.5-Policy/data/raw_text/K243239.txt,3510,0,0,0,0,0,1,1,0.2849002849002849,0,0,1,5,1,3,3,0,12,3.4188034188034186,0,0,12,0,0.0,0,0,0,0,1,2,2,5,1.4245014245014245,0,0,5,0,0,0,7,0,2,9,2.5641025641025643,6,3,0,2,0,0,0.0,0.0,0,0,0,1,0,12,9,1.3333333333333333,0,1.333333
K243250,/Users/winko/Library/Mobile Documents/com~apple~CloudDocs/Research/1.5-Policy/data/raw_text/K243250.txt,5085,0,0,0,0,0,0,0,0.0,0,0,0,0,0,0,0,0,0,0.0,0,0,0,0,0.0,0,0,0,0,0,0,1,1,0.19665683382497542,0,0,1,0,0,0,7,0,1,8,1.5732546705998034,8,0,0,0,0,0,0.0,0.0,0,0,0,1,0,0,8,0.0,0,0.000000
K243253,/Users/winko/Library/Mobile Documents/com~apple~CloudDocs/Research/1.5-Policy/data/raw_text/K243253.txt,3676,0,0,0,0,0,0,0,0.0,0,0,0,0,0,0,0,0,0,0.0,0,0,0,0,0.0,0,0,0,0,0,0,1,1,0.2720348204570185,0,0,1,0,0,0,5,0,2,7,1.9042437431991295,5,2,0,0,0,0,0.0,0.0,0,0,0,1,0,0,7,0.0,0,0.000000
K243268,/Users/winko/Library/Mobile Documents/com~apple~CloudDocs/Research/1.5-Policy/data/raw_text/K243268.txt,3825,0,0,0,0,0,0,0,0.0,0,0,0,0,6,25,25,0,56,14.640522875816993,0,0,56,0,0.0,0,0,0,0,0,0,0,0,0.0,0,0,0,0,0,0,5,0,6,11,2.8758169934640523,5,5,1,0,0,0,0.0,0.0,0,0,0,1,0,56,11,5.090909090909091,0,5.090909
K243292,/Users/winko/Library/Mobile Documents/com~apple~CloudDocs/Research/1.5-Policy/data/raw_text/K243292.txt,3128,0,0,0,0,0,4,4,1.278772378516624,0,3,1,0,5,0,0,0,5,1.59846547314578,0,0,5,0,0.0,0,0,0,0,0,4,1,5,1.59846547314578,0,1,4,0,0,0,10,0,1,11,3.516624040920716,5,6,0,0,0,0,0.0,0.0,0,0,0,1,0,5,11,0.45454545454545453,0,0.454545
K243294,/Users/winko/Library/Mobile Documents/com~apple~CloudDocs/Research/1.5-Policy/data/raw_text/K243294.txt,6853,0,0,0,0,0,1,1,0.14592149423610096,0,1,0,3,0,3,3,0,9,1.3132934481249088,0,9,0,0,0.0,0,0,0,1,1,2,4,8,1.1673719538888077,0,8,0,0,0,0,11,0,4,15,2.188822413541515,11,0,4,0,0,0,0.0,0.0,0,0,0,1,0,9,15,0.6,0,0.600000
K243331,/Users/winko/Library/Mobile Documents/com~apple~CloudDocs/Research/1.5-Policy/data/raw_text/K243331.txt,2293,0,0,0,0,0,0,0,0.0,0,0,0,0,0,0,0,0,0,0.0,0,0,0,0,0.0,0,0,0,0,0,0,6,6,2.6166593981683386,0,2,4,0,0,0,6,0,1,7,3.0527692978630614,5,2,0,0,0,0,0.0,0.0,0,0,0,1,0,0,7,0.0,0,0.000000
K243335,/Users/winko/Library/Mobile Documents/com~apple~CloudDocs/Research/1.5-Policy/data/raw_text/K243335.txt,3561,0,0,0,0,0,0,0,0.0,0,0,0,0,0,0,0,0,0,0.0,0,0,0,0,0.0,0,0,0,0,0,0,0,0,0.0,0,0,0,0,0,0,6,0,0,6,1.6849199663016006,5,1,0,0,0,0,0.0,0.0,0,0,0,1,0,0,6,0.0,0,0.000000
K243341,/Users/winko/Library/Mobile Documents/com~apple~CloudDocs/Research/1.5-Policy/data/raw_text/K243341.txt,3813,0,0,0,0,0,0,0,0.0,0,0,0,3,2,5,4,0,14,3.671649619722004,0,0,14,0,0.0,0,0,0,2,1,0,1,4,1.049042748492001,0,0,4,0,0,0,12,0,0,12,3.147128245476003,5,6,1,0,0,0,0.0,0.0,0,0,0,1,0,14,12,1.1666666666666667,0,1.166667
K243350,/Users/winko/Library/Mobile Documents/com~apple~CloudDocs/Research/1.5-Policy/data/raw_text/K243350.txt,4091,0,0,0,0,0,0,0,0.0,0,0,0,0,5,0,0,0,5,1.2221950623319482,0,0,5,0,0.0,0,0,0,0,0,1,1,2,0.48887802493277926,0,0,2,0,0,0,5,0,0,5,1.2221950623319482,5,0,0,0,0,0,0.0,0.0,0,0,0,1,0,5,5,1.0,0,1.000000
K243363,/Users/winko/Library/Mobile Documents/com~apple~CloudDocs/Research/1.5-Policy/data/raw_text/K243363.txt,3884,0,0,0,0,0,0,0,0.0,0,0,0,1,0,11,8,0,20,5.149330587023687,0,0,20,0,0.0,0,0,0,3,3,3,3,12,3.089598352214212,0,0,12,0,0,0,7,0,1,8,2.059732234809475,5,2,1,0,0,0,0.0,0.0,0,0,0,1,0,20,8,2.5,0,2.500000
K243376,/Users/winko/Library/Mobile Documents/com~apple~CloudDocs/Research/1.5-Policy/data/raw_text/K243376.txt,4550,0,0,0,0,0,0,0,0.0,0,0,0,0,11,1,0,0,12,2.6373626373626373,0,0,12,0,0.0,0,0,0,0,0,0,0,0,0.0,0,0,0,0,0,0,10,0,0,10,2.197802197802198,9,1,0,0,0,0,0.0,0.0,0,0,0,1,0,12,10,1.2,0,1.200000
K243378,/Users/winko/Library/Mobile Documents/com~apple~CloudDocs/Research/1.5-Policy/data/raw_text/K243378.txt,2562,0,0,0,0,0,2,2,0.78064012490242,0,0,2,0,0,0,0,0,0,0.0,0,0,0,0,0.0,0,0,0,0,0,1,2,3,1.17096018735363,0,0,3,0,0,0,5,0,0,5,1.95160031225605,5,0,0,0,0,0,0.0,0.0,0,0,0,1,0,0,5,0.0,0,0.000000
K243397,/Users/winko/Library/Mobile Documents/com~apple~CloudDocs/Research/1.5-Policy/data/raw_text/K243397.txt,7723,0,0,0,0,0,0,0,0.0,0,0,0,0,5,0,0,0,5,0.6474168069403081,0,0,5,0,0.0,0,0,0,0,14,10,12,36,4.661401009970219,0,8,28,0,0,0,10,0,0,10,1.2948336138806162,10,0,0,6,0,0,0.0,0.0,0,0,0,1,0,5,10,0.5,0,0.500000
K243446,/Users/winko/Library/Mobile Documents/com~apple~CloudDocs/Research/1.5-Policy/data/raw_text/K243446.txt,3109,0,0,0,0,0,0,0,0.0,0,0,0,0,0,0,0,0,0,0.0,0,0,0,0,0.0,0,0,0,0,0,1,1,2,0.6432936635574139,0,0,2,0,0,0,9,0,0,9,2.894821486008363,5,4,0,0,0,0,0.0,0.0,0,0,0,1,0,0,9,0.0,0,0.000000
K243449,/Users/winko/Library/Mobile Documents/com~apple~CloudDocs/Research/1.5-Policy/data/raw_text/K243449.txt,4191,0,0,0,0,0,0,0,0.0,0,0,0,0,7,0,0,0,7,1.6702457647339537,2,4,1,0,0.0,0,0,0,1,0,1,1,3,0.7158196134574087,0,3,0,0,0,0,13,0,4,17,4.056311142925317,9,5,3,0,0,0,0.0,0.0,0,0,0,1,0,7,17,0.4117647058823529,0,0.411765
K243481,/Users/winko/Library/Mobile Documents/com~apple~CloudDocs/Research/1.5-Policy/data/raw_text/K243481.txt,4291,0,0,0,0,0,1,1,0.23304591004427874,0,1,0,0,3,0,0,0,3,0.6991377301328362,0,0,3,0,0.0,0,0,0,0,0,0,0,0,0.0,0,0,0,0,0,0,6,0,0,6,1.3982754602656724,6,0,0,0,0,0,0.0,0.0,0,0,0,1,0,3,6,0.5,0,0.500000
K243523,/Users/winko/Library/Mobile Documents/com~apple~CloudDocs/Research/1.5-Policy/data/raw_text/K243523.txt,12491,0,0,0,0,0,0,0,0.0,0,0,0,0,3,0,0,0,3,0.24017292450564406,0,0,3,0,0.0,0,0,0,0,0,0,0,0,0.0,0,0,0,0,0,0,13,0,3,16,1.2809222640301017,14,1,1,0,0,0,0.0,0.0,0,0,0,1,0,3,16,0.1875,0,0.187500
K243538,/Users/winko/Library/Mobile Documents/com~apple~CloudDocs/Research/1.5-Policy/data/raw_text/K243538.txt,2892,0,0,0,0,0,0,0,0.0,0,0,0,0,0,0,0,0,0,0.0,0,0,0,0,0.0,0,0,0,0,0,0,0,0,0.0,0,0,0,0,0,0,7,0,0,7,2.4204702627939145,5,2,0,0,0,0,0.0,0.0,0,0,0,1,0,0,7,0.0,0,0.000000
K243547,/Users/winko/Library/Mobile Documents/com~apple~CloudDocs/Research/1.5-Policy/data/raw_text/K243547.txt,13095,0,0,0,0,0,0,0,0.0,0,0,0,0,5,0,0,0,5,0.3818251240931653,0,5,0,0,0.0,0,0,0,0,29,23,33,85,6.49102710958381,0,35,50,0,0,0,9,0,0,9,0.6872852233676976,9,0,0,6,0,0,0.0,0.0,0,0,0,1,0,5,9,0.5555555555555556,0,0.555556
K243548,/Users/winko/Library/Mobile Documents/com~apple~CloudDocs/Research/1.5-Policy/data/raw_text/K243548.txt,3767,0,0,0,0,0,0,0,0.0,0,0,0,4,0,8,7,0,19,5.04380143350146,0,0,19,0,0.0,0,0,0,0,0,4,5,9,2.389169100079639,0,2,7,0,0,0,6,0,1,7,1.8582426333952748,7,0,0,0,0,0,0.0,0.0,0,0,0,1,0,19,7,2.7142857142857144,0,2.714286
K243558,/Users/winko/Library/Mobile Documents/com~apple~CloudDocs/Research/1.5-Policy/data/raw_text/K243558.txt,2884,0,0,0,0,0,0,0,0.0,0,0,0,0,1,1,1,0,3,1.0402219140083218,0,0,3,0,0.0,0,0,0,0,0,0,1,1,0.34674063800277394,0,1,0,0,0,0,9,0,0,9,3.1206657420249653,5,4,0,0,0,0,0.0,0.0,0,0,0,1,0,3,9,0.3333333333333333,0,0.333333
K243567,/Users/winko/Library/Mobile Documents/com~apple~CloudDocs/Research/1.5-Policy/data/raw_text/K243567.txt,4600,0,0,0,0,0,0,0,0.0,0,0,0,8,10,12,12,0,42,9.130434782608697,0,20,22,0,0.0,0,0,0,0,0,1,3,4,0.8695652173913044,0,1,3,0,0,0,9,0,3,12,2.608695652173913,7,5,0,1,0,0,0.0,0.0,0,0,0,1,0,42,12,3.5,0,3.500000
K243611,/Users/winko/Library/Mobile Documents/com~apple~CloudDocs/Research/1.5-Policy/data/raw_text/K243611.txt,4244,0,0,0,0,0,0,0,0.0,0,0,0,1,0,16,10,0,27,6.361922714420357,0,0,27,0,0.0,0,0,0,3,3,3,3,12,2.827521206409048,0,0,12,0,0,0,7,0,1,8,1.885014137606032,5,2,1,0,0,0,0.0,0.0,0,0,0,1,0,27,8,3.375,0,3.375000
K243614,/Users/winko/Library/Mobile Documents/com~apple~CloudDocs/Research/1.5-Policy/data/raw_text/K243614.txt,3996,0,0,0,0,0,0,0,0.0,0,0,0,2,4,4,6,0,16,4.004004004004004,0,8,8,0,0.0,0,0,0,1,1,0,5,7,1.7517517517517518,0,3,4,0,0,0,7,0,2,9,2.2522522522522523,7,2,0,1,1,0,1.0,0.0,0,0,0,1,0,16,9,1.7777777777777777,0,1.777778
K243617,/Users/winko/Library/Mobile Documents/com~apple~CloudDocs/Research/1.5-Policy/data/raw_text/K243617.txt,4166,0,0,0,0,0,0,0,0.0,0,0,0,0,4,0,0,0,4,0.9601536245799327,0,0,4,0,0.0,0,0,0,0,0,0,0,0,0.0,0,0,0,0,0,0,10,0,0,10,2.400384061449832,5,5,0,0,0,0,0.0,0.0,0,0,0,1,0,4,10,0.4,0,0.400000
K243620,/Users/winko/Library/Mobile Documents/com~apple~CloudDocs/Research/1.5-Policy/data/raw_text/K243620.txt,2730,0,0,0,0,0,0,0,0.0,0,0,0,0,0,0,0,0,0,0.0,0,0,0,0,0.0,0,0,0,0,0,0,0,0,0.0,0,0,0,0,0,0,7,0,2,9,3.2967032967032965,5,3,1,0,0,0,0.0,0.0,0,0,0,1,0,0,9,0.0,0,0.000000
K243628,/Users/winko/Library/Mobile Documents/com~apple~CloudDocs/Research/1.5-Policy/data/raw_text/K243628.txt,2712,0,0,0,0,0,0,0,0.0,0,0,0,0,0,0,0,0,0,0.0,0,0,0,0,0.0,0,0,0,0,0,0,0,0,0.0,0,0,0,0,0,0,7,0,2,9,3.3185840707964602,5,3,1,0,0,0,0.0,0.0,0,0,0,1,0,0,9,0.0,0,0.000000
K243633,/Users/winko/Library/Mobile Documents/com~apple~CloudDocs/Research/1.5-Policy/data/raw_text/K243633.txt,7628,0,0,0,0,0,1,1,0.13109596224436287,0,0,1,0,1,0,0,0,1,0.13109596224436287,0,0,1,0,0.0,0,0,0,0,1,1,0,2,0.26219192448872575,0,0,2,0,0,0,6,0,6,12,1.5731515469323545,8,2,2,0,0,0,0.0,0.0,0,0,0,1,0,1,12,0.08333333333333333,0,0.083333
K243647,/Users/winko/Library/Mobile Documents/com~apple~CloudDocs/Research/1.5-Policy/data/raw_text/K243647.txt,2517,0,0,0,0,0,0,0,0.0,0,0,0,0,0,0,0,0,0,0.0,0,0,0,0,0.0,0,0,0,0,0,1,1,2,0.7945967421533572,0,0,2,0,0,0,5,0,0,5,1.986491855383393,5,0,0,0,0,0,0.0,0.0,0,0,0,1,0,0,5,0.0,0,0.000000
K243651,/Users/winko/Library/Mobile Documents/com~apple~CloudDocs/Research/1.5-Policy/data/raw_text/K243651.txt,3083,0,0,0,0,0,0,0,0.0,0,0,0,0,0,0,0,0,0,0.0,0,0,0,0,0.0,0,0,0,0,0,0,0,0,0.0,0,0,0,0,0,0,8,0,0,8,2.594875121634771,5,3,0,0,0,0,0.0,0.0,0,0,0,1,0,0,8,0.0,0,0.000000
K243657,/Users/winko/Library/Mobile Documents/com~apple~CloudDocs/Research/1.5-Policy/data/raw_text/K243657.txt,4421,0,0,0,0,0,0,0,0.0,0,0,0,0,14,0,0,0,14,3.166704365528161,0,9,5,0,0.0,0,0,0,0,0,0,0,0,0.0,0,0,0,0,0,0,8,0,10,18,4.07147704139335,9,9,0,0,0,0,0.0,0.0,0,0,0,1,0,14,18,0.7777777777777778,0,0.777778
K243667,/Users/winko/Library/Mobile Documents/com~apple~CloudDocs/Research/1.5-Policy/data/raw_text/K243667.txt,3856,0,0,0,0,0,0,0,0.0,0,0,0,1,0,0,0,0,1,0.25933609958506226,0,1,0,0,0.0,0,0,0,0,0,1,1,2,0.5186721991701245,0,0,2,0,0,0,6,0,0,6,1.5560165975103732,5,1,0,0,0,0,0.0,0.0,0,0,0,1,0,1,6,0.16666666666666666,0,0.166667
K243672,/Users/winko/Library/Mobile Documents/com~apple~CloudDocs/Research/1.5-Policy/data/raw_text/K243672.txt,3703,0,0,0,0,0,0,0,0.0,0,0,0,0,0,0,0,0,0,0.0,0,0,0,0,0.0,0,0,0,0,1,1,1,3,0.8101539292465568,0,3,0,0,0,0,9,0,0,9,2.4304617877396706,5,4,0,0,0,0,0.0,0.0,0,0,0,1,0,0,9,0.0,0,0.000000
K243679,/Users/winko/Library/Mobile Documents/com~apple~CloudDocs/Research/1.5-Policy/data/raw_text/K243679.txt,4362,0,0,0,0,0,0,0,0.0,0,0,0,11,1,0,0,0,12,2.751031636863824,0,0,12,0,0.0,0,0,0,2,2,0,5,9,2.063273727647868,0,0,9,0,0,0,7,0,0,7,1.6047684548372307,5,2,0,0,0,0,0.0,0.0,0,0,0,1,0,12,7,1.7142857142857142,0,1.714286
K243681,/Users/winko/Library/Mobile Documents/com~apple~CloudDocs/Research/1.5-Policy/data/raw_text/K243681.txt,3560,0,0,0,0,1,0,1,0.2808988764044944,0,0,1,0,2,0,0,0,2,0.5617977528089888,0,0,2,0,0.0,0,0,0,0,0,1,5,6,1.6853932584269664,0,0,6,0,0,0,5,0,6,11,3.0898876404494384,5,6,0,0,0,0,0.0,0.0,0,0,0,1,0,2,11,0.18181818181818182,0,0.181818
K243684,/Users/winko/Library/Mobile Documents/com~apple~CloudDocs/Research/1.5-Policy/data/raw_text/K243684.txt,3544,0,0,0,0,0,0,0,0.0,0,0,0,0,0,1,2,0,3,0.8465011286681715,0,2,1,0,0.0,0,0,0,1,1,1,6,9,2.5395033860045144,0,4,5,0,0,0,7,0,1,8,2.257336343115124,5,3,0,0,0,0,0.0,0.0,0,0,0,1,0,3,8,0.375,0,0.375000
K243685,/Users/winko/Library/Mobile Documents/com~apple~CloudDocs/Research/1.5-Policy/data/raw_text/K243685.txt,4516,0,0,0,0,0,1,1,0.22143489813994685,0,0,1,0,0,0,0,0,0,0.0,0,0,0,0,0.0,0,0,0,3,2,0,21,26,5.757307351638618,0,2,24,0,0,0,12,0,0,12,2.657218777679362,7,3,2,0,0,0,0.0,0.0,0,0,0,1,0,0,12,0.0,0,0.000000
K243687,/Users/winko/Library/Mobile Documents/com~apple~CloudDocs/Research/1.5-Policy/data/raw_text/K243687.txt,3092,0,0,0,0,0,0,0,0.0,0,0,0,0,4,0,0,0,4,1.29366106080207,0,0,4,0,0.0,0,0,0,0,0,0,6,6,1.9404915912031049,1,2,3,0,0,0,5,0,4,9,2.9107373868046573,5,0,4,0,0,0,0.0,0.0,0,0,0,1,0,4,9,0.4444444444444444,0,0.444444
K243688,/Users/winko/Library/Mobile Documents/com~apple~CloudDocs/Research/1.5-Policy/data/raw_text/K243688.txt,2683,0,0,0,0,0,0,0,0.0,0,0,0,0,0,0,0,0,0,0.0,0,0,0,0,0.0,0,0,0,0,0,0,2,2,0.7454342154304883,0,0,2,0,0,0,7,0,1,8,2.981736861721953,5,2,1,0,0,0,0.0,0.0,0,0,0,1,0,0,8,0.0,0,0.000000
K243689,/Users/winko/Library/Mobile Documents/com~apple~CloudDocs/Research/1.5-Policy/data/raw_text/K243689.txt,2568,0,0,0,0,0,0,0,0.0,0,0,0,0,0,0,0,0,0,0.0,0,0,0,0,0.0,0,0,0,0,0,2,3,5,1.9470404984423677,0,2,3,0,0,0,5,0,3,8,3.115264797507788,5,1,2,0,0,0,0.0,0.0,0,0,0,1,0,0,8,0.0,0,0.000000
K243696,/Users/winko/Library/Mobile Documents/com~apple~CloudDocs/Research/1.5-Policy/data/raw_text/K243696.txt,2142,0,0,0,0,0,0,0,0.0,0,0,0,0,0,0,0,0,0,0.0,0,0,0,0,0.0,0,0,0,0,0,2,5,7,3.2679738562091503,0,3,4,0,0,0,5,0,0,5,2.3342670401493932,5,0,0,0,0,0,0.0,0.0,0,0,0,1,0,0,5,0.0,0,0.000000
K243702,/Users/winko/Library/Mobile Documents/com~apple~CloudDocs/Research/1.5-Policy/data/raw_text/K243702.txt,3226,0,0,0,0,0,0,0,0.0,0,0,0,0,0,0,0,5,5,1.5499070055796653,0,0,5,0,0.0,0,0,0,0,1,1,1,3,0.9299442033477991,0,0,3,0,0,0,7,0,2,9,2.789832610043397,5,4,0,0,0,0,0.0,0.0,0,0,0,1,0,5,9,0.5555555555555556,0,0.555556
K243705,/Users/winko/Library/Mobile Documents/com~apple~CloudDocs/Research/1.5-Policy/data/raw_text/K243705.txt,2225,0,0,0,0,0,0,0,0.0,0,0,0,0,0,0,0,0,0,0.0,0,0,0,0,0.0,0,0,0,0,0,0,1,1,0.44943820224719105,0,0,1,0,0,0,7,0,1,8,3.5955056179775284,5,2,1,0,0,0,0.0,0.0,0,0,0,1,0,0,8,0.0,0,0.000000
K243743,/Users/winko/Library/Mobile Documents/com~apple~CloudDocs/Research/1.5-Policy/data/raw_text/K243743.txt,7839,0,0,0,0,0,1,1,0.12756729174639622,0,0,1,0,3,2,2,0,7,0.8929710422247736,0,3,4,0,0.0,0,0,0,0,0,4,9,13,1.658374792703151,2,9,2,0,0,0,6,0,0,6,0.7654037504783774,6,0,0,0,0,0,0.0,0.0,0,0,0,1,0,7,6,1.1666666666666667,0,1.166667
K243762,/Users/winko/Library/Mobile Documents/com~apple~CloudDocs/Research/1.5-Policy/data/raw_text/K243762.txt,4098,0,0,0,0,0,0,0,0.0,0,0,0,0,1,0,0,0,1,0.2440214738897023,0,0,1,0,0.0,0,0,0,0,0,0,1,1,0.2440214738897023,0,0,1,0,0,0,9,0,0,9,2.1961932650073206,7,2,0,1,0,0,0.0,0.0,0,0,0,1,0,1,9,0.1111111111111111,0,0.111111
K243769,/Users/winko/Library/Mobile Documents/com~apple~CloudDocs/Research/1.5-Policy/data/raw_text/K243769.txt,3205,0,0,0,0,0,0,0,0.0,0,0,0,0,0,0,0,0,0,0.0,0,0,0,0,0.0,0,0,0,0,0,0,0,0,0.0,0,0,0,0,0,0,8,0,0,8,2.49609984399376,5,3,0,0,0,0,0.0,0.0,0,0,0,1,0,0,8,0.0,0,0.000000
K243779,/Users/winko/Library/Mobile Documents/com~apple~CloudDocs/Research/1.5-Policy/data/raw_text/K243779.txt,3004,0,0,0,0,0,0,0,0.0,0,0,0,0,0,0,0,0,0,0.0,0,0,0,0,0.0,0,0,0,0,0,0,3,3,0.9986684420772304,0,0,3,0,0,0,7,0,0,7,2.330226364846871,5,2,0,0,0,0,0.0,0.0,0,0,0,1,0,0,7,0.0,0,0.000000
K243793,/Users/winko/Library/Mobile Documents/com~apple~CloudDocs/Research/1.5-Policy/data/raw_text/K243793.txt,6871,0,0,0,0,0,0,0,0.0,0,0,0,0,0,0,0,0,0,0.0,0,0,0,0,0.0,0,0,0,4,2,4,7,17,2.4741667879493523,0,7,10,0,0,0,11,0,2,13,1.892009896667152,7,6,0,0,0,0,0.0,0.0,0,0,0,1,0,0,13,0.0,0,0.000000
K243794,/Users/winko/Library/Mobile Documents/com~apple~CloudDocs/Research/1.5-Policy/data/raw_text/K243794.txt,5670,0,0,0,0,0,0,0,0.0,0,0,0,0,0,0,0,0,0,0.0,0,0,0,0,0.0,0,0,0,2,0,2,3,7,1.2345679012345678,0,0,7,0,0,0,11,0,2,13,2.292768959435626,7,3,3,0,0,0,0.0,0.0,0,0,0,1,0,0,13,0.0,0,0.000000
K243808,/Users/winko/Library/Mobile Documents/com~apple~CloudDocs/Research/1.5-Policy/data/raw_text/K243808.txt,3989,0,0,0,0,0,0,0,0.0,0,0,0,11,1,7,7,0,26,6.517924291802457,0,1,25,0,0.0,0,0,0,0,1,1,6,8,2.005515166708448,2,3,3,0,0,0,7,0,0,7,1.7548257708698922,6,1,0,0,0,0,0.0,0.0,0,0,0,1,0,26,7,3.7142857142857144,0,3.714286
K243810,/Users/winko/Library/Mobile Documents/com~apple~CloudDocs/Research/1.5-Policy/data/raw_text/K243810.txt,3099,0,0,0,0,0,0,0,0.0,0,0,0,0,1,0,0,0,1,0.32268473701193934,0,0,1,0,0.0,0,0,0,0,0,0,1,1,0.32268473701193934,0,0,1,0,0,0,6,0,0,6,1.936108422071636,5,1,0,0,0,0,0.0,0.0,0,0,0,1,0,1,6,0.16666666666666666,0,0.166667
K243812,/Users/winko/Library/Mobile Documents/com~apple~CloudDocs/Research/1.5-Policy/data/raw_text/K243812.txt,3863,0,0,0,0,0,0,0,0.0,0,0,0,0,0,0,0,0,0,0.0,0,0,0,0,0.0,0,0,0,0,0,0,0,0,0.0,0,0,0,0,0,0,10,0,0,10,2.5886616619207867,5,1,4,0,0,0,0.0,0.0,0,0,0,1,0,0,10,0.0,0,0.000000
K243831,/Users/winko/Library/Mobile Documents/com~apple~CloudDocs/Research/1.5-Policy/data/raw_text/K243831.txt,3432,0,0,0,0,0,0,0,0.0,0,0,0,6,4,6,6,0,22,6.41025641025641,0,0,22,0,0.0,0,0,0,0,1,2,6,9,2.6223776223776225,1,3,5,0,0,0,7,0,0,7,2.0396270396270397,5,2,0,0,0,0,0.0,0.0,0,0,0,1,0,22,7,3.142857142857143,0,3.142857
K243851,/Users/winko/Library/Mobile Documents/com~apple~CloudDocs/Research/1.5-Policy/data/raw_text/K243851.txt,5305,0,0,0,0,0,0,0,0.0,0,0,0,11,3,4,3,0,21,3.9585296889726678,0,13,8,0,0.0,0,0,0,2,2,0,23,27,5.089538171536287,0,17,10,0,0,0,5,0,0,5,0.942507068803016,5,0,0,1,0,0,0.0,0.0,0,0,0,1,0,21,5,4.2,0,4.200000
K243853,/Users/winko/Library/Mobile Documents/com~apple~CloudDocs/Research/1.5-Policy/data/raw_text/K243853.txt,5588,0,0,0,0,0,0,0,0.0,0,0,0,0,3,0,0,0,3,0.5368647100930566,0,0,3,0,0.0,0,0,0,0,0,0,0,0,0.0,0,0,0,0,0,0,10,0,4,14,2.5053686471009304,10,1,3,0,0,0,0.0,0.0,0,0,0,1,0,3,14,0.21428571428571427,0,0.214286
K243859,/Users/winko/Library/Mobile Documents/com~apple~CloudDocs/Research/1.5-Policy/data/raw_text/K243859.txt,4094,0,0,0,0,0,0,0,0.0,0,0,0,0,3,0,0,0,3,0.7327796775769418,0,0,3,0,0.0,0,0,0,0,0,0,0,0,0.0,0,0,0,0,0,0,12,0,1,13,3.1753786028334146,9,4,0,0,0,0,0.0,0.0,0,0,0,1,0,3,13,0.23076923076923078,0,0.230769
K243862,/Users/winko/Library/Mobile Documents/com~apple~CloudDocs/Research/1.5-Policy/data/raw_text/K243862.txt,2831,0,0,0,0,0,0,0,0.0,0,0,0,0,4,4,4,0,12,4.2387848816672555,0,0,12,0,0.0,0,0,0,0,1,0,6,7,2.4726245143058994,1,2,4,0,0,0,6,0,0,6,2.1193924408336278,5,1,0,0,0,0,0.0,0.0,0,0,0,1,0,12,6,2.0,0,2.000000
K243863,/Users/winko/Library/Mobile Documents/com~apple~CloudDocs/Research/1.5-Policy/data/raw_text/K243863.txt,2442,0,0,0,0,0,0,0,0.0,0,0,0,0,1,0,0,0,1,0.4095004095004095,0,0,1,0,0.0,0,0,0,0,2,2,2,6,2.457002457002457,0,0,6,0,0,0,6,0,0,6,2.457002457002457,5,1,0,0,0,0,0.0,0.0,0,0,0,1,0,1,6,0.16666666666666666,0,0.166667
K243866,/Users/winko/Library/Mobile Documents/com~apple~CloudDocs/Research/1.5-Policy/data/raw_text/K243866.txt,2507,0,0,0,0,0,0,0,0.0,0,0,0,0,0,2,2,0,4,1.5955325089748702,0,0,4,0,0.0,0,0,0,1,1,1,6,9,3.5899481451934583,0,3,6,0,0,0,6,0,0,6,2.3932987634623055,5,1,0,1,1,0,1.0,0.0,0,0,0,1,0,4,6,0.6666666666666666,0,0.666667
K243878,/Users/winko/Library/Mobile Documents/com~apple~CloudDocs/Research/1.5-Policy/data/raw_text/K243878.txt,4476,0,0,0,0,0,0,0,0.0,0,0,0,0,0,0,0,0,0,0.0,0,0,0,0,0.0,0,0,0,0,0,0,0,0,0.0,0,0,0,0,0,0,17,0,0,17,3.7980339588918675,9,3,5,0,0,0,0.0,0.0,0,0,0,1,0,0,17,0.0,0,0.000000
K243884,/Users/winko/Library/Mobile Documents/com~apple~CloudDocs/Research/1.5-Policy/data/raw_text/K243884.txt,4766,0,0,0,0,0,0,0,0.0,0,0,0,0,8,0,0,0,8,1.678556441460344,0,1,7,0,0.0,0,0,0,0,1,1,0,2,0.419639110365086,0,0,2,0,0,0,9,0,7,16,3.357112882920688,9,3,4,0,0,0,0.0,0.0,0,0,0,1,0,8,16,0.5,0,0.500000
K243891,/Users/winko/Library/Mobile Documents/com~apple~CloudDocs/Research/1.5-Policy/data/raw_text/K243891.txt,2516,0,0,0,0,0,0,0,0.0,0,0,0,0,0,2,2,0,4,1.589825119236884,0,0,4,0,0.0,0,0,0,0,0,0,3,3,1.1923688394276628,0,2,1,0,0,0,7,0,0,7,2.7821939586645468,5,2,0,0,0,0,0.0,0.0,0,0,0,1,0,4,7,0.5714285714285714,0,0.571429
K243893,/Users/winko/Library/Mobile Documents/com~apple~CloudDocs/Research/1.5-Policy/data/raw_text/K243893.txt,3405,0,0,0,0,0,0,0,0.0,0,0,0,0,3,8,0,0,11,3.2305433186490458,0,0,11,0,0.0,0,0,0,0,0,0,6,6,1.762114537444934,0,4,2,0,0,0,7,0,0,7,2.0558002936857562,5,2,0,0,0,0,0.0,0.0,0,0,0,1,0,11,7,1.5714285714285714,0,1.571429
K243919,/Users/winko/Library/Mobile Documents/com~apple~CloudDocs/Research/1.5-Policy/data/raw_text/K243919.txt,2314,0,0,0,0,0,0,0,0.0,0,0,0,0,0,0,0,0,0,0.0,0,0,0,0,0.0,0,0,0,0,0,2,2,4,1.7286084701815039,0,2,2,0,0,0,6,0,1,7,3.025064822817632,5,1,1,0,0,0,0.0,0.0,0,0,0,1,0,0,7,0.0,0,0.000000
K243933,/Users/winko/Library/Mobile Documents/com~apple~CloudDocs/Research/1.5-Policy/data/raw_text/K243933.txt,2942,0,0,0,0,0,0,0,0.0,0,0,0,0,1,0,0,0,1,0.3399048266485384,0,0,1,0,0.0,0,0,0,0,1,0,10,11,3.7389530931339228,0,4,7,0,0,0,10,0,1,11,3.7389530931339228,5,2,4,1,0,0,0.0,0.0,0,0,0,1,0,1,11,0.09090909090909091,0,0.090909
K243937,/Users/winko/Library/Mobile Documents/com~apple~CloudDocs/Research/1.5-Policy/data/raw_text/K243937.txt,2995,0,0,0,0,0,0,0,0.0,0,0,0,0,6,0,0,0,6,2.003338898163606,0,0,6,0,0.0,0,0,0,0,1,2,2,5,1.669449081803005,0,0,5,0,0,0,9,0,4,13,4.3405676126878125,5,8,0,0,0,0,0.0,0.0,0,0,0,1,0,6,13,0.46153846153846156,0,0.461538
K243950,/Users/winko/Library/Mobile Documents/com~apple~CloudDocs/Research/1.5-Policy/data/raw_text/K243950.txt,2294,0,0,0,0,0,0,0,0.0,0,0,0,0,1,0,0,0,1,0.43591979075850046,0,0,1,0,0.0,0,0,0,0,0,0,1,1,0.43591979075850046,0,0,1,0,0,0,5,0,0,5,2.1795989537925022,5,0,0,0,0,0,0.0,0.0,0,0,0,1,0,1,5,0.2,0,0.200000
K243955,/Users/winko/Library/Mobile Documents/com~apple~CloudDocs/Research/1.5-Policy/data/raw_text/K243955.txt,3277,0,0,0,0,0,0,0,0.0,0,0,0,0,1,0,0,0,1,0.3051571559353067,0,0,1,0,0.0,0,0,0,0,0,0,0,0,0.0,0,0,0,0,0,0,6,0,0,6,1.83094293561184,5,1,0,0,0,0,0.0,0.0,0,0,0,1,0,1,6,0.16666666666666666,0,0.166667
K243989,/Users/winko/Library/Mobile Documents/com~apple~CloudDocs/Research/1.5-Policy/data/raw_text/K243989.txt,3370,0,0,0,0,0,0,0,0.0,0,0,0,0,4,0,0,0,4,1.1869436201780414,0,1,3,0,0.0,0,0,0,0,0,0,4,4,1.1869436201780414,1,2,1,0,0,0,7,0,0,7,2.0771513353115725,5,2,0,0,0,0,0.0,0.0,0,0,0,1,0,4,7,0.5714285714285714,0,0.571429
K244002,/Users/winko/Library/Mobile Documents/com~apple~CloudDocs/Research/1.5-Policy/data/raw_text/K244002.txt,2916,0,0,0,0,0,0,0,0.0,0,0,0,0,0,0,0,0,0,0.0,0,0,0,0,0.0,0,0,0,0,2,1,2,5,1.7146776406035664,0,0,5,0,0,0,8,0,0,8,2.743484224965706,5,3,0,0,0,0,0.0,0.0,0,0,0,1,0,0,8,0.0,0,0.000000
K244023,/Users/winko/Library/Mobile Documents/com~apple~CloudDocs/Research/1.5-Policy/data/raw_text/K244023.txt,2555,0,0,0,0,0,0,0,0.0,0,0,0,0,0,0,0,0,0,0.0,0,0,0,0,0.0,0,0,0,1,0,0,1,2,0.7827788649706459,0,0,2,0,0,0,6,0,0,6,2.3483365949119372,5,1,0,0,0,0,0.0,0.0,0,0,0,1,0,0,6,0.0,0,0.000000
K244027,/Users/winko/Library/Mobile Documents/com~apple~CloudDocs/Research/1.5-Policy/data/raw_text/K244027.txt,2574,0,0,0,0,0,0,0,0.0,0,0,0,0,0,2,2,0,4,1.554001554001554,0,0,4,0,0.0,0,0,0,0,0,0,2,2,0.777000777000777,0,0,2,0,0,0,6,0,1,7,2.7195027195027195,5,1,1,0,0,0,0.0,0.0,0,0,0,1,0,4,7,0.5714285714285714,0,0.571429
K250003,/Users/winko/Library/Mobile Documents/com~apple~CloudDocs/Research/1.5-Policy/data/raw_text/K250003.txt,23450,0,0,0,0,0,0,0,0.0,0,0,0,2,21,11,4,0,38,1.6204690831556503,14,14,10,0,0.0,0,0,0,0,1,0,0,1,0.042643923240938165,1,0,0,0,0,0,6,0,1,7,0.2985074626865672,7,0,0,0,0,0,0.0,0.0,0,0,0,1,0,38,7,5.428571428571429,0,5.428571
K250005,/Users/winko/Library/Mobile Documents/com~apple~CloudDocs/Research/1.5-Policy/data/raw_text/K250005.txt,3623,0,0,0,0,0,0,0,0.0,0,0,0,0,3,0,0,0,3,0.8280430582390284,0,2,1,0,0.0,0,0,0,0,0,0,0,0,0.0,0,0,0,0,0,0,11,0,1,12,3.3121722329561134,5,7,0,0,0,0,0.0,0.0,0,0,0,1,0,3,12,0.25,0,0.250000
K250023,/Users/winko/Library/Mobile Documents/com~apple~CloudDocs/Research/1.5-Policy/data/raw_text/K250023.txt,3303,0,0,0,0,0,0,0,0.0,0,0,0,0,0,1,1,0,2,0.6055101422948834,0,2,0,0,0.0,0,0,0,0,0,0,1,1,0.3027550711474417,0,1,0,0,0,0,7,0,5,12,3.6330608537693005,6,3,3,0,0,0,0.0,0.0,0,0,0,1,0,2,12,0.16666666666666666,0,0.166667
K250035,/Users/winko/Library/Mobile Documents/com~apple~CloudDocs/Research/1.5-Policy/data/raw_text/K250035.txt,5362,0,0,0,0,0,0,0,0.0,0,0,0,0,3,0,0,0,3,0.5594927265945543,0,2,1,0,0.0,0,0,0,0,0,0,4,4,0.7459903021260724,0,2,2,0,0,0,5,0,0,5,0.9324878776575904,5,0,0,0,0,0,0.0,0.0,0,0,0,1,0,3,5,0.6,0,0.600000
K250042,/Users/winko/Library/Mobile Documents/com~apple~CloudDocs/Research/1.5-Policy/data/raw_text/K250042.txt,4269,0,0,0,0,0,1,1,0.23424689622862496,0,1,0,0,1,0,0,0,1,0.23424689622862496,0,0,1,0,0.0,0,0,0,0,0,0,1,1,0.23424689622862496,0,0,1,0,0,0,7,0,16,23,5.387678613258375,12,9,2,0,0,0,0.0,0.0,0,0,0,1,0,1,23,0.043478260869565216,0,0.043478
K250064,/Users/winko/Library/Mobile Documents/com~apple~CloudDocs/Research/1.5-Policy/data/raw_text/K250064.txt,3461,0,0,0,0,1,2,3,0.8668015024559376,0,0,3,0,0,0,0,0,0,0.0,0,0,0,0,0.0,0,0,0,0,0,0,2,2,0.5778676683039584,0,0,2,0,0,0,7,0,0,7,2.0225368390638545,5,2,0,0,0,0,0.0,0.0,0,0,0,1,0,0,7,0.0,0,0.000000
K250086,/Users/winko/Library/Mobile Documents/com~apple~CloudDocs/Research/1.5-Policy/data/raw_text/K250086.txt,4159,0,0,0,0,0,0,0,0.0,0,0,0,0,4,0,0,0,4,0.9617696561673479,0,4,0,0,0.0,0,0,0,0,2,2,2,6,1.4426544842510218,0,6,0,0,0,0,6,0,2,8,1.9235393123346958,6,2,0,0,0,0,0.0,0.0,0,0,0,1,0,4,8,0.5,0,0.500000
K250087,/Users/winko/Library/Mobile Documents/com~apple~CloudDocs/Research/1.5-Policy/data/raw_text/K250087.txt,3367,0,0,0,0,0,0,0,0.0,0,0,0,0,4,0,0,0,4,1.1880011880011878,0,0,4,0,0.0,0,0,0,0,2,2,2,6,1.782001782001782,0,0,6,0,0,0,8,0,5,13,3.8610038610038613,6,5,2,0,0,0,0.0,0.0,0,0,0,1,0,4,13,0.3076923076923077,0,0.307692
K250096,/Users/winko/Library/Mobile Documents/com~apple~CloudDocs/Research/1.5-Policy/data/raw_text/K250096.txt,10278,0,0,0,0,0,0,0,0.0,0,0,0,0,1,0,0,0,1,0.0972951936174353,0,1,0,0,0.0,0,0,0,0,0,0,3,3,0.29188558085230587,0,1,2,0,0,1,6,0,1,8,0.7783615489394824,6,2,0,0,0,0,0.0,0.0,0,0,0,1,0,1,8,0.125,0,0.125000
K250119,/Users/winko/Library/Mobile Documents/com~apple~CloudDocs/Research/1.5-Policy/data/raw_text/K250119.txt,3442,0,0,0,0,0,0,0,0.0,0,0,0,0,0,1,1,0,2,0.5810575246949448,0,0,2,0,0.0,0,0,0,1,1,0,10,12,3.486345148169669,1,4,7,0,0,0,5,0,0,5,1.452643811737362,5,0,0,0,0,0,0.0,0.0,0,0,0,1,0,2,5,0.4,0,0.400000
K250151,/Users/winko/Library/Mobile Documents/com~apple~CloudDocs/Research/1.5-Policy/data/raw_text/K250151.txt,4143,0,0,0,0,0,0,0,0.0,0,0,0,0,4,7,7,0,18,4.344677769732078,1,3,14,0,0.0,0,0,0,5,1,3,6,15,3.620564808110065,0,1,14,0,0,0,9,0,1,10,2.4137098720733765,9,1,0,1,1,0,1.0,0.0,0,0,0,1,0,18,10,1.8,0,1.800000
K250177,/Users/winko/Library/Mobile Documents/com~apple~CloudDocs/Research/1.5-Policy/data/raw_text/K250177.txt,3263,0,0,0,0,0,0,0,0.0,0,0,0,0,0,0,0,0,0,0.0,0,0,0,0,0.0,0,0,0,0,0,0,0,0,0.0,0,0,0,0,0,0,9,0,0,9,2.7581979773214833,5,2,2,0,0,0,0.0,0.0,0,0,0,1,0,0,9,0.0,0,0.000000
K250186,/Users/winko/Library/Mobile Documents/com~apple~CloudDocs/Research/1.5-Policy/data/raw_text/K250186.txt,2190,0,0,0,0,0,0,0,0.0,0,0,0,0,0,0,0,0,0,0.0,0,0,0,0,0.0,0,0,0,0,0,0,0,0,0.0,0,0,0,0,0,0,6,0,0,6,2.73972602739726,5,0,1,0,0,0,0.0,0.0,0,0,0,1,0,0,6,0.0,0,0.000000
K250221,/Users/winko/Library/Mobile Documents/com~apple~CloudDocs/Research/1.5-Policy/data/raw_text/K250221.txt,5346,0,0,0,0,0,3,3,0.5611672278338945,0,0,3,5,2,3,3,0,13,2.431724653946876,0,0,13,0,0.0,0,0,0,0,0,0,2,2,0.3741114852225963,0,0,2,0,0,0,7,0,0,7,1.309390198279087,6,0,1,1,0,0,0.0,0.0,0,0,0,1,0,13,7,1.8571428571428572,0,1.857143
K250226,/Users/winko/Library/Mobile Documents/com~apple~CloudDocs/Research/1.5-Policy/data/raw_text/K250226.txt,6087,0,0,0,0,0,0,0,0.0,0,0,0,0,2,0,0,0,2,0.3285690816494168,0,0,2,0,0.0,0,0,0,0,0,1,1,2,0.3285690816494168,0,2,0,0,0,0,8,0,4,12,1.971414489896501,8,1,3,0,0,0,0.0,0.0,0,0,0,1,0,2,12,0.16666666666666666,0,0.166667
K250236,/Users/winko/Library/Mobile Documents/com~apple~CloudDocs/Research/1.5-Policy/data/raw_text/K250236.txt,3397,0,0,0,0,0,0,0,0.0,0,0,0,0,0,0,0,0,0,0.0,0,0,0,0,0.0,0,0,0,0,4,6,6,16,4.710038269060936,0,0,16,0,0,0,7,0,1,8,2.355019134530468,7,1,0,0,0,0,0.0,0.0,0,0,0,1,0,0,8,0.0,0,0.000000
K250237,/Users/winko/Library/Mobile Documents/com~apple~CloudDocs/Research/1.5-Policy/data/raw_text/K250237.txt,3894,0,0,0,0,0,0,0,0.0,0,0,0,0,0,0,0,0,0,0.0,0,0,0,0,0.0,0,0,0,0,0,0,6,6,1.5408320493066257,1,3,2,0,0,0,9,0,0,9,2.3112480739599386,5,4,0,0,0,0,0.0,0.0,0,0,0,1,0,0,9,0.0,0,0.000000
K250246,/Users/winko/Library/Mobile Documents/com~apple~CloudDocs/Research/1.5-Policy/data/raw_text/K250246.txt,5964,0,0,0,0,0,0,0,0.0,0,0,0,0,0,0,0,0,0,0.0,0,0,0,0,0.0,0,0,0,0,8,7,14,29,4.862508383635144,0,7,22,0,0,0,9,0,0,9,1.5090543259557343,9,0,0,0,0,0,0.0,0.0,0,0,0,1,0,0,9,0.0,0,0.000000
K250248,/Users/winko/Library/Mobile Documents/com~apple~CloudDocs/Research/1.5-Policy/data/raw_text/K250248.txt,3662,0,0,0,0,0,0,0,0.0,0,0,0,0,0,7,7,0,14,3.8230475150191157,0,0,14,0,0.0,0,0,0,0,0,4,9,13,3.54997269251775,1,3,9,0,0,0,6,0,1,7,1.9115237575095578,6,1,0,0,0,0,0.0,0.0,0,0,0,1,0,14,7,2.0,0,2.000000
K250255,/Users/winko/Library/Mobile Documents/com~apple~CloudDocs/Research/1.5-Policy/data/raw_text/K250255.txt,3595,0,0,0,0,0,0,0,0.0,0,0,0,0,8,0,0,0,8,2.225312934631433,0,1,7,0,0.0,0,0,0,0,0,0,0,0,0.0,0,0,0,0,0,0,7,0,1,8,2.225312934631433,5,3,0,0,0,0,0.0,0.0,0,0,0,1,0,8,8,1.0,0,1.000000
K250264,/Users/winko/Library/Mobile Documents/com~apple~CloudDocs/Research/1.5-Policy/data/raw_text/K250264.txt,2646,0,0,0,0,0,1,1,0.3779289493575208,0,0,1,5,1,4,1,0,11,4.157218442932728,0,0,11,0,0.0,0,0,0,0,0,0,1,1,0.3779289493575208,0,0,1,0,0,0,5,0,1,6,2.2675736961451247,5,0,1,0,0,0,0.0,0.0,0,0,0,1,0,11,6,1.8333333333333333,0,1.833333
K250268,/Users/winko/Library/Mobile Documents/com~apple~CloudDocs/Research/1.5-Policy/data/raw_text/K250268.txt,4889,0,0,0,0,0,0,0,0.0,0,0,0,0,0,0,0,0,0,0.0,0,0,0,0,0.0,0,0,0,0,0,0,0,0,0.0,0,0,0,0,0,0,6,0,3,9,1.840867253016977,6,3,0,0,0,0,0.0,0.0,0,0,0,1,0,0,9,0.0,0,0.000000
K250288,/Users/winko/Library/Mobile Documents/com~apple~CloudDocs/Research/1.5-Policy/data/raw_text/K250288.txt,3262,0,0,0,0,0,0,0,0.0,0,0,0,0,3,0,0,0,3,0.9196811771919068,0,0,3,0,0.0,0,0,0,0,0,4,4,8,2.452483139178418,0,2,6,0,0,0,8,0,0,8,2.452483139178418,5,0,3,0,0,0,0.0,0.0,0,0,0,1,0,3,8,0.375,0,0.375000
K250290,/Users/winko/Library/Mobile Documents/com~apple~CloudDocs/Research/1.5-Policy/data/raw_text/K250290.txt,4070,0,0,0,0,0,1,1,0.2457002457002457,1,0,0,0,2,0,0,0,2,0.4914004914004914,1,0,1,0,0.0,0,0,0,0,0,0,3,3,0.7371007371007371,1,1,1,0,0,0,7,0,8,15,3.6855036855036856,7,6,2,0,0,0,0.0,0.0,0,0,0,1,0,2,15,0.13333333333333333,0,0.133333
K250328,/Users/winko/Library/Mobile Documents/com~apple~CloudDocs/Research/1.5-Policy/data/raw_text/K250328.txt,2422,0,0,0,0,0,0,0,0.0,0,0,0,0,0,0,0,0,0,0.0,0,0,0,0,0.0,0,0,0,0,0,0,0,0,0.0,0,0,0,0,0,0,6,0,0,6,2.477291494632535,5,1,0,0,0,0,0.0,0.0,0,0,0,1,0,0,6,0.0,0,0.000000
K250330,/Users/winko/Library/Mobile Documents/com~apple~CloudDocs/Research/1.5-Policy/data/raw_text/K250330.txt,3988,0,0,0,0,0,0,0,0.0,0,0,0,0,4,0,0,0,4,1.0030090270812437,0,0,4,0,0.0,0,0,0,0,0,1,2,3,0.7522567703109327,0,0,3,0,0,0,7,0,3,10,2.507522567703109,8,1,1,0,0,0,0.0,0.0,0,0,0,1,0,4,10,0.4,0,0.400000
K250337,/Users/winko/Library/Mobile Documents/com~apple~CloudDocs/Research/1.5-Policy/data/raw_text/K250337.txt,4353,0,0,0,0,0,0,0,0.0,0,0,0,0,3,0,0,0,3,0.6891798759476223,1,1,1,0,0.0,0,0,0,0,0,0,0,0,0.0,0,0,0,0,0,0,15,0,0,15,3.445899379738112,8,3,4,0,0,0,0.0,0.0,0,0,0,1,0,3,15,0.2,0,0.200000
K250354,/Users/winko/Library/Mobile Documents/com~apple~CloudDocs/Research/1.5-Policy/data/raw_text/K250354.txt,3201,0,0,0,0,0,0,0,0.0,0,0,0,0,0,0,0,0,0,0.0,0,0,0,0,0.0,0,0,0,0,0,0,0,0,0.0,0,0,0,0,0,0,7,0,0,7,2.1868166198063106,5,2,0,0,0,0,0.0,0.0,0,0,0,1,0,0,7,0.0,0,0.000000
K250367,/Users/winko/Library/Mobile Documents/com~apple~CloudDocs/Research/1.5-Policy/data/raw_text/K250367.txt,3344,0,0,0,0,0,0,0,0.0,0,0,0,0,0,0,0,0,0,0.0,0,0,0,0,0.0,0,0,0,0,0,1,3,4,1.1961722488038278,0,0,4,0,0,0,14,0,0,14,4.186602870813397,5,9,0,0,0,0,0.0,0.0,0,0,0,1,0,0,14,0.0,0,0.000000
K250369,/Users/winko/Library/Mobile Documents/com~apple~CloudDocs/Research/1.5-Policy/data/raw_text/K250369.txt,4501,0,0,0,0,0,0,0,0.0,0,0,0,2,2,0,0,0,4,0.8886914019106865,0,0,4,0,0.0,0,0,0,0,0,0,0,0,0.0,0,0,0,0,0,0,9,0,2,11,2.443901355254388,6,3,2,0,0,0,0.0,0.0,0,0,0,1,0,4,11,0.36363636363636365,0,0.363636
K250370,/Users/winko/Library/Mobile Documents/com~apple~CloudDocs/Research/1.5-Policy/data/raw_text/K250370.txt,3697,0,0,0,0,0,0,0,0.0,0,0,0,0,0,1,0,0,1,0.2704895861509332,0,0,1,0,0.0,0,0,0,0,0,0,0,0,0.0,0,0,0,0,0,0,5,0,0,5,1.352447930754666,5,0,0,0,0,0,0.0,0.0,0,0,0,1,0,1,5,0.2,0,0.200000
K250379,/Users/winko/Library/Mobile Documents/com~apple~CloudDocs/Research/1.5-Policy/data/raw_text/K250379.txt,2601,0,0,0,0,0,0,0,0.0,0,0,0,0,0,0,0,0,0,0.0,0,0,0,0,0.0,0,0,0,0,0,0,0,0,0.0,0,0,0,0,0,0,5,0,2,7,2.6912725874663592,5,1,1,0,0,0,0.0,0.0,0,0,0,1,0,0,7,0.0,0,0.000000
K250416,/Users/winko/Library/Mobile Documents/com~apple~CloudDocs/Research/1.5-Policy/data/raw_text/K250416.txt,3971,0,0,0,0,0,0,0,0.0,0,0,0,0,3,0,0,0,3,0.7554772097708385,0,0,3,0,0.0,0,0,0,0,0,0,0,0,0.0,0,0,0,0,0,0,8,0,1,9,2.2664316293125157,5,3,1,0,0,0,0.0,0.0,0,0,0,1,0,3,9,0.3333333333333333,0,0.333333
K250427,/Users/winko/Library/Mobile Documents/com~apple~CloudDocs/Research/1.5-Policy/data/raw_text/K250427.txt,3605,0,0,0,0,0,0,0,0.0,0,0,0,0,0,4,0,0,4,1.1095700416088765,0,0,4,0,0.0,0,0,0,2,2,1,3,8,2.219140083217753,0,0,8,0,0,0,7,0,0,7,1.941747572815534,5,2,0,1,0,0,0.0,0.0,0,0,0,1,0,4,7,0.5714285714285714,0,0.571429
K250436,/Users/winko/Library/Mobile Documents/com~apple~CloudDocs/Research/1.5-Policy/data/raw_text/K250436.txt,4658,0,0,0,0,0,0,0,0.0,0,0,0,0,0,2,0,0,2,0.42936882782310004,0,0,2,0,0.0,0,0,0,0,1,1,2,4,0.8587376556462001,0,3,1,0,0,0,6,0,1,7,1.5027908973808501,6,1,0,0,0,0,0.0,0.0,0,0,0,1,0,2,7,0.2857142857142857,0,0.285714
K250440,/Users/winko/Library/Mobile Documents/com~apple~CloudDocs/Research/1.5-Policy/data/raw_text/K250440.txt,4301,0,0,0,0,0,1,1,0.23250406882120436,0,0,1,0,1,0,0,0,1,0.23250406882120436,0,0,1,0,0.0,0,0,0,0,1,1,0,2,0.4650081376424087,0,0,2,0,0,0,6,0,0,6,1.3950244129272262,6,0,0,0,0,0,0.0,0.0,0,0,0,1,0,1,6,0.16666666666666666,0,0.166667
K250443,/Users/winko/Library/Mobile Documents/com~apple~CloudDocs/Research/1.5-Policy/data/raw_text/K250443.txt,5763,0,0,0,0,0,0,0,0.0,0,0,0,0,0,0,0,0,0,0.0,0,0,0,0,0.0,0,0,0,0,1,1,1,3,0.5205622071837585,0,0,3,0,0,0,5,0,1,6,1.041124414367517,5,1,0,0,0,0,0.0,0.0,0,0,0,1,0,0,6,0.0,0,0.000000
K250484,/Users/winko/Library/Mobile Documents/com~apple~CloudDocs/Research/1.5-Policy/data/raw_text/K250484.txt,3724,0,0,0,0,0,0,0,0.0,0,0,0,0,0,0,0,0,0,0.0,0,0,0,0,0.0,0,0,0,0,0,5,2,7,1.8796992481203008,1,2,4,0,0,0,6,0,2,8,2.1482277121374866,5,3,0,0,0,0,0.0,0.0,0,0,0,1,0,0,8,0.0,0,0.000000
K250507,/Users/winko/Library/Mobile Documents/com~apple~CloudDocs/Research/1.5-Policy/data/raw_text/K250507.txt,5488,0,0,0,0,0,0,0,0.0,0,0,0,0,0,11,13,0,24,4.373177842565598,0,4,20,0,0.0,0,0,0,4,2,0,13,19,3.4620991253644315,1,7,11,0,0,0,9,0,2,11,2.0043731778425657,9,1,1,0,0,0,0.0,0.0,0,0,0,1,0,24,11,2.1818181818181817,0,2.181818
K250515,/Users/winko/Library/Mobile Documents/com~apple~CloudDocs/Research/1.5-Policy/data/raw_text/K250515.txt,4052,0,0,0,0,0,0,0,0.0,0,0,0,0,2,12,0,0,14,3.455083909180652,1,4,9,0,0.0,0,0,0,0,0,0,4,4,0.9871668311944718,0,0,4,0,0,0,10,0,8,18,4.4422507403751235,11,6,1,0,0,0,0.0,0.0,0,0,0,1,0,14,18,0.7777777777777778,0,0.777778
K250525,/Users/winko/Library/Mobile Documents/com~apple~CloudDocs/Research/1.5-Policy/data/raw_text/K250525.txt,4864,0,0,0,0,0,1,1,0.20559210526315788,0,0,1,0,4,6,2,0,12,2.4671052631578947,0,0,12,0,0.0,0,0,0,0,0,7,14,21,4.317434210526316,2,5,14,0,0,0,8,0,0,8,1.644736842105263,8,0,0,0,0,0,0.0,0.0,0,0,0,1,0,12,8,1.5,0,1.500000
K250543,/Users/winko/Library/Mobile Documents/com~apple~CloudDocs/Research/1.5-Policy/data/raw_text/K250543.txt,2678,0,0,0,0,0,0,0,0.0,0,0,0,0,0,0,0,0,0,0.0,0,0,0,0,0.0,0,0,0,0,0,0,0,0,0.0,0,0,0,0,0,0,7,0,0,7,2.6138909634055265,5,2,0,0,0,0,0.0,0.0,0,0,0,1,0,0,7,0.0,0,0.000000
K250569,/Users/winko/Library/Mobile Documents/com~apple~CloudDocs/Research/1.5-Policy/data/raw_text/K250569.txt,2271,0,0,0,0,0,0,0,0.0,0,0,0,0,1,0,0,0,1,0.44033465433729635,0,0,1,0,0.0,0,0,0,0,0,0,0,0,0.0,0,0,0,0,0,0,5,0,0,5,2.2016732716864817,5,0,0,0,0,0,0.0,0.0,0,0,0,1,0,1,5,0.2,0,0.200000
K250649,/Users/winko/Library/Mobile Documents/com~apple~CloudDocs/Research/1.5-Policy/data/raw_text/K250649.txt,4363,0,0,0,0,0,0,0,0.0,0,0,0,0,1,5,5,0,11,2.521201008480403,0,0,11,0,0.0,0,0,0,1,1,0,4,6,1.37520055008022,0,0,6,0,0,0,8,0,1,9,2.06280082512033,8,0,1,1,1,0,1.0,0.0,0,0,0,1,0,11,9,1.2222222222222223,0,1.222222
K250650,/Users/winko/Library/Mobile Documents/com~apple~CloudDocs/Research/1.5-Policy/data/raw_text/K250650.txt,4964,0,0,0,0,0,0,0,0.0,0,0,0,0,0,0,0,0,0,0.0,0,0,0,0,0.0,0,0,0,0,0,0,4,4,0.8058017727639001,1,3,0,0,0,0,5,0,0,5,1.007252215954875,5,0,0,0,0,0,0.0,0.0,0,0,0,1,0,0,5,0.0,0,0.000000
K250652,/Users/winko/Library/Mobile Documents/com~apple~CloudDocs/Research/1.5-Policy/data/raw_text/K250652.txt,3370,0,0,0,0,0,0,0,0.0,0,0,0,0,0,2,2,0,4,1.1869436201780414,0,2,2,0,0.0,0,0,0,0,0,0,0,0,0.0,0,0,0,0,0,0,7,0,1,8,2.373887240356083,5,2,1,0,0,0,0.0,0.0,0,0,0,1,0,4,8,0.5,0,0.500000
K250660,/Users/winko/Library/Mobile Documents/com~apple~CloudDocs/Research/1.5-Policy/data/raw_text/K250660.txt,5099,0,0,0,0,0,0,0,0.0,0,0,0,0,0,0,0,0,0,0.0,0,0,0,0,0.0,0,0,0,0,0,0,0,0,0.0,0,0,0,0,0,0,8,0,0,8,1.5689350853108452,8,0,0,0,0,0,0.0,0.0,0,0,0,1,0,0,8,0.0,0,0.000000
K250662,/Users/winko/Library/Mobile Documents/com~apple~CloudDocs/Research/1.5-Policy/data/raw_text/K250662.txt,4074,0,0,0,0,0,3,3,0.7363770250368188,0,1,2,0,0,0,0,0,0,0.0,0,0,0,0,0.0,0,0,0,0,0,0,2,2,0.49091801669121254,0,0,2,0,0,0,8,0,0,8,1.9636720667648502,7,1,0,0,0,0,0.0,0.0,0,0,0,1,0,0,8,0.0,0,0.000000
K250670,/Users/winko/Library/Mobile Documents/com~apple~CloudDocs/Research/1.5-Policy/data/raw_text/K250670.txt,2722,0,0,0,0,0,0,0,0.0,0,0,0,0,1,0,0,0,1,0.3673769287288758,0,0,1,0,0.0,0,0,0,0,1,1,12,14,5.143277002204262,0,5,9,0,0,0,5,0,0,5,1.836884643644379,5,0,0,0,0,0,0.0,0.0,0,0,0,1,0,1,5,0.2,0,0.200000
K250685,/Users/winko/Library/Mobile Documents/com~apple~CloudDocs/Research/1.5-Policy/data/raw_text/K250685.txt,4957,0,0,0,0,0,0,0,0.0,0,0,0,0,0,50,44,0,94,18.96308250958241,0,13,81,0,0.0,0,0,0,0,0,4,4,8,1.613879362517652,0,2,6,0,0,0,9,0,0,9,1.8156142828323583,9,0,0,0,0,0,0.0,0.0,0,0,0,1,0,94,9,10.444444444444445,0,10.444444
K250686,/Users/winko/Library/Mobile Documents/com~apple~CloudDocs/Research/1.5-Policy/data/raw_text/K250686.txt,6727,0,0,0,0,0,0,0,0.0,0,0,0,0,9,0,3,0,12,1.7838561022744164,1,8,3,0,0.0,0,0,0,0,0,3,7,10,1.486546751895347,5,2,3,0,0,0,15,0,0,15,2.2298201278430207,12,0,3,0,0,0,0.0,0.0,0,0,0,1,0,12,15,0.8,0,0.800000
K250694,/Users/winko/Library/Mobile Documents/com~apple~CloudDocs/Research/1.5-Policy/data/raw_text/K250694.txt,3145,0,0,0,0,0,0,0,0.0,0,0,0,1,1,3,1,0,6,1.9077901430842608,0,0,6,0,0.0,0,0,0,0,0,0,3,3,0.9538950715421304,0,2,1,0,0,0,5,0,0,5,1.589825119236884,5,0,0,0,0,0,0.0,0.0,0,0,0,1,0,6,5,1.2,0,1.200000
K250738,/Users/winko/Library/Mobile Documents/com~apple~CloudDocs/Research/1.5-Policy/data/raw_text/K250738.txt,3984,0,0,0,0,0,0,0,0.0,0,0,0,0,0,1,0,0,1,0.251004016064257,0,0,1,0,0.0,0,0,0,0,0,0,0,0,0.0,0,0,0,0,0,0,7,0,2,9,2.2590361445783134,6,1,2,0,0,0,0.0,0.0,0,0,0,1,0,1,9,0.1111111111111111,0,0.111111
K250749,/Users/winko/Library/Mobile Documents/com~apple~CloudDocs/Research/1.5-Policy/data/raw_text/K250749.txt,3141,0,0,0,0,0,0,0,0.0,0,0,0,0,0,0,0,0,0,0.0,0,0,0,0,0.0,0,0,0,0,0,0,0,0,0.0,0,0,0,0,0,0,6,0,0,6,1.9102196752626552,6,0,0,0,0,0,0.0,0.0,0,0,0,1,0,0,6,0.0,0,0.000000
K250753,/Users/winko/Library/Mobile Documents/com~apple~CloudDocs/Research/1.5-Policy/data/raw_text/K250753.txt,3303,0,0,0,0,0,0,0,0.0,0,0,0,0,1,2,2,0,5,1.5137753557372085,0,0,5,0,0.0,0,0,0,0,0,0,2,2,0.6055101422948834,0,2,0,0,0,0,7,0,1,8,2.4220405691795337,5,3,0,0,0,0,0.0,0.0,0,0,0,1,0,5,8,0.625,0,0.625000
K250754,/Users/winko/Library/Mobile Documents/com~apple~CloudDocs/Research/1.5-Policy/data/raw_text/K250754.txt,1396,0,0,0,0,0,0,0,0.0,0,0,0,0,0,0,0,0,0,0.0,0,0,0,0,0.0,0,0,0,0,0,0,0,0,0.0,0,0,0,0,0,0,5,0,0,5,3.581661891117479,4,1,0,0,0,0,0.0,0.0,0,0,0,1,0,0,5,0.0,0,0.000000
K250755,/Users/winko/Library/Mobile Documents/com~apple~CloudDocs/Research/1.5-Policy/data/raw_text/K250755.txt,2274,0,0,0,0,0,0,0,0.0,0,0,0,0,0,0,0,0,0,0.0,0,0,0,0,0.0,0,0,0,0,0,0,0,0,0.0,0,0,0,0,0,0,6,0,0,6,2.638522427440633,5,0,1,0,0,0,0.0,0.0,0,0,0,1,0,0,6,0.0,0,0.000000
K250766,/Users/winko/Library/Mobile Documents/com~apple~CloudDocs/Research/1.5-Policy/data/raw_text/K250766.txt,2838,0,0,0,0,0,0,0,0.0,0,0,0,0,0,2,0,0,2,0.7047216349541932,0,0,2,0,0.0,0,0,0,0,0,0,0,0,0.0,0,0,0,0,0,0,10,0,0,10,3.5236081747709656,5,4,1,0,0,0,0.0,0.0,0,0,0,1,0,2,10,0.2,0,0.200000
K250780,/Users/winko/Library/Mobile Documents/com~apple~CloudDocs/Research/1.5-Policy/data/raw_text/K250780.txt,3012,0,0,0,0,0,0,0,0.0,0,0,0,0,6,0,0,0,6,1.9920318725099602,0,0,6,0,0.0,0,0,0,1,0,0,0,1,0.33200531208499334,0,0,1,0,0,0,8,0,0,8,2.6560424966799467,5,3,0,0,0,0,0.0,0.0,0,0,0,1,0,6,8,0.75,0,0.750000
K250788,/Users/winko/Library/Mobile Documents/com~apple~CloudDocs/Research/1.5-Policy/data/raw_text/K250788.txt,3640,0,0,0,0,0,0,0,0.0,0,0,0,0,0,0,0,0,0,0.0,0,0,0,0,0.0,0,0,0,0,0,0,0,0,0.0,0,0,0,0,0,0,8,0,0,8,2.197802197802198,6,2,0,0,0,0,0.0,0.0,0,0,0,1,0,0,8,0.0,0,0.000000
K250818,/Users/winko/Library/Mobile Documents/com~apple~CloudDocs/Research/1.5-Policy/data/raw_text/K250818.txt,4255,0,0,0,0,0,0,0,0.0,0,0,0,0,10,0,0,1,11,2.5851938895417153,0,0,11,0,0.0,0,0,0,0,0,0,7,7,1.6451233842538189,2,4,1,0,0,0,9,0,2,11,2.5851938895417153,6,5,0,0,0,0,0.0,0.0,0,0,0,1,0,11,11,1.0,0,1.000000
K250831,/Users/winko/Library/Mobile Documents/com~apple~CloudDocs/Research/1.5-Policy/data/raw_text/K250831.txt,3649,0,0,0,0,0,1,1,0.2740476842970677,0,0,1,1,0,2,4,0,7,1.9183337900794737,1,1,5,0,0.0,0,0,0,1,1,1,1,4,1.0961907371882709,0,0,4,0,0,0,7,0,4,11,3.0145245272677443,6,4,1,0,0,0,0.0,0.0,0,0,0,1,0,7,11,0.6363636363636364,0,0.636364
K250877,/Users/winko/Library/Mobile Documents/com~apple~CloudDocs/Research/1.5-Policy/data/raw_text/K250877.txt,4168,0,0,0,0,0,1,1,0.2399232245681382,0,1,0,0,3,0,0,0,3,0.7197696737044146,0,0,3,0,0.0,0,0,0,0,0,0,0,0,0.0,0,0,0,0,0,0,6,0,0,6,1.4395393474088292,6,0,0,0,0,0,0.0,0.0,0,0,0,1,0,3,6,0.5,0,0.500000
K250882,/Users/winko/Library/Mobile Documents/com~apple~CloudDocs/Research/1.5-Policy/data/raw_text/K250882.txt,3300,0,0,0,0,0,0,0,0.0,0,0,0,0,12,2,2,0,16,4.848484848484849,0,0,16,0,0.0,0,0,0,0,0,0,2,2,0.6060606060606061,0,2,0,0,0,0,6,0,1,7,2.1212121212121215,6,1,0,0,0,0,0.0,0.0,0,0,0,1,0,16,7,2.2857142857142856,0,2.285714
K250886,/Users/winko/Library/Mobile Documents/com~apple~CloudDocs/Research/1.5-Policy/data/raw_text/K250886.txt,5766,0,0,0,0,0,0,0,0.0,0,0,0,0,0,0,0,0,0,0.0,0,0,0,0,0.0,0,0,0,2,0,0,1,3,0.5202913631633715,0,0,3,0,0,0,11,0,2,13,2.2545959070412764,7,3,3,0,0,0,0.0,0.0,0,0,0,1,0,0,13,0.0,0,0.000000
K250901,/Users/winko/Library/Mobile Documents/com~apple~CloudDocs/Research/1.5-Policy/data/raw_text/K250901.txt,4004,0,0,0,0,0,0,0,0.0,0,0,0,0,0,0,0,0,0,0.0,0,0,0,0,0.0,0,0,0,0,0,0,0,0,0.0,0,0,0,0,0,0,6,0,0,6,1.4985014985014986,5,1,0,0,0,0,0.0,0.0,0,0,0,1,0,0,6,0.0,0,0.000000
K250902,/Users/winko/Library/Mobile Documents/com~apple~CloudDocs/Research/1.5-Policy/data/raw_text/K250902.txt,4316,0,0,0,0,0,0,0,0.0,0,0,0,0,0,6,0,0,6,1.3901760889712698,0,0,6,0,0.0,0,0,0,0,0,1,5,6,1.3901760889712698,0,0,6,0,0,0,7,0,0,7,1.6218721037998145,5,2,0,0,0,0,0.0,0.0,0,0,0,1,0,6,7,0.8571428571428571,0,0.857143
K250914,/Users/winko/Library/Mobile Documents/com~apple~CloudDocs/Research/1.5-Policy/data/raw_text/K250914.txt,2969,0,0,0,0,0,0,0,0.0,0,0,0,0,3,0,0,0,3,1.0104412260020208,0,0,3,0,0.0,0,0,0,0,0,0,26,26,8.757157292017514,1,10,15,0,0,0,13,0,1,14,4.71539238800943,5,7,2,0,0,0,0.0,0.0,0,0,0,1,0,3,14,0.21428571428571427,0,0.214286
K250932,/Users/winko/Library/Mobile Documents/com~apple~CloudDocs/Research/1.5-Policy/data/raw_text/K250932.txt,3107,0,0,0,0,0,0,0,0.0,0,0,0,0,0,0,0,0,0,0.0,0,0,0,0,0.0,0,0,0,0,0,0,0,0,0.0,0,0,0,0,0,0,9,0,0,9,2.896684905053106,5,4,0,0,0,0,0.0,0.0,0,0,0,1,0,0,9,0.0,0,0.000000
K250941,/Users/winko/Library/Mobile Documents/com~apple~CloudDocs/Research/1.5-Policy/data/raw_text/K250941.txt,3181,0,0,0,0,0,0,0,0.0,0,0,0,0,0,0,0,0,0,0.0,0,0,0,0,0.0,0,0,0,0,0,0,0,0,0.0,0,0,0,0,0,0,7,0,0,7,2.200565859792518,5,2,0,0,0,0,0.0,0.0,0,0,0,1,0,0,7,0.0,0,0.000000
K250959,/Users/winko/Library/Mobile Documents/com~apple~CloudDocs/Research/1.5-Policy/data/raw_text/K250959.txt,4483,0,0,0,0,0,0,0,0.0,0,0,0,0,0,4,3,0,7,1.5614543832255188,0,0,7,0,0.0,0,0,0,1,1,0,2,4,0.8922596475574393,0,0,4,0,0,0,13,0,2,15,3.345973678340397,5,6,4,0,0,0,0.0,0.0,0,0,0,1,0,7,15,0.4666666666666667,0,0.466667
K250984,/Users/winko/Library/Mobile Documents/com~apple~CloudDocs/Research/1.5-Policy/data/raw_text/K250984.txt,3171,0,0,0,0,0,0,0,0.0,0,0,0,0,4,0,0,0,4,1.261431725007884,0,0,4,0,0.0,0,0,0,0,0,0,0,0,0.0,0,0,0,0,0,0,9,0,0,9,2.838221381267739,5,2,2,0,0,0,0.0,0.0,0,0,0,1,0,4,9,0.4444444444444444,0,0.444444
K250999,/Users/winko/Library/Mobile Documents/com~apple~CloudDocs/Research/1.5-Policy/data/raw_text/K250999.txt,5905,0,0,0,0,0,0,0,0.0,0,0,0,0,3,2,2,11,18,3.048264182895851,0,3,15,0,0.0,0,0,0,0,4,5,13,22,3.7256562235393735,0,6,16,0,0,0,7,0,7,14,2.3708721422523285,9,2,3,0,0,0,0.0,0.0,0,0,0,1,0,18,14,1.2857142857142858,0,1.285714
K251002,/Users/winko/Library/Mobile Documents/com~apple~CloudDocs/Research/1.5-Policy/data/raw_text/K251002.txt,4145,0,0,0,0,0,0,0,0.0,0,0,0,0,2,3,4,0,9,2.1712907117008444,0,2,7,0,0.0,0,0,0,0,0,0,20,20,4.8250904704463204,0,12,8,0,0,0,6,0,0,6,1.4475271411338964,6,0,0,0,0,0,0.0,0.0,0,0,0,1,0,9,6,1.5,0,1.500000
K251009,/Users/winko/Library/Mobile Documents/com~apple~CloudDocs/Research/1.5-Policy/data/raw_text/K251009.txt,2892,0,0,0,0,0,0,0,0.0,0,0,0,0,0,0,0,0,0,0.0,0,0,0,0,0.0,0,0,0,0,0,0,0,0,0.0,0,0,0,0,0,0,7,0,0,7,2.4204702627939145,5,2,0,0,0,0,0.0,0.0,0,0,0,1,0,0,7,0.0,0,0.000000
K251027,/Users/winko/Library/Mobile Documents/com~apple~CloudDocs/Research/1.5-Policy/data/raw_text/K251027.txt,4361,0,0,0,0,0,0,0,0.0,0,0,0,0,1,0,0,0,1,0.22930520522815867,0,0,1,0,0.0,0,0,0,0,0,0,1,1,0.22930520522815867,0,0,1,0,0,0,7,0,0,7,1.6051364365971108,6,1,0,0,0,0,0.0,0.0,0,0,0,1,0,1,7,0.14285714285714285,0,0.142857
K251029,/Users/winko/Library/Mobile Documents/com~apple~CloudDocs/Research/1.5-Policy/data/raw_text/K251029.txt,5243,0,0,0,0,0,0,0,0.0,0,0,0,0,1,2,0,0,3,0.5721914934197978,0,3,0,0,0.0,0,0,0,0,0,1,0,1,0.1907304978065993,0,1,0,0,0,0,7,0,1,8,1.5258439824527943,7,1,0,0,0,0,0.0,0.0,0,0,0,1,0,3,8,0.375,0,0.375000
K251059,/Users/winko/Library/Mobile Documents/com~apple~CloudDocs/Research/1.5-Policy/data/raw_text/K251059.txt,3967,0,0,0,0,0,1,1,0.25207965717166625,0,0,1,0,0,0,0,0,0,0.0,0,0,0,0,0.0,0,0,0,0,0,1,3,4,1.008318628686665,0,0,4,0,0,0,9,0,1,10,2.5207965717166623,9,0,1,0,0,0,0.0,0.0,0,0,0,1,0,0,10,0.0,0,0.000000
K251071,/Users/winko/Library/Mobile Documents/com~apple~CloudDocs/Research/1.5-Policy/data/raw_text/K251071.txt,3580,0,0,0,0,0,0,0,0.0,0,0,0,7,0,8,10,0,25,6.983240223463687,0,0,25,0,0.0,0,0,0,2,2,2,8,14,3.910614525139665,0,4,10,0,0,0,6,0,0,6,1.675977653631285,6,0,0,0,0,0,0.0,0.0,0,0,0,1,0,25,6,4.166666666666667,0,4.166667
K251072,/Users/winko/Library/Mobile Documents/com~apple~CloudDocs/Research/1.5-Policy/data/raw_text/K251072.txt,3028,0,0,0,0,0,0,0,0.0,0,0,0,0,3,0,0,0,3,0.9907529722589168,0,3,0,0,0.0,0,0,0,0,0,0,0,0,0.0,0,0,0,0,0,0,6,0,3,9,2.97225891677675,8,0,1,0,0,0,0.0,0.0,0,0,0,1,0,3,9,0.3333333333333333,0,0.333333
K251078,/Users/winko/Library/Mobile Documents/com~apple~CloudDocs/Research/1.5-Policy/data/raw_text/K251078.txt,4102,0,0,0,0,0,0,0,0.0,0,0,0,0,4,0,0,0,4,0.9751340809361286,0,0,4,0,0.0,0,0,0,0,0,0,1,1,0.24378352023403216,0,0,1,0,0,0,7,0,2,9,2.1940516821062896,7,2,0,0,0,0,0.0,0.0,0,0,0,1,0,4,9,0.4444444444444444,0,0.444444
K251082,/Users/winko/Library/Mobile Documents/com~apple~CloudDocs/Research/1.5-Policy/data/raw_text/K251082.txt,6741,0,0,0,0,0,0,0,0.0,0,0,0,0,0,0,0,0,0,0.0,0,0,0,0,0.0,0,0,0,0,0,0,0,0,0.0,0,0,0,0,0,0,13,0,11,24,3.5603026257231862,14,10,0,0,0,0,0.0,0.0,0,0,0,1,0,0,24,0.0,0,0.000000
K251096,/Users/winko/Library/Mobile Documents/com~apple~CloudDocs/Research/1.5-Policy/data/raw_text/K251096.txt,4032,0,0,0,0,0,1,1,0.248015873015873,0,1,0,0,1,0,0,0,1,0.248015873015873,0,0,1,0,0.0,0,0,0,0,0,0,1,1,0.248015873015873,0,0,1,0,0,0,7,0,16,23,5.704365079365079,13,8,2,0,0,0,0.0,0.0,0,0,0,1,0,1,23,0.043478260869565216,0,0.043478
K251106,/Users/winko/Library/Mobile Documents/com~apple~CloudDocs/Research/1.5-Policy/data/raw_text/K251106.txt,4751,0,0,0,0,0,0,0,0.0,0,0,0,0,4,0,0,0,4,0.8419280151547043,0,0,4,0,0.0,0,0,0,0,2,0,2,4,0.8419280151547043,0,0,4,0,0,0,7,0,0,7,1.4733740265207325,6,1,0,0,0,0,0.0,0.0,0,0,0,1,0,4,7,0.5714285714285714,0,0.571429
K251110,/Users/winko/Library/Mobile Documents/com~apple~CloudDocs/Research/1.5-Policy/data/raw_text/K251110.txt,5170,0,0,0,0,0,0,0,0.0,0,0,0,0,0,9,6,0,15,2.9013539651837523,0,0,15,0,0.0,0,0,0,0,0,0,2,2,0.38684719535783363,0,2,0,0,0,0,11,0,1,12,2.3210831721470018,7,5,0,0,0,0,0.0,0.0,0,0,0,1,0,15,12,1.25,0,1.250000
K251126,/Users/winko/Library/Mobile Documents/com~apple~CloudDocs/Research/1.5-Policy/data/raw_text/K251126.txt,3540,0,0,0,0,0,0,0,0.0,0,0,0,0,0,0,0,0,0,0.0,0,0,0,0,0.0,0,0,0,0,0,0,0,0,0.0,0,0,0,0,0,0,8,0,0,8,2.2598870056497176,5,3,0,0,0,0,0.0,0.0,0,0,0,1,0,0,8,0.0,0,0.000000
K251151,/Users/winko/Library/Mobile Documents/com~apple~CloudDocs/Research/1.5-Policy/data/raw_text/K251151.txt,3186,0,0,0,0,0,0,0,0.0,0,0,0,0,0,2,1,0,3,0.9416195856873822,0,0,3,0,0.0,0,0,0,0,0,1,2,3,0.9416195856873822,0,0,3,0,0,0,5,0,0,5,1.569365976145637,5,0,0,0,0,0,0.0,0.0,0,0,0,1,0,3,5,0.6,0,0.600000
K251153,/Users/winko/Library/Mobile Documents/com~apple~CloudDocs/Research/1.5-Policy/data/raw_text/K251153.txt,3087,0,0,0,0,0,1,1,0.32393909944930355,0,0,1,0,0,0,0,0,0,0.0,0,0,0,0,0.0,0,0,0,0,0,0,1,1,0.32393909944930355,0,0,1,0,0,0,6,0,0,6,1.943634596695821,5,1,0,0,0,0,0.0,0.0,0,0,0,1,0,0,6,0.0,0,0.000000
K251167,/Users/winko/Library/Mobile Documents/com~apple~CloudDocs/Research/1.5-Policy/data/raw_text/K251167.txt,4846,0,0,0,0,0,0,0,0.0,0,0,0,0,2,1,1,0,4,0.8254230293025175,0,0,4,0,0.0,0,0,0,0,0,2,4,6,1.2381345439537763,0,0,6,0,0,0,8,0,0,8,1.650846058605035,8,0,0,0,0,0,0.0,0.0,0,0,0,1,0,4,8,0.5,0,0.500000
K251169,/Users/winko/Library/Mobile Documents/com~apple~CloudDocs/Research/1.5-Policy/data/raw_text/K251169.txt,4555,0,0,0,0,0,0,0,0.0,0,0,0,0,5,1,1,0,7,1.5367727771679471,0,0,7,0,0.0,0,0,0,0,4,2,2,8,1.756311745334797,0,0,8,0,0,0,7,0,2,9,1.9758507135016465,7,2,0,1,0,0,0.0,0.0,0,0,0,1,0,7,9,0.7777777777777778,0,0.777778
K251203,/Users/winko/Library/Mobile Documents/com~apple~CloudDocs/Research/1.5-Policy/data/raw_text/K251203.txt,2205,0,0,0,0,0,0,0,0.0,0,0,0,0,0,0,0,0,0,0.0,0,0,0,0,0.0,0,0,0,0,0,0,0,0,0.0,0,0,0,0,0,0,5,0,1,6,2.7210884353741496,5,0,1,0,0,0,0.0,0.0,0,0,0,1,0,0,6,0.0,0,0.000000
K251221,/Users/winko/Library/Mobile Documents/com~apple~CloudDocs/Research/1.5-Policy/data/raw_text/K251221.txt,3311,0,0,0,0,0,0,0,0.0,0,0,0,0,0,9,1,0,10,3.0202355783751136,0,0,10,0,0.0,0,0,0,0,0,2,2,4,1.2080942313500453,0,0,4,0,0,0,6,0,0,6,1.812141347025068,5,1,0,0,0,0,0.0,0.0,0,0,0,1,0,10,6,1.6666666666666667,0,1.666667
K251276,/Users/winko/Library/Mobile Documents/com~apple~CloudDocs/Research/1.5-Policy/data/raw_text/K251276.txt,3342,0,0,0,0,0,0,0,0.0,0,0,0,0,0,0,0,0,0,0.0,0,0,0,0,0.0,0,0,0,0,4,6,6,16,4.78755236385398,0,0,16,0,0,0,7,0,1,8,2.39377618192699,7,1,0,0,0,0,0.0,0.0,0,0,0,1,0,0,8,0.0,0,0.000000
K251293,/Users/winko/Library/Mobile Documents/com~apple~CloudDocs/Research/1.5-Policy/data/raw_text/K251293.txt,3558,0,0,0,0,0,0,0,0.0,0,0,0,0,0,11,11,0,22,6.183249016301293,0,0,22,0,0.0,0,0,0,1,0,1,8,10,2.810567734682406,1,3,6,0,0,0,9,0,3,12,3.372681281618887,6,6,0,1,0,0,0.0,0.0,0,0,0,1,0,22,12,1.8333333333333333,0,1.833333
K251316,/Users/winko/Library/Mobile Documents/com~apple~CloudDocs/Research/1.5-Policy/data/raw_text/K251316.txt,5029,0,0,0,0,0,0,0,0.0,0,0,0,0,10,0,0,0,10,1.988466892026248,0,4,6,0,0.0,0,0,0,0,0,4,4,8,1.5907735136209982,0,0,8,0,0,0,9,0,3,12,2.3861602704314975,10,0,2,0,0,0,0.0,0.0,0,0,0,1,0,10,12,0.8333333333333334,0,0.833333
K251322,/Users/winko/Library/Mobile Documents/com~apple~CloudDocs/Research/1.5-Policy/data/raw_text/K251322.txt,3941,0,0,0,0,0,0,0,0.0,0,0,0,0,1,0,0,0,1,0.2537427048972342,0,0,1,0,0.0,0,0,0,0,2,2,2,6,1.5224562293834052,0,0,6,0,0,0,11,0,4,15,3.806140573458513,6,7,2,0,0,0,0.0,0.0,0,0,0,1,0,1,15,0.06666666666666667,0,0.066667
K251342,/Users/winko/Library/Mobile Documents/com~apple~CloudDocs/Research/1.5-Policy/data/raw_text/K251342.txt,3471,0,0,0,0,0,0,0,0.0,0,0,0,0,3,0,0,0,3,0.8643042350907519,0,0,3,0,0.0,0,0,0,0,2,1,1,4,1.1524056467876693,0,0,4,0,0,0,7,0,0,7,2.016709881878421,5,2,0,0,0,0,0.0,0.0,0,0,0,1,0,3,7,0.42857142857142855,0,0.428571
K251355,/Users/winko/Library/Mobile Documents/com~apple~CloudDocs/Research/1.5-Policy/data/raw_text/K251355.txt,2701,0,0,0,0,0,0,0,0.0,0,0,0,0,0,0,0,0,0,0.0,0,0,0,0,0.0,0,0,0,0,0,0,1,1,0.37023324694557574,0,0,1,0,0,0,6,0,0,6,2.2213994816734544,5,1,0,0,0,0,0.0,0.0,0,0,0,1,0,0,6,0.0,0,0.000000
K251368,/Users/winko/Library/Mobile Documents/com~apple~CloudDocs/Research/1.5-Policy/data/raw_text/K251368.txt,7921,0,0,0,0,0,2,2,0.2524933720489837,0,0,2,0,0,9,9,0,18,2.2724403484408535,0,0,18,0,0.0,0,0,0,2,2,0,13,17,2.1461936624163616,2,3,12,0,0,0,8,0,0,8,1.0099734881959348,6,1,1,0,0,0,0.0,0.0,0,0,0,1,0,18,8,2.25,0,2.250000
K251370,/Users/winko/Library/Mobile Documents/com~apple~CloudDocs/Research/1.5-Policy/data/raw_text/K251370.txt,3929,0,0,0,0,0,0,0,0.0,0,0,0,0,2,0,0,0,2,0.5090353779587682,0,0,2,0,0.0,0,0,0,0,0,0,0,0,0.0,0,0,0,0,0,0,9,0,0,9,2.290659200814457,5,4,0,0,0,0,0.0,0.0,0,0,0,1,0,2,9,0.2222222222222222,0,0.222222
K251386,/Users/winko/Library/Mobile Documents/com~apple~CloudDocs/Research/1.5-Policy/data/raw_text/K251386.txt,4644,0,0,0,0,0,1,1,0.2153316106804479,1,0,0,0,0,0,0,0,0,0.0,0,0,0,0,0.0,0,0,0,0,0,0,1,1,0.2153316106804479,0,0,1,0,0,0,7,0,1,8,1.7226528854435832,8,0,0,0,0,0,0.0,0.0,0,0,0,1,0,0,8,0.0,0,0.000000
K251397,/Users/winko/Library/Mobile Documents/com~apple~CloudDocs/Research/1.5-Policy/data/raw_text/K251397.txt,3357,0,0,0,0,0,0,0,0.0,0,0,0,0,2,0,0,0,2,0.5957700327673517,0,2,0,0,0.0,0,0,0,0,0,0,0,0,0.0,0,0,0,0,0,0,9,0,0,9,2.680965147453083,5,4,0,0,0,0,0.0,0.0,0,0,0,1,0,2,9,0.2222222222222222,0,0.222222
K251399,/Users/winko/Library/Mobile Documents/com~apple~CloudDocs/Research/1.5-Policy/data/raw_text/K251399.txt,2755,0,0,0,0,0,0,0,0.0,0,0,0,0,0,0,0,0,0,0.0,0,0,0,0,0.0,0,0,0,0,0,0,0,0,0.0,0,0,0,0,0,0,5,0,2,7,2.540834845735027,5,2,0,0,0,0,0.0,0.0,0,0,0,1,0,0,7,0.0,0,0.000000
K251406,/Users/winko/Library/Mobile Documents/com~apple~CloudDocs/Research/1.5-Policy/data/raw_text/K251406.txt,3937,0,0,0,0,0,0,0,0.0,0,0,0,0,0,6,6,0,12,3.048006096012192,0,0,12,0,0.0,0,0,0,0,0,3,5,8,2.032004064008128,0,0,8,0,0,0,7,0,1,8,2.032004064008128,5,3,0,0,0,0,0.0,0.0,0,0,0,1,0,12,8,1.5,0,1.500000
K251408,/Users/winko/Library/Mobile Documents/com~apple~CloudDocs/Research/1.5-Policy/data/raw_text/K251408.txt,5756,0,0,0,0,0,1,1,0.17373175816539263,0,1,0,9,7,12,12,0,40,6.949270326615705,0,5,35,0,0.0,0,0,0,4,0,0,4,8,1.389854065323141,0,3,5,0,0,0,6,0,5,11,1.911049339819319,6,4,1,0,0,0,0.0,0.0,0,0,0,1,0,40,11,3.6363636363636362,0,3.636364
K251416,/Users/winko/Library/Mobile Documents/com~apple~CloudDocs/Research/1.5-Policy/data/raw_text/K251416.txt,3991,0,0,0,0,0,0,0,0.0,0,0,0,8,1,0,0,0,9,2.255073916311701,0,0,9,0,0.0,0,0,0,0,0,0,4,4,1.0022550739163116,0,0,4,0,0,0,6,0,0,6,1.5033826108744675,5,1,0,0,0,0,0.0,0.0,0,0,0,1,0,9,6,1.5,0,1.500000
K251455,/Users/winko/Library/Mobile Documents/com~apple~CloudDocs/Research/1.5-Policy/data/raw_text/K251455.txt,4860,0,0,0,0,0,0,0,0.0,0,0,0,0,0,0,0,0,0,0.0,0,0,0,0,0.0,0,0,0,2,0,2,4,8,1.646090534979424,0,0,8,0,0,0,11,0,0,11,2.2633744855967075,7,4,0,0,0,0,0.0,0.0,0,0,0,1,0,0,11,0.0,0,0.000000
K251456,/Users/winko/Library/Mobile Documents/com~apple~CloudDocs/Research/1.5-Policy/data/raw_text/K251456.txt,3484,0,0,0,0,0,0,0,0.0,0,0,0,0,0,1,2,0,3,0.8610792192881744,0,3,0,0,0.0,0,0,0,1,1,1,5,8,2.2962112514351323,0,6,2,0,0,0,7,0,1,8,2.2962112514351323,5,3,0,0,0,0,0.0,0.0,0,0,0,1,0,3,8,0.375,0,0.375000
K251481,/Users/winko/Library/Mobile Documents/com~apple~CloudDocs/Research/1.5-Policy/data/raw_text/K251481.txt,3483,0,0,0,0,0,0,0,0.0,0,0,0,0,1,0,0,0,1,0.2871088142405972,0,0,1,0,0.0,0,0,0,0,0,0,0,0,0.0,0,0,0,0,0,0,6,0,2,8,2.2968705139247776,5,1,2,0,0,0,0.0,0.0,0,0,0,1,0,1,8,0.125,0,0.125000
K251483,/Users/winko/Library/Mobile Documents/com~apple~CloudDocs/Research/1.5-Policy/data/raw_text/K251483.txt,2914,0,0,0,0,0,0,0,0.0,0,0,0,0,6,0,0,0,6,2.0590253946465342,0,0,6,0,0.0,0,0,0,0,0,1,1,2,0.6863417982155113,0,2,0,0,0,0,10,0,0,10,3.431708991077557,5,5,0,0,0,0,0.0,0.0,0,0,0,1,0,6,10,0.6,0,0.600000
K251494,/Users/winko/Library/Mobile Documents/com~apple~CloudDocs/Research/1.5-Policy/data/raw_text/K251494.txt,4288,0,0,0,0,0,0,0,0.0,0,0,0,0,0,10,9,0,19,4.4309701492537314,0,0,19,0,0.0,0,0,0,3,1,0,13,17,3.9645522388059704,0,0,17,0,0,0,7,0,0,7,1.632462686567164,7,0,0,0,0,0,0.0,0.0,0,0,0,1,0,19,7,2.7142857142857144,0,2.714286
K251506,/Users/winko/Library/Mobile Documents/com~apple~CloudDocs/Research/1.5-Policy/data/raw_text/K251506.txt,3308,0,0,0,0,0,0,0,0.0,0,0,0,0,0,8,0,0,8,2.4183796856106405,0,0,8,0,0.0,0,0,0,0,0,0,4,4,1.2091898428053203,0,3,1,0,0,0,5,0,4,9,2.720677146311971,5,3,1,0,0,0,0.0,0.0,0,0,0,1,0,8,9,0.8888888888888888,0,0.888889
K251514,/Users/winko/Library/Mobile Documents/com~apple~CloudDocs/Research/1.5-Policy/data/raw_text/K251514.txt,3639,0,0,0,0,0,0,0,0.0,0,0,0,0,4,4,1,0,9,2.4732069249793898,0,0,9,0,0.0,0,0,0,0,0,0,0,0,0.0,0,0,0,0,0,0,7,0,0,7,1.9236053860950812,7,0,0,0,0,0,0.0,0.0,0,0,0,1,0,9,7,1.2857142857142858,0,1.285714
K251518,/Users/winko/Library/Mobile Documents/com~apple~CloudDocs/Research/1.5-Policy/data/raw_text/K251518.txt,3662,0,0,0,0,0,0,0,0.0,0,0,0,0,0,0,0,0,0,0.0,0,0,0,0,0.0,0,0,0,0,0,0,0,0,0.0,0,0,0,0,0,0,6,0,1,7,1.9115237575095578,6,0,1,0,0,0,0.0,0.0,0,0,0,1,0,0,7,0.0,0,0.000000
K251527,/Users/winko/Library/Mobile Documents/com~apple~CloudDocs/Research/1.5-Policy/data/raw_text/K251527.txt,2592,0,0,0,0,0,0,0,0.0,0,0,0,0,1,0,0,0,1,0.38580246913580246,0,0,1,0,0.0,0,0,0,0,0,0,3,3,1.1574074074074074,0,2,1,0,0,0,8,0,0,8,3.0864197530864197,5,2,1,0,0,0,0.0,0.0,0,0,0,1,0,1,8,0.125,0,0.125000
K251528,/Users/winko/Library/Mobile Documents/com~apple~CloudDocs/Research/1.5-Policy/data/raw_text/K251528.txt,3459,0,0,0,0,0,0,0,0.0,0,0,0,0,0,0,0,0,0,0.0,0,0,0,0,0.0,0,0,0,0,0,0,2,2,0.5782017924255566,0,0,2,0,0,0,11,0,0,11,3.180109858340561,5,6,0,0,0,0,0.0,0.0,0,0,0,1,0,0,11,0.0,0,0.000000
K251532,/Users/winko/Library/Mobile Documents/com~apple~CloudDocs/Research/1.5-Policy/data/raw_text/K251532.txt,4742,0,0,0,0,0,0,0,0.0,0,0,0,0,4,0,0,0,4,0.8435259384226065,0,0,4,0,0.0,0,0,0,0,0,0,0,0,0.0,0,0,0,0,0,0,10,0,0,10,2.108814846056516,6,4,0,0,0,0,0.0,0.0,0,0,0,1,0,4,10,0.4,0,0.400000
K251533,/Users/winko/Library/Mobile Documents/com~apple~CloudDocs/Research/1.5-Policy/data/raw_text/K251533.txt,3144,0,0,0,0,0,1,1,0.31806615776081426,0,0,1,0,3,1,1,0,5,1.5903307888040712,0,2,3,0,0.0,0,0,0,0,0,0,1,1,0.31806615776081426,0,0,1,0,0,0,5,0,0,5,1.5903307888040712,5,0,0,0,0,0,0.0,0.0,0,0,0,1,0,5,5,1.0,0,1.000000
K251590,/Users/winko/Library/Mobile Documents/com~apple~CloudDocs/Research/1.5-Policy/data/raw_text/K251590.txt,3903,0,0,0,0,0,0,0,0.0,0,0,0,0,0,23,23,0,46,11.785805790417626,0,0,46,0,0.0,0,0,0,0,0,2,2,4,1.0248526774276199,0,0,4,0,0,0,9,0,0,9,2.3059185242121445,5,4,0,0,0,0,0.0,0.0,0,0,0,1,0,46,9,5.111111111111111,0,5.111111
K251602,/Users/winko/Library/Mobile Documents/com~apple~CloudDocs/Research/1.5-Policy/data/raw_text/K251602.txt,3293,0,0,0,0,0,0,0,0.0,0,0,0,0,0,0,0,0,0,0.0,0,0,0,0,0.0,0,0,0,0,0,0,0,0,0.0,0,0,0,0,0,0,9,0,0,9,2.733070148800486,5,4,0,0,0,0,0.0,0.0,0,0,0,1,0,0,9,0.0,0,0.000000
K251610,/Users/winko/Library/Mobile Documents/com~apple~CloudDocs/Research/1.5-Policy/data/raw_text/K251610.txt,3215,0,0,0,0,0,0,0,0.0,0,0,0,3,1,3,3,0,10,3.1104199066874028,0,0,10,0,0.0,0,0,0,0,0,0,3,3,0.9331259720062208,0,2,1,0,0,0,12,0,0,12,3.7325038880248833,5,7,0,0,0,0,0.0,0.0,0,0,0,1,0,10,12,0.8333333333333334,0,0.833333
K251629,/Users/winko/Library/Mobile Documents/com~apple~CloudDocs/Research/1.5-Policy/data/raw_text/K251629.txt,2946,0,0,0,0,0,0,0,0.0,0,0,0,0,0,0,0,0,0,0.0,0,0,0,0,0.0,0,0,0,0,0,1,1,2,0.678886625933469,0,0,2,0,0,0,7,0,1,8,2.715546503733876,5,2,1,0,0,0,0.0,0.0,0,0,0,1,0,0,8,0.0,0,0.000000
K251639,/Users/winko/Library/Mobile Documents/com~apple~CloudDocs/Research/1.5-Policy/data/raw_text/K251639.txt,2586,0,0,0,0,0,0,0,0.0,0,0,0,0,5,0,0,0,5,1.9334880123743232,0,0,5,0,0.0,0,0,0,0,0,0,0,0,0.0,0,0,0,0,0,0,7,0,0,7,2.7068832173240525,5,2,0,0,0,0,0.0,0.0,0,0,0,1,0,5,7,0.7142857142857143,0,0.714286
K251651,/Users/winko/Library/Mobile Documents/com~apple~CloudDocs/Research/1.5-Policy/data/raw_text/K251651.txt,3611,0,0,0,0,0,0,0,0.0,0,0,0,0,0,0,0,0,0,0.0,0,0,0,0,0.0,0,0,0,0,0,0,0,0,0.0,0,0,0,0,0,0,9,0,1,10,2.7693159789531987,5,2,3,0,0,0,0.0,0.0,0,0,0,1,0,0,10,0.0,0,0.000000
K251656,/Users/winko/Library/Mobile Documents/com~apple~CloudDocs/Research/1.5-Policy/data/raw_text/K251656.txt,2599,0,0,0,0,0,0,0,0.0,0,0,0,0,2,0,0,0,2,0.7695267410542517,0,0,2,0,0.0,0,0,0,0,0,0,0,0,0.0,0,0,0,0,0,0,9,0,0,9,3.4628703347441325,5,4,0,0,0,0,0.0,0.0,0,0,0,1,0,2,9,0.2222222222222222,0,0.222222
K251657,/Users/winko/Library/Mobile Documents/com~apple~CloudDocs/Research/1.5-Policy/data/raw_text/K251657.txt,4089,0,0,0,0,0,0,0,0.0,0,0,0,0,0,1,1,0,2,0.48911714355588165,2,0,0,0,0.0,0,0,0,0,0,0,0,0,0.0,0,0,0,0,0,0,7,0,5,12,2.93470286133529,7,3,2,0,0,0,0.0,0.0,0,0,0,1,0,2,12,0.16666666666666666,0,0.166667
K251673,/Users/winko/Library/Mobile Documents/com~apple~CloudDocs/Research/1.5-Policy/data/raw_text/K251673.txt,2648,0,0,0,0,0,0,0,0.0,0,0,0,0,0,2,0,0,2,0.7552870090634441,0,0,2,0,0.0,0,0,0,0,0,0,1,1,0.3776435045317221,0,0,1,0,0,0,5,0,0,5,1.8882175226586104,5,0,0,0,0,0,0.0,0.0,0,0,0,1,0,2,5,0.4,0,0.400000
K251682,/Users/winko/Library/Mobile Documents/com~apple~CloudDocs/Research/1.5-Policy/data/raw_text/K251682.txt,12407,0,0,0,0,0,0,0,0.0,0,0,0,0,4,0,0,0,4,0.3223986459256871,1,2,1,0,0.0,0,0,0,0,2,2,11,15,1.2089949222213268,7,6,2,0,0,0,8,0,0,8,0.6447972918513742,8,0,0,5,0,0,0.0,0.0,0,0,0,1,0,4,8,0.5,0,0.500000
K251747,/Users/winko/Library/Mobile Documents/com~apple~CloudDocs/Research/1.5-Policy/data/raw_text/K251747.txt,4864,0,0,0,0,0,0,0,0.0,0,0,0,0,1,0,0,0,1,0.20559210526315788,0,0,1,0,0.0,0,0,0,0,0,1,2,3,0.6167763157894737,0,0,3,0,0,0,15,0,2,17,3.495065789473684,9,7,1,0,0,0,0.0,0.0,0,0,0,1,0,1,17,0.058823529411764705,0,0.058824
K251763,/Users/winko/Library/Mobile Documents/com~apple~CloudDocs/Research/1.5-Policy/data/raw_text/K251763.txt,3133,0,0,0,0,0,0,0,0.0,0,0,0,0,0,0,0,0,0,0.0,0,0,0,0,0.0,0,0,0,0,0,0,0,0,0.0,0,0,0,0,0,0,9,0,1,10,3.1918289179699966,5,2,3,0,0,0,0.0,0.0,0,0,0,1,0,0,10,0.0,0,0.000000
K251766,/Users/winko/Library/Mobile Documents/com~apple~CloudDocs/Research/1.5-Policy/data/raw_text/K251766.txt,3622,0,0,0,0,0,0,0,0.0,0,0,0,0,2,0,0,0,2,0.5521811154058531,0,2,0,0,0.0,0,0,0,2,2,0,2,6,1.6565433462175594,0,6,0,0,0,0,6,0,0,6,1.6565433462175594,6,0,0,0,0,0,0.0,0.0,0,0,0,1,0,2,6,0.3333333333333333,0,0.333333
K251822,/Users/winko/Library/Mobile Documents/com~apple~CloudDocs/Research/1.5-Policy/data/raw_text/K251822.txt,4638,0,0,0,0,0,0,0,0.0,0,0,0,0,0,0,0,0,0,0.0,0,0,0,0,0.0,0,0,0,0,1,1,1,3,0.646830530401035,0,3,0,0,0,0,7,0,1,8,1.7248814144027598,7,0,1,0,0,0,0.0,0.0,0,0,0,1,0,0,8,0.0,0,0.000000
K251837,/Users/winko/Library/Mobile Documents/com~apple~CloudDocs/Research/1.5-Policy/data/raw_text/K251837.txt,4410,0,0,0,0,0,1,1,0.22675736961451248,0,0,1,0,0,0,0,0,0,0.0,0,0,0,0,0.0,0,0,0,1,0,0,0,1,0.22675736961451248,0,0,1,0,0,0,10,0,0,10,2.2675736961451247,6,4,0,0,0,0,0.0,0.0,0,0,0,1,0,0,10,0.0,0,0.000000
K251839,/Users/winko/Library/Mobile Documents/com~apple~CloudDocs/Research/1.5-Policy/data/raw_text/K251839.txt,5777,0,0,0,0,0,0,0,0.0,0,0,0,0,2,1,0,0,3,0.5193006750908776,0,1,2,0,0.0,0,0,0,0,7,6,9,22,3.8082049506664357,0,7,15,0,0,0,9,0,0,9,1.5579020252726328,9,0,0,0,0,0,0.0,0.0,0,0,0,1,0,3,9,0.3333333333333333,0,0.333333
K251873,/Users/winko/Library/Mobile Documents/com~apple~CloudDocs/Research/1.5-Policy/data/raw_text/K251873.txt,2830,0,0,0,0,0,0,0,0.0,0,0,0,0,0,0,0,0,0,0.0,0,0,0,0,0.0,0,0,0,3,2,0,3,8,2.8268551236749113,0,0,8,0,0,0,7,0,0,7,2.473498233215548,5,2,0,0,0,0,0.0,0.0,0,0,0,1,0,0,7,0.0,0,0.000000
K251931,/Users/winko/Library/Mobile Documents/com~apple~CloudDocs/Research/1.5-Policy/data/raw_text/K251931.txt,4251,0,0,0,0,0,0,0,0.0,0,0,0,0,4,0,0,0,4,0.9409550693954364,0,0,4,0,0.0,0,0,0,0,0,0,4,4,0.9409550693954364,0,0,4,0,0,0,11,0,12,23,5.41049164902376,11,12,0,0,0,0,0.0,0.0,0,0,0,1,0,4,23,0.17391304347826086,0,0.173913
K251936,/Users/winko/Library/Mobile Documents/com~apple~CloudDocs/Research/1.5-Policy/data/raw_text/K251936.txt,4197,0,0,0,0,0,0,0,0.0,0,0,0,0,0,4,4,0,8,1.9061234214915415,0,0,8,0,0.0,0,0,0,0,0,0,7,7,1.6678579938050988,0,4,3,0,0,0,6,0,2,8,1.9061234214915415,6,1,1,0,0,0,0.0,0.0,0,0,0,1,0,8,8,1.0,0,1.000000
K251963,/Users/winko/Library/Mobile Documents/com~apple~CloudDocs/Research/1.5-Policy/data/raw_text/K251963.txt,4622,0,0,0,0,0,0,0,0.0,0,0,0,0,16,3,3,0,22,4.759844223279965,0,16,6,0,0.0,0,0,0,3,2,4,6,15,3.2453483340545217,0,8,7,0,0,0,7,0,0,7,1.5144958892254434,6,1,0,0,0,0,0.0,0.0,0,0,0,1,0,22,7,3.142857142857143,0,3.142857
K251983,/Users/winko/Library/Mobile Documents/com~apple~CloudDocs/Research/1.5-Policy/data/raw_text/K251983.txt,6219,0,0,0,0,0,0,0,0.0,0,0,0,0,0,23,16,0,39,6.271104679208876,0,37,2,0,0.0,0,0,0,0,0,2,8,10,1.6079755587715068,0,10,0,0,0,0,9,0,3,12,1.929570670525808,9,0,3,2,0,0,0.0,0.0,0,0,0,1,0,39,12,3.25,0,3.250000
K251985,/Users/winko/Library/Mobile Documents/com~apple~CloudDocs/Research/1.5-Policy/data/raw_text/K251985.txt,4588,0,0,0,0,0,0,0,0.0,0,0,0,0,16,3,3,0,22,4.795117698343505,0,16,6,0,0.0,0,0,0,3,2,4,6,15,3.269398430688753,0,8,7,0,0,0,7,0,0,7,1.5257192676547515,6,1,0,0,0,0,0.0,0.0,0,0,0,1,0,22,7,3.142857142857143,0,3.142857
K251987,/Users/winko/Library/Mobile Documents/com~apple~CloudDocs/Research/1.5-Policy/data/raw_text/K251987.txt,3849,0,0,0,0,0,0,0,0.0,0,0,0,0,7,0,0,0,7,1.8186541958950377,0,2,5,0,0.0,0,0,0,0,0,1,1,2,0.5196154845414394,0,0,2,0,0,0,5,0,0,5,1.2990387113535984,5,0,0,0,0,0,0.0,0.0,0,0,0,1,0,7,5,1.4,0,1.400000
K252007,/Users/winko/Library/Mobile Documents/com~apple~CloudDocs/Research/1.5-Policy/data/raw_text/K252007.txt,3038,0,0,0,0,0,0,0,0.0,0,0,0,0,0,2,2,0,4,1.3166556945358787,0,0,4,0,0.0,0,0,0,1,1,0,2,4,1.3166556945358787,0,1,3,0,0,0,10,0,3,13,4.279131007241606,5,6,2,0,0,0,0.0,0.0,0,0,0,1,0,4,13,0.3076923076923077,0,0.307692
K252029,/Users/winko/Library/Mobile Documents/com~apple~CloudDocs/Research/1.5-Policy/data/raw_text/K252029.txt,4329,0,0,0,0,0,0,0,0.0,0,0,0,0,0,0,0,0,0,0.0,0,0,0,0,0.0,0,0,0,0,0,2,0,2,0.46200046200046196,1,1,0,0,0,0,6,0,0,6,1.386001386001386,5,1,0,0,0,0,0.0,0.0,0,0,0,1,0,0,6,0.0,0,0.000000
K252041,/Users/winko/Library/Mobile Documents/com~apple~CloudDocs/Research/1.5-Policy/data/raw_text/K252041.txt,3658,0,0,0,0,0,0,0,0.0,0,0,0,0,0,2,2,0,4,1.0934937124111537,0,0,4,0,0.0,0,0,0,0,0,0,7,7,1.9136139967195187,1,3,3,0,0,0,6,0,0,6,1.6402405686167303,5,1,0,0,0,0,0.0,0.0,0,0,0,1,0,4,6,0.6666666666666666,0,0.666667
K252054,/Users/winko/Library/Mobile Documents/com~apple~CloudDocs/Research/1.5-Policy/data/raw_text/K252054.txt,3927,0,0,0,0,4,0,4,1.0185892538833714,0,0,4,0,6,0,0,0,6,1.5278838808250572,0,3,3,0,0.0,0,0,0,0,0,0,2,2,0.5092946269416857,0,0,2,0,0,0,6,0,8,14,3.5650623885918002,7,6,1,0,0,0,0.0,0.0,0,0,0,1,0,6,14,0.42857142857142855,0,0.428571
K252074,/Users/winko/Library/Mobile Documents/com~apple~CloudDocs/Research/1.5-Policy/data/raw_text/K252074.txt,3402,0,0,0,0,0,0,0,0.0,0,0,0,0,0,0,0,0,0,0.0,0,0,0,0,0.0,0,0,0,0,1,1,1,3,0.8818342151675485,0,0,3,0,0,0,6,0,0,6,1.763668430335097,5,1,0,0,0,0,0.0,0.0,0,0,0,1,0,0,6,0.0,0,0.000000
K252086,/Users/winko/Library/Mobile Documents/com~apple~CloudDocs/Research/1.5-Policy/data/raw_text/K252086.txt,3364,0,0,0,0,0,0,0,0.0,0,0,0,2,2,3,3,0,10,2.972651605231867,0,0,10,0,0.0,0,0,0,0,0,0,2,2,0.5945303210463733,0,0,2,0,0,0,5,0,1,6,1.7835909631391202,5,0,1,0,0,0,0.0,0.0,0,0,0,1,0,10,6,1.6666666666666667,0,1.666667
K252103,/Users/winko/Library/Mobile Documents/com~apple~CloudDocs/Research/1.5-Policy/data/raw_text/K252103.txt,5793,0,0,0,0,0,0,0,0.0,0,0,0,0,6,0,0,0,6,1.0357327809425168,4,0,2,0,0.0,0,0,0,0,0,1,2,3,0.5178663904712584,0,0,3,0,0,0,11,0,0,11,1.8988434317279475,6,5,0,0,0,0,0.0,0.0,0,0,0,1,0,6,11,0.5454545454545454,0,0.545455
K252105,/Users/winko/Library/Mobile Documents/com~apple~CloudDocs/Research/1.5-Policy/data/raw_text/K252105.txt,2647,0,0,0,0,0,0,0,0.0,0,0,0,0,4,0,0,0,4,1.5111446921042688,0,4,0,0,0.0,0,0,0,0,0,2,1,3,1.1333585190782018,0,2,1,0,0,0,6,0,0,6,2.2667170381564037,5,1,0,0,0,0,0.0,0.0,0,0,0,1,0,4,6,0.6666666666666666,0,0.666667
K252178,/Users/winko/Library/Mobile Documents/com~apple~CloudDocs/Research/1.5-Policy/data/raw_text/K252178.txt,2831,0,0,0,0,0,0,0,0.0,0,0,0,0,0,0,0,0,0,0.0,0,0,0,0,0.0,0,0,0,1,0,0,1,2,0.7064641469445425,0,0,2,0,0,0,6,0,0,6,2.1193924408336278,5,1,0,0,0,0,0.0,0.0,0,0,0,1,0,0,6,0.0,0,0.000000
K252204,/Users/winko/Library/Mobile Documents/com~apple~CloudDocs/Research/1.5-Policy/data/raw_text/K252204.txt,3275,0,0,0,0,0,0,0,0.0,0,0,0,0,2,0,0,0,2,0.6106870229007634,0,0,2,0,0.0,0,0,0,1,1,1,1,4,1.2213740458015268,0,0,4,0,0,0,10,0,2,12,3.66412213740458,5,6,1,0,0,0,0.0,0.0,0,0,0,1,0,2,12,0.16666666666666666,0,0.166667
K252214,/Users/winko/Library/Mobile Documents/com~apple~CloudDocs/Research/1.5-Policy/data/raw_text/K252214.txt,2418,0,0,0,0,0,0,0,0.0,0,0,0,0,1,0,0,0,1,0.41356492969396197,0,0,1,0,0.0,0,0,0,1,1,0,1,3,1.2406947890818858,0,0,3,0,0,0,5,0,0,5,2.0678246484698097,5,0,0,0,0,0,0.0,0.0,0,0,0,1,0,1,5,0.2,0,0.200000
K252217,/Users/winko/Library/Mobile Documents/com~apple~CloudDocs/Research/1.5-Policy/data/raw_text/K252217.txt,4111,0,0,0,0,0,0,0,0.0,0,0,0,0,3,0,0,0,3,0.7297494526879105,0,0,3,0,0.0,0,0,0,0,0,0,1,1,0.24324981756263683,0,0,1,0,0,0,7,0,0,7,1.702748722938458,5,0,2,0,0,0,0.0,0.0,0,0,0,1,0,3,7,0.42857142857142855,0,0.428571
K252235,/Users/winko/Library/Mobile Documents/com~apple~CloudDocs/Research/1.5-Policy/data/raw_text/K252235.txt,3240,0,0,0,0,0,0,0,0.0,0,0,0,1,1,0,0,0,2,0.6172839506172839,0,0,2,0,0.0,0,0,0,0,0,0,0,0,0.0,0,0,0,0,0,0,7,0,0,7,2.1604938271604937,5,2,0,0,0,0,0.0,0.0,0,0,0,1,0,2,7,0.2857142857142857,0,0.285714
K252284,/Users/winko/Library/Mobile Documents/com~apple~CloudDocs/Research/1.5-Policy/data/raw_text/K252284.txt,3533,0,0,0,0,0,0,0,0.0,0,0,0,0,3,5,5,0,13,3.6795924143787153,0,5,8,0,0.0,0,0,0,0,0,0,1,1,0.2830455703368242,0,1,0,0,0,0,7,0,0,7,1.9813189923577694,5,2,0,0,0,0,0.0,0.0,0,0,0,1,0,13,7,1.8571428571428572,0,1.857143
K252294,/Users/winko/Library/Mobile Documents/com~apple~CloudDocs/Research/1.5-Policy/data/raw_text/K252294.txt,3907,0,0,0,0,0,0,0,0.0,0,0,0,7,0,10,12,0,29,7.4225748656257995,0,0,29,0,0.0,0,0,0,2,2,2,8,14,3.5833120040952138,0,0,14,0,0,0,7,0,0,7,1.7916560020476069,5,2,0,0,0,0,0.0,0.0,0,0,0,1,0,29,7,4.142857142857143,0,4.142857
K252298,/Users/winko/Library/Mobile Documents/com~apple~CloudDocs/Research/1.5-Policy/data/raw_text/K252298.txt,2852,0,0,0,0,0,0,0,0.0,0,0,0,0,4,0,0,0,4,1.402524544179523,0,0,4,0,0.0,0,0,0,0,0,1,3,4,1.402524544179523,0,0,4,0,0,0,5,0,0,5,1.753155680224404,5,0,0,0,0,0,0.0,0.0,0,0,0,1,0,4,5,0.8,0,0.800000
K252328,/Users/winko/Library/Mobile Documents/com~apple~CloudDocs/Research/1.5-Policy/data/raw_text/K252328.txt,3673,0,0,0,0,0,0,0,0.0,0,0,0,0,3,0,0,0,3,0.8167710318540703,0,2,1,0,0.0,0,0,0,0,1,1,4,6,1.6335420637081406,0,0,6,0,0,0,7,0,0,7,1.905799074326164,7,0,0,0,0,0,0.0,0.0,0,0,0,1,0,3,7,0.42857142857142855,0,0.428571
K252330,/Users/winko/Library/Mobile Documents/com~apple~CloudDocs/Research/1.5-Policy/data/raw_text/K252330.txt,6391,0,0,0,0,0,0,0,0.0,0,0,0,0,0,0,0,0,0,0.0,0,0,0,0,0.0,0,0,0,1,1,0,9,11,1.721170395869191,1,0,10,0,0,0,10,0,5,15,2.347050539821624,12,3,0,0,0,0,0.0,0.0,0,0,0,1,0,0,15,0.0,0,0.000000
K252362,/Users/winko/Library/Mobile Documents/com~apple~CloudDocs/Research/1.5-Policy/data/raw_text/K252362.txt,4018,0,0,0,0,0,0,0,0.0,0,0,0,0,3,0,0,0,3,0.7466401194624191,0,0,3,0,0.0,0,0,0,1,2,2,3,8,1.991040318566451,0,0,8,0,0,0,9,0,1,10,2.4888003982080633,5,4,1,0,0,0,0.0,0.0,0,0,0,1,0,3,10,0.3,0,0.300000
K252366,/Users/winko/Library/Mobile Documents/com~apple~CloudDocs/Research/1.5-Policy/data/raw_text/K252366.txt,4628,0,0,0,0,0,1,1,0.21607605877268798,0,0,1,8,1,15,7,0,31,6.698357821953327,0,6,25,0,0.0,0,0,0,0,0,0,2,2,0.43215211754537597,0,0,2,0,0,0,12,0,3,15,3.24114088159032,6,9,0,1,0,0,0.0,0.0,0,0,0,1,0,31,15,2.066666666666667,0,2.066667
K252371,/Users/winko/Library/Mobile Documents/com~apple~CloudDocs/Research/1.5-Policy/data/raw_text/K252371.txt,3142,0,0,0,0,0,0,0,0.0,0,0,0,0,0,0,0,0,0,0.0,0,0,0,0,0.0,0,0,0,0,0,0,0,0,0.0,0,0,0,0,0,0,7,0,0,7,2.227880330999364,5,2,0,0,0,0,0.0,0.0,0,0,0,1,0,0,7,0.0,0,0.000000
K252379,/Users/winko/Library/Mobile Documents/com~apple~CloudDocs/Research/1.5-Policy/data/raw_text/K252379.txt,3475,0,0,0,0,0,0,0,0.0,0,0,0,0,5,0,0,0,5,1.4388489208633093,0,3,2,0,0.0,0,0,0,0,0,0,0,0,0.0,0,0,0,0,0,0,5,0,0,5,1.4388489208633093,5,0,0,0,0,0,0.0,0.0,0,0,0,1,0,5,5,1.0,0,1.000000
K252452,/Users/winko/Library/Mobile Documents/com~apple~CloudDocs/Research/1.5-Policy/data/raw_text/K252452.txt,4405,0,0,0,0,0,1,1,0.22701475595913734,1,0,0,0,1,0,0,0,1,0.22701475595913734,0,0,1,0,0.0,0,0,0,0,0,0,1,1,0.22701475595913734,0,0,1,0,0,0,7,0,16,23,5.221339387060159,15,6,2,0,0,0,0.0,0.0,0,0,0,1,0,1,23,0.043478260869565216,0,0.043478
K252482,/Users/winko/Library/Mobile Documents/com~apple~CloudDocs/Research/1.5-Policy/data/raw_text/K252482.txt,4283,0,0,0,0,0,0,0,0.0,0,0,0,3,0,4,4,0,11,2.5682932523931825,0,0,11,0,0.0,0,0,0,0,0,0,2,2,0.4669624095260332,0,0,2,0,0,0,6,0,4,10,2.334812047630166,7,3,0,0,0,0,0.0,0.0,0,0,0,1,0,11,10,1.1,0,1.100000
K252497,/Users/winko/Library/Mobile Documents/com~apple~CloudDocs/Research/1.5-Policy/data/raw_text/K252497.txt,3171,0,0,0,0,0,0,0,0.0,0,0,0,0,0,5,5,0,10,3.15357931251971,0,0,10,0,0.0,0,0,0,1,0,0,3,4,1.261431725007884,0,0,4,0,0,0,6,0,1,7,2.207505518763797,5,1,1,0,0,0,0.0,0.0,0,0,0,1,0,10,7,1.4285714285714286,0,1.428571
K252504,/Users/winko/Library/Mobile Documents/com~apple~CloudDocs/Research/1.5-Policy/data/raw_text/K252504.txt,4125,0,0,0,0,0,1,1,0.24242424242424243,0,1,0,0,0,0,0,0,0,0.0,0,0,0,0,0.0,0,0,0,0,0,0,0,0,0.0,0,0,0,0,0,0,7,0,0,7,1.696969696969697,7,0,0,0,0,0,0.0,0.0,0,0,0,1,0,0,7,0.0,0,0.000000
K252539,/Users/winko/Library/Mobile Documents/com~apple~CloudDocs/Research/1.5-Policy/data/raw_text/K252539.txt,3631,0,0,0,0,0,0,0,0.0,0,0,0,0,0,0,0,0,0,0.0,0,0,0,0,0.0,0,0,0,0,0,0,2,2,0.550812448361333,0,2,0,0,0,0,5,0,0,5,1.3770311209033324,5,0,0,0,0,0,0.0,0.0,0,0,0,1,0,0,5,0.0,0,0.000000
K252557,/Users/winko/Library/Mobile Documents/com~apple~CloudDocs/Research/1.5-Policy/data/raw_text/K252557.txt,3877,0,0,0,0,0,0,0,0.0,0,0,0,0,0,2,2,0,4,1.0317255610007738,0,0,4,0,0.0,0,0,0,0,0,0,0,0,0.0,0,0,0,0,0,0,7,0,1,8,2.0634511220015477,7,0,1,0,0,0,0.0,0.0,0,0,0,1,0,4,8,0.5,0,0.500000
K252586,/Users/winko/Library/Mobile Documents/com~apple~CloudDocs/Research/1.5-Policy/data/raw_text/K252586.txt,3604,0,0,0,0,0,0,0,0.0,0,0,0,2,2,0,0,0,4,1.1098779134295227,0,0,4,0,0.0,0,0,0,0,0,0,0,0,0.0,0,0,0,0,0,0,10,0,0,10,2.774694783573807,5,4,1,0,0,0,0.0,0.0,0,0,0,1,0,4,10,0.4,0,0.400000
K252665,/Users/winko/Library/Mobile Documents/com~apple~CloudDocs/Research/1.5-Policy/data/raw_text/K252665.txt,3390,0,0,0,0,0,4,4,1.1799410029498525,0,3,1,0,8,0,0,0,8,2.359882005899705,0,0,8,0,0.0,0,0,0,0,0,4,1,5,1.4749262536873156,0,1,4,0,0,0,10,0,1,11,3.2448377581120944,6,5,0,0,0,0,0.0,0.0,0,0,0,1,0,8,11,0.7272727272727273,0,0.727273
K252670,/Users/winko/Library/Mobile Documents/com~apple~CloudDocs/Research/1.5-Policy/data/raw_text/K252670.txt,3602,0,0,0,0,0,0,0,0.0,0,0,0,0,5,0,0,0,5,1.38811771238201,0,0,5,0,0.0,0,0,0,0,0,5,3,8,2.2209883398112162,0,4,4,0,0,0,7,0,0,7,1.943364797334814,5,2,0,0,0,0,0.0,0.0,0,0,0,1,0,5,7,0.7142857142857143,0,0.714286
K252838,/Users/winko/Library/Mobile Documents/com~apple~CloudDocs/Research/1.5-Policy/data/raw_text/K252838.txt,7299,0,0,0,0,0,0,0,0.0,0,0,0,0,0,0,0,0,0,0.0,0,0,0,0,0.0,0,0,0,0,3,5,5,13,1.781065899438279,0,0,13,0,0,0,5,0,1,6,0.8220304151253596,5,0,1,0,0,0,0.0,0.0,0,0,0,1,0,0,6,0.0,0,0.000000
K252856,/Users/winko/Library/Mobile Documents/com~apple~CloudDocs/Research/1.5-Policy/data/raw_text/K252856.txt,4809,0,0,0,0,0,4,4,0.8317737575379497,1,0,3,0,1,0,0,0,1,0.20794343938448742,0,0,1,0,0.0,0,0,0,0,0,0,1,1,0.20794343938448742,0,0,1,0,0,0,7,0,16,23,4.782699105843211,15,6,2,0,0,0,0.0,0.0,0,0,0,1,0,1,23,0.043478260869565216,0,0.043478
K252922,/Users/winko/Library/Mobile Documents/com~apple~CloudDocs/Research/1.5-Policy/data/raw_text/K252922.txt,3304,0,0,0,0,0,0,0,0.0,0,0,0,0,1,2,0,0,3,0.9079903147699758,0,1,2,0,0.0,0,0,0,1,1,1,4,7,2.1186440677966103,0,2,5,0,0,0,11,0,0,11,3.3292978208232444,5,6,0,1,1,0,1.0,0.0,0,0,0,1,0,3,11,0.2727272727272727,0,0.272727
K253091,/Users/winko/Library/Mobile Documents/com~apple~CloudDocs/Research/1.5-Policy/data/raw_text/K253091.txt,5150,0,0,0,0,0,0,0,0.0,0,0,0,0,0,0,0,0,0,0.0,0,0,0,0,0.0,0,0,0,0,0,0,2,2,0.38834951456310685,1,1,0,0,0,0,7,0,0,7,1.3592233009708738,7,0,0,0,0,0,0.0,0.0,0,0,0,1,0,0,7,0.0,0,0.000000
K253141,/Users/winko/Library/Mobile Documents/com~apple~CloudDocs/Research/1.5-Policy/data/raw_text/K253141.txt,3198,0,0,0,0,0,0,0,0.0,0,0,0,0,1,0,0,0,1,0.31269543464665417,0,0,1,0,0.0,0,0,0,0,0,0,0,0,0.0,0,0,0,0,0,0,9,0,0,9,2.8142589118198873,5,4,0,0,0,0,0.0,0.0,0,0,0,1,0,1,9,0.1111111111111111,0,0.111111
K253265,/Users/winko/Library/Mobile Documents/com~apple~CloudDocs/Research/1.5-Policy/data/raw_text/K253265.txt,4630,0,0,0,0,0,0,0,0.0,0,0,0,0,0,23,24,0,47,10.151187904967603,0,6,41,0,0.0,0,0,0,0,0,7,11,18,3.8876889848812093,0,8,10,0,0,0,7,0,1,8,1.7278617710583153,8,0,0,0,0,0,0.0,0.0,0,0,0,1,0,47,8,5.875,0,5.875000
K253269,/Users/winko/Library/Mobile Documents/com~apple~CloudDocs/Research/1.5-Policy/data/raw_text/K253269.txt,5208,0,0,0,0,0,0,0,0.0,0,0,0,0,1,0,0,0,1,0.19201228878648233,0,0,1,0,0.0,0,0,0,0,2,0,0,2,0.38402457757296465,0,0,2,0,0,0,10,0,0,10,1.9201228878648233,8,2,0,0,0,0,0.0,0.0,0,0,0,1,0,1,10,0.1,0,0.100000
K253310,/Users/winko/Library/Mobile Documents/com~apple~CloudDocs/Research/1.5-Policy/data/raw_text/K253310.txt,2571,0,0,0,0,0,0,0,0.0,0,0,0,0,0,0,0,0,0,0.0,0,0,0,0,0.0,0,0,0,0,0,0,0,0,0.0,0,0,0,0,0,0,5,0,0,5,1.9447685725398676,5,0,0,0,0,0,0.0,0.0,0,0,0,1,0,0,5,0.0,0,0.000000
K253489,/Users/winko/Library/Mobile Documents/com~apple~CloudDocs/Research/1.5-Policy/data/raw_text/K253489.txt,3568,0,0,0,0,0,0,0,0.0,0,0,0,0,1,0,0,0,1,0.2802690582959641,0,0,1,0,0.0,0,0,0,0,3,5,5,13,3.6434977578475336,0,0,13,0,0,0,7,0,1,8,2.242152466367713,7,1,0,0,0,0,0.0,0.0,0,0,0,1,0,1,8,0.125,0,0.125000
K253516,/Users/winko/Library/Mobile Documents/com~apple~CloudDocs/Research/1.5-Policy/data/raw_text/K253516.txt,2578,0,0,0,0,0,0,0,0.0,0,0,0,0,0,0,0,0,0,0.0,0,0,0,0,0.0,0,0,0,0,0,0,0,0,0.0,0,0,0,0,0,0,6,0,0,6,2.3273855702094646,5,1,0,0,0,0,0.0,0.0,0,0,0,1,0,0,6,0.0,0,0.000000
K253532,/Users/winko/Library/Mobile Documents/com~apple~CloudDocs/Research/1.5-Policy/data/raw_text/K253532.txt,3565,0,0,0,0,0,0,0,0.0,0,0,0,0,0,0,0,0,0,0.0,0,0,0,0,0.0,0,0,0,1,4,0,1,6,1.683029453015428,0,0,6,0,0,0,6,0,0,6,1.683029453015428,5,1,0,0,0,0,0.0,0.0,0,0,0,1,0,0,6,0.0,0,0.000000
K253664,/Users/winko/Library/Mobile Documents/com~apple~CloudDocs/Research/1.5-Policy/data/raw_text/K253664.txt,3492,0,0,0,0,0,0,0,0.0,0,0,0,0,0,0,0,0,0,0.0,0,0,0,0,0.0,0,0,0,0,0,0,0,0,0.0,0,0,0,0,0,0,8,0,0,8,2.2909507445589923,5,3,0,0,0,0,0.0,0.0,0,0,0,1,0,0,8,0.0,0,0.000000
K955841,/Users/winko/Library/Mobile Documents/com~apple~CloudDocs/Research/1.5-Policy/data/raw_text/K955841.txt,6264,0,0,0,0,0,0,0,0.0,0,0,0,0,0,0,0,0,0,0.0,0,0,0,0,0.0,0,0,0,0,0,0,1,1,0.15964240102171137,0,1,0,0,0,0,3,0,0,3,0.4789272030651341,3,0,0,0,0,0,0.0,0.0,0,0,0,1,0,0,3,0.0,0,0.000000
P000041,/Users/winko/Library/Mobile Documents/com~apple~CloudDocs/Research/1.5-Policy/data/raw_text/P000041.txt,2399,0,0,0,0,0,0,0,0.0,0,0,0,0,0,1,0,0,1,0.41684035014589416,0,0,1,0,0.0,0,0,0,0,0,0,0,0,0.0,0,0,0,0,0,0,0,0,0,0,0.0,0,0,0,0,0,0,0.0,0.0,0,0,0,1,0,1,0,inf,1,
P010034,/Users/winko/Library/Mobile Documents/com~apple~CloudDocs/Research/1.5-Policy/data/raw_text/P010034.txt,2307,0,0,0,0,0,0,0,0.0,0,0,0,0,0,1,0,0,1,0.43346337234503685,0,0,1,0,0.0,0,0,0,0,0,0,0,0,0.0,0,0,0,0,0,0,0,0,0,0,0.0,0,0,0,0,0,0,0.0,0.0,0,0,0,1,0,1,0,inf,1,
P040028,/Users/winko/Library/Mobile Documents/com~apple~CloudDocs/Research/1.5-Policy/data/raw_text/P040028.txt,2596,0,0,0,0,0,0,0,0.0,0,0,0,0,0,1,0,0,1,0.3852080123266564,0,0,1,0,0.0,0,0,0,0,0,0,2,2,0.7704160246533128,2,0,0,0,0,0,0,0,0,0,0.0,0,0,0,0,0,0,0.0,0.0,0,0,0,1,0,1,0,inf,1,
P090012,/Users/winko/Library/Mobile Documents/com~apple~CloudDocs/Research/1.5-Policy/data/raw_text/P090012.txt,2347,0,0,0,0,0,0,0,0.0,0,0,0,0,0,4,0,0,4,1.7043033659991478,0,4,0,0,0.0,0,0,0,1,1,1,1,4,1.7043033659991478,0,4,0,0,0,0,0,0,0,0,0.0,0,0,0,0,0,0,0.0,0.0,0,0,0,1,0,4,0,inf,1,
P110014,/Users/winko/Library/Mobile Documents/com~apple~CloudDocs/Research/1.5-Policy/data/raw_text/P110014.txt,1772,0,0,0,0,0,0,0,0.0,0,0,0,0,3,2,2,0,7,3.9503386004514676,0,7,0,0,0.0,0,0,0,0,0,0,0,0,0.0,0,0,0,0,0,0,0,0,0,0,0.0,0,0,0,0,0,0,0.0,0.0,0,0,0,1,0,7,0,inf,1,
P140011_S008,/Users/winko/Library/Mobile Documents/com~apple~CloudDocs/Research/1.5-Policy/data/raw_text/P140011_S008.txt,1429,0,0,0,0,0,0,0,0.0,0,0,0,0,0,0,0,0,0,0.0,0,0,0,0,0.0,0,0,0,0,0,0,0,0,0.0,0,0,0,0,0,0,1,0,0,1,0.6997900629811056,1,0,0,0,0,0,0.0,0.0,0,0,0,1,0,0,1,0.0,0,0.000000
P150043,/Users/winko/Library/Mobile Documents/com~apple~CloudDocs/Research/1.5-Policy/data/raw_text/P150043.txt,1417,0,0,0,0,0,0,0,0.0,0,0,0,0,0,0,0,0,0,0.0,0,0,0,0,0.0,0,0,0,0,0,0,0,0,0.0,0,0,0,0,0,0,1,0,0,1,0.7057163020465773,1,0,0,0,0,0,0.0,0.0,0,0,0,1,0,0,1,0.0,0,0.000000
P150046,/Users/winko/Library/Mobile Documents/com~apple~CloudDocs/Research/1.5-Policy/data/raw_text/P150046.txt,1562,0,0,0,0,0,0,0,0.0,0,0,0,0,0,0,0,0,0,0.0,0,0,0,0,0.0,0,0,0,0,0,0,0,0,0.0,0,0,0,0,0,0,1,0,0,1,0.6402048655569782,0,1,0,0,0,0,0.0,0.0,0,0,0,1,0,0,1,0.0,0,0.000000
P160009,/Users/winko/Library/Mobile Documents/com~apple~CloudDocs/Research/1.5-Policy/data/raw_text/P160009.txt,1452,0,0,0,0,0,0,0,0.0,0,0,0,0,0,0,0,0,0,0.0,0,0,0,0,0.0,0,0,0,0,0,0,0,0,0.0,0,0,0,0,0,0,1,0,0,1,0.6887052341597797,0,1,0,0,0,0,0.0,0.0,0,0,0,1,0,0,1,0.0,0,0.000000
P200003,/Users/winko/Library/Mobile Documents/com~apple~CloudDocs/Research/1.5-Policy/data/raw_text/P200003.txt,1741,0,0,0,0,0,0,0,0.0,0,0,0,0,0,0,0,0,0,0.0,0,0,0,0,0.0,0,0,0,0,0,0,0,0,0.0,0,0,0,0,0,0,1,0,0,1,0.5743825387708213,0,1,0,0,0,0,0.0,0.0,0,0,0,1,0,0,1,0.0,0,0.000000
P210011,/Users/winko/Library/Mobile Documents/com~apple~CloudDocs/Research/1.5-Policy/data/raw_text/P210011.txt,1766,0,0,0,0,0,0,0,0.0,0,0,0,0,0,0,0,0,0,0.0,0,0,0,0,0.0,0,0,0,0,0,0,0,0,0.0,0,0,0,0,0,0,1,0,0,1,0.5662514156285391,0,1,0,0,0,0,0.0,0.0,0,0,0,1,0,0,1,0.0,0,0.000000
P210015,/Users/winko/Library/Mobile Documents/com~apple~CloudDocs/Research/1.5-Policy/data/raw_text/P210015.txt,2453,0,0,0,0,0,0,0,0.0,0,0,0,0,0,1,0,0,1,0.40766408479412963,0,1,0,0,0.0,0,0,0,0,0,0,2,2,0.8153281695882593,2,0,0,0,0,0,1,0,0,1,0.40766408479412963,0,1,0,0,0,0,0.0,0.0,0,0,0,1,0,1,1,1.0,0,1.000000
P230022,/Users/winko/Library/Mobile Documents/com~apple~CloudDocs/Research/1.5-Policy/data/raw_text/P230022.txt,2421,0,0,0,0,0,0,0,0.0,0,0,0,0,0,0,0,0,0,0.0,0,0,0,0,0.0,0,0,0,0,0,0,0,0,0.0,0,0,0,0,0,0,1,0,0,1,0.4130524576621231,0,1,0,0,0,0,0.0,0.0,0,0,0,1,0,0,1,0.0,0,0.000000
