device_id,has_a_normative_fairness,has_a_legacy_with_representation,has_a_representation_demographic,has_b,has_c,has_scenario_explicit,has_scenario_setting,has_scenario_workflow,has_scenario_population,has_fairness_broad,has_demographic,has_subgroup,normative_terms_hit,has_representation_token,representation_category
K003301,False,False,False,False,True,False,True,False,False,False,False,False,,False,
K033840,False,False,False,False,True,False,True,False,False,False,False,False,,False,
K043341,False,False,False,False,True,False,True,False,True,False,False,False,,False,
K080595,False,False,False,True,True,False,True,False,False,False,False,False,,False,
K080762,False,False,False,True,True,False,True,False,False,False,False,False,,False,
K080896,False,False,False,True,True,False,True,False,False,False,False,False,,False,
K081140,False,True,False,True,True,False,True,False,False,False,False,False,,True,technical_ml
K082483,False,False,False,True,True,False,True,False,False,False,False,False,,False,
K092116,False,False,False,True,True,False,True,False,False,False,False,False,,False,
K092967,False,False,False,True,True,False,True,False,False,False,False,False,,False,
K102778,False,False,False,True,True,False,True,False,False,False,False,False,,False,
K111776,False,False,False,True,True,False,True,False,False,False,False,False,,False,
K120161,False,False,False,True,True,False,True,False,False,False,False,False,,False,
K120489,False,False,False,True,True,False,True,False,False,False,False,False,,False,
K120771,False,False,False,True,True,False,True,False,False,True,False,False,,False,
K121617,False,False,False,True,True,False,True,False,False,False,False,False,,False,
K123526,False,False,False,True,True,False,True,False,False,False,False,False,,False,
K130831,False,False,False,False,True,False,True,True,True,False,False,False,,False,
K131044,False,False,False,True,True,False,True,True,False,False,False,False,,False,
K133259,False,False,False,True,True,False,True,True,False,True,False,False,,False,
K133649,False,False,False,True,True,False,True,False,False,False,False,False,,False,
K141069,False,False,False,True,False,False,True,False,False,False,False,False,,False,
K141480,False,False,False,True,False,False,True,False,False,False,False,False,,False,
K141922,False,False,False,True,True,False,True,True,False,False,True,False,,False,
K142037,False,False,False,True,True,False,True,False,False,False,False,False,,False,
K142512,False,False,False,True,True,False,True,False,True,False,False,False,,False,
K142918,False,False,False,True,True,False,True,False,False,False,True,False,,False,
K143643,False,False,False,True,True,False,True,False,False,False,False,False,,False,
K150102,False,False,False,True,False,False,True,False,False,False,False,False,,False,
K150817,False,False,False,True,True,False,True,False,False,True,False,False,,False,
K152733,False,False,False,True,True,False,True,False,False,True,False,False,,False,
K153351,False,False,False,True,True,False,True,False,False,False,False,False,,False,
K153427,False,False,False,True,True,False,True,False,False,False,False,False,,False,
K160016,False,False,False,True,True,False,True,False,True,False,False,False,,False,
K160088,False,False,False,True,True,False,True,False,False,True,False,False,,False,
K160338,False,False,False,True,True,False,True,False,False,True,False,False,,False,
K160401,False,False,False,True,True,False,True,False,False,False,False,False,,False,
K161068,False,False,False,True,True,False,True,False,False,False,False,False,,False,
K161148,False,False,False,True,True,False,True,False,False,False,False,False,,False,
K161201,False,False,False,True,True,False,True,False,False,True,False,False,,False,
K161322,False,False,False,True,True,False,True,False,False,False,False,False,,False,
K161382,False,False,False,True,True,False,True,False,False,False,False,False,,False,
K161625,False,False,False,True,True,True,True,False,False,False,False,False,,False,
K161772,False,False,False,True,True,False,True,False,False,False,False,False,,False,
K161834,False,False,False,True,False,False,True,False,False,False,False,False,,False,
K161959,False,False,False,True,True,False,True,False,False,True,False,False,,False,
K162830,False,False,False,True,True,False,True,True,False,False,False,False,,False,
K162855,False,False,False,True,True,False,True,False,False,False,False,False,,False,
K163013,False,False,False,True,True,False,True,False,False,False,False,False,,False,
K163138,False,False,False,True,True,False,True,False,False,False,False,False,,False,
K163253,False,False,False,True,True,False,True,True,False,False,False,False,,False,
K163339,False,False,False,True,True,False,True,False,False,False,False,False,,False,
K163622,False,False,False,True,True,False,True,False,True,True,False,False,,False,
K163623,False,False,False,True,True,False,True,False,False,False,False,False,,False,
K163665,False,False,False,True,True,False,True,False,True,False,False,False,,False,
K163694,False,False,False,True,True,False,True,False,False,False,False,False,,False,
K170069,False,False,False,True,True,False,True,False,False,False,False,False,,False,
K170172,False,False,False,True,True,False,True,False,False,False,False,False,,False,
K170250,False,True,True,True,True,False,True,False,True,False,False,False,,True,demographic_fairness
K170540,False,False,False,True,True,False,True,False,True,False,False,False,,False,
K170568,False,False,False,True,True,False,True,False,True,False,False,False,,False,
K170747,False,False,False,True,True,False,True,True,False,True,False,False,,False,
K170981,False,False,False,True,True,False,True,True,False,False,False,False,,False,
K171056,False,False,False,True,True,False,True,False,True,True,False,False,,False,
K171122,False,False,False,True,True,False,True,False,False,False,False,False,,False,
K171315,False,False,False,True,True,False,True,True,True,False,False,False,,False,
K171328,False,False,False,True,True,False,True,True,False,True,False,False,,False,
K171936,False,False,False,True,True,False,True,True,False,False,False,False,,False,
K172122,False,False,False,True,True,False,True,False,False,False,False,False,,False,
K172356,False,False,False,True,True,False,True,False,False,False,False,False,,False,
K172385,False,False,False,True,True,False,True,False,False,False,False,False,,False,
K172507,False,False,False,True,True,False,True,False,False,False,False,False,,False,
K172803,False,False,False,True,False,False,True,True,False,False,True,False,,False,
K172959,False,False,False,True,True,False,True,False,True,False,True,False,,False,
K172983,False,False,False,False,True,False,True,False,False,False,False,False,,False,
K173327,False,False,False,True,True,False,True,True,False,True,False,False,,False,
K173420,False,False,False,True,True,True,True,False,False,False,False,False,,False,
K173444,False,False,False,False,True,False,True,True,False,False,False,False,,False,
K173542,False,False,False,True,True,False,True,True,False,True,False,False,,False,
K173574,False,False,False,True,True,False,True,False,True,False,False,False,,False,
K173588,False,False,False,True,True,False,True,True,False,True,False,False,,False,
K173605,False,False,False,True,True,False,True,False,False,True,False,False,,False,
K173749,False,False,False,False,False,False,True,False,False,False,False,False,,False,
K173780,False,False,False,True,True,False,True,False,False,True,False,False,,False,
K173810,False,False,False,True,True,False,True,False,False,False,False,False,,False,
K173821,False,False,False,False,True,True,True,False,False,False,False,False,,False,
K173839,False,False,False,True,True,False,True,False,False,False,False,False,,False,
K173872,False,False,False,True,True,False,True,False,False,False,False,False,,False,
K173939,False,False,False,True,True,False,True,False,False,False,False,False,,False,
K180038,False,True,False,True,True,False,True,False,False,False,False,False,,True,technical_ml
K180091,False,False,False,True,True,False,True,False,False,False,False,False,,False,
K180126,False,False,False,True,True,False,True,False,False,False,False,False,,False,
K180161,False,False,False,True,True,False,True,False,True,False,False,False,,False,
K180163,False,False,False,True,True,False,True,False,False,False,True,False,,False,
K180343,False,False,False,True,True,False,True,False,False,True,False,False,,False,
K180432,False,False,False,True,True,False,True,False,True,False,True,False,,False,
K180589,False,False,False,True,True,False,True,True,False,False,False,False,,False,
K180599,False,False,False,True,True,False,True,True,False,False,False,False,,False,
K180647,False,False,False,False,True,False,True,True,False,False,False,False,,False,
K180799,False,False,False,True,True,False,True,False,False,True,False,False,,False,
K180867,False,False,False,True,True,False,True,True,False,False,False,False,,False,
K181247,False,False,False,True,True,False,True,True,True,True,False,False,,False,
K181288,False,False,False,True,True,False,True,False,False,True,False,False,,False,
K181352,False,False,False,True,True,False,True,False,True,False,False,False,,False,
K181502,False,False,False,True,True,False,True,False,True,True,False,False,,False,
K181572,False,False,False,True,True,False,True,True,False,False,False,False,,False,
K181574,False,False,False,True,True,False,True,False,False,True,False,False,,False,
K181685,False,False,False,True,True,False,True,True,False,False,False,False,,False,
K181704,False,False,False,True,True,False,True,True,True,True,False,False,,False,
K181771,False,False,False,True,True,False,True,False,False,False,False,False,,False,
K181823,False,False,False,True,True,False,True,False,False,False,False,False,,False,
K181861,False,False,False,True,True,False,True,False,True,False,False,True,,False,
K181892,False,False,False,True,False,False,True,True,False,False,False,False,,False,
K181916,False,False,False,True,True,False,True,False,False,True,False,False,,False,
K181939,False,False,False,False,True,False,True,False,False,False,False,False,,False,
K181988,False,True,False,False,True,False,True,False,False,False,False,False,,True,technical_ml
K182034,False,False,False,True,True,True,True,True,True,False,False,False,,False,
K182035,False,False,False,False,True,False,True,False,False,False,False,False,,False,
K182112,False,False,False,False,True,False,True,False,False,False,False,False,,False,
K182130,False,True,False,True,True,False,True,False,True,False,False,False,,True,unclear_manual_review
K182149,False,False,False,True,True,False,True,False,True,True,False,True,,False,
K182177,False,False,False,False,True,False,True,True,False,False,False,False,,False,
K182181,False,False,False,True,True,False,True,False,False,False,False,False,,False,
K182218,False,True,True,True,True,False,True,False,True,True,True,False,,True,demographic_fairness
K182310,False,False,False,True,True,False,True,False,False,False,False,False,,False,
K182336,False,False,False,False,True,False,True,True,False,False,False,False,,False,
K182344,False,False,False,True,True,False,True,False,True,False,False,False,,False,
K182373,False,False,False,True,True,False,True,False,True,True,False,True,,False,
K182384,False,False,False,True,True,False,True,True,False,True,False,False,,False,
K182419,False,False,False,True,True,False,True,True,False,False,False,False,,False,
K182456,False,False,False,True,True,False,True,False,False,True,False,False,,False,
K182513,False,False,False,False,True,False,True,False,False,False,False,False,,False,
K182564,False,False,False,True,True,False,True,True,False,False,False,False,,False,
K182616,False,False,False,False,True,False,True,False,False,False,False,False,,False,
K182790,False,False,False,True,True,False,True,False,False,False,False,False,,False,
K182798,False,False,False,True,True,False,True,False,False,False,False,False,,False,
K182875,False,False,False,False,True,False,True,True,False,False,False,False,,False,
K182901,False,False,False,True,True,False,True,False,False,False,False,False,,False,
K183012,False,False,False,True,True,False,True,True,False,True,False,False,,False,
K183019,False,False,False,False,True,False,True,True,False,False,False,False,,False,
K183046,False,False,False,True,True,False,True,False,False,False,False,False,,False,
K183089,False,False,False,True,True,False,True,False,False,False,False,False,,False,
K183133,False,False,False,True,True,False,True,True,False,True,False,False,,False,
K183182,False,False,False,False,True,False,True,False,False,False,False,False,,False,
K183202,False,False,False,True,True,False,True,True,False,False,False,False,,False,
K183204,False,False,False,False,True,True,True,False,False,False,False,False,,False,
K183231,False,False,False,False,True,False,True,True,False,False,False,False,,False,
K183268,False,False,False,True,True,False,True,True,False,True,False,True,,False,
K183271,False,False,False,True,True,False,True,True,False,True,False,True,,False,
K183272,False,False,False,True,True,False,True,True,False,True,False,False,,False,
K183274,False,False,False,True,True,False,True,False,False,True,False,False,,False,
K183282,False,False,False,True,True,False,True,False,False,False,False,False,,False,
K183285,False,False,False,False,True,False,True,True,False,False,False,False,,False,
K183322,False,False,False,True,True,False,True,False,True,False,False,False,,False,
K183370,False,False,False,True,False,False,True,False,True,False,True,False,,False,
K183460,False,False,False,True,True,False,True,False,False,False,False,True,,False,
K183489,False,False,False,False,True,False,True,False,False,False,False,False,,False,
K183593,False,False,False,False,False,False,False,False,False,False,False,False,,False,
K183646,False,False,False,True,True,False,True,False,False,False,False,False,,False,
K183648,False,False,False,False,True,False,True,False,False,False,False,False,,False,
K183704,False,False,False,True,True,False,True,False,False,False,False,False,,False,
K190013,False,False,False,True,True,False,True,True,True,True,False,False,,False,
K190017,False,False,False,True,True,True,True,True,False,True,False,False,,False,
K190072,False,False,False,False,True,False,True,True,False,False,False,False,,False,
K190334,False,False,False,True,True,False,True,False,True,False,False,False,,False,
K190362,False,False,False,False,True,False,True,True,False,False,False,False,,False,
K190387,False,False,False,False,True,False,True,True,False,False,False,False,,False,
K190424,False,False,False,False,True,False,True,True,False,False,False,False,,False,
K190442,False,False,False,False,True,False,True,False,True,False,True,False,,False,
K190529,False,False,False,False,True,False,True,False,True,False,False,False,,False,
K190593,False,False,False,True,True,False,True,False,False,False,False,False,,False,
K190764,False,False,False,True,True,False,True,False,True,False,True,False,,False,
K190815,False,False,False,True,True,False,True,True,False,False,False,True,,False,
K190868,False,False,False,True,True,False,True,False,False,True,False,False,,False,
K190896,False,False,False,False,True,False,True,True,False,False,False,False,,False,
K190898,False,False,False,True,True,False,True,False,False,True,False,False,,False,
K190925,False,False,False,True,False,False,True,False,False,False,False,False,,False,
K191026,False,False,False,False,True,False,True,False,False,False,False,False,,False,
K191083,False,False,False,False,True,False,True,False,False,False,False,False,,False,
K191125,False,False,False,False,True,False,True,True,False,False,False,False,,False,
K191171,False,False,False,True,True,False,True,True,True,True,False,False,,False,
K191179,False,False,False,True,True,False,True,False,False,False,False,False,,False,
K191183,False,False,False,True,True,False,True,False,True,False,False,False,,False,
K191194,False,False,False,True,True,False,True,True,False,True,False,False,,False,
K191262,False,False,False,False,True,False,True,False,False,False,False,False,,False,
K191278,False,False,False,False,True,False,True,False,False,False,False,False,,False,
K191370,False,False,False,True,True,False,True,False,True,True,False,False,,False,
K191384,False,False,False,False,True,False,True,True,False,False,False,False,,False,
K191493,False,False,False,False,True,False,True,False,False,False,False,False,,False,
K191550,False,False,False,False,True,False,True,True,False,False,False,False,,False,
K191556,False,False,False,False,True,True,True,True,False,False,False,False,,False,
K191585,False,False,False,True,True,False,True,True,False,True,False,False,,False,
K191647,False,False,False,True,True,False,True,True,False,False,False,False,,False,
K191688,False,False,False,False,True,False,True,True,False,False,False,False,,False,
K191713,False,False,False,True,True,False,True,False,False,False,True,False,,False,
K191928,False,False,False,False,True,False,True,False,False,False,False,False,,False,
K191994,False,False,False,True,True,False,True,False,True,True,False,False,,False,
K192004,False,False,False,True,True,False,True,False,False,False,False,False,,False,
K192051,False,False,False,True,True,False,True,True,False,False,False,False,,False,
K192065,False,False,False,True,True,False,True,True,False,True,False,False,,False,
K192107,False,False,False,True,True,False,True,False,False,False,False,False,,False,
K192109,False,False,False,False,True,False,True,False,False,False,False,False,,False,
K192130,False,True,True,True,True,False,True,False,False,False,False,False,,True,demographic_fairness
K192167,False,False,False,False,True,False,True,True,False,False,False,False,,False,
K192279,False,False,False,True,True,False,True,False,False,False,False,False,,False,
K192287,False,False,False,True,True,False,True,False,True,True,False,False,,False,
K192304,False,False,False,False,True,False,True,True,False,False,False,False,,False,
K192320,False,False,False,False,True,False,True,True,False,False,False,False,,False,
K192377,False,False,False,True,True,False,True,True,False,False,False,False,,False,
K192383,False,False,False,False,True,False,True,True,False,False,False,False,,False,
K192388,False,False,False,True,True,False,True,False,False,False,False,False,,False,
K192415,False,False,False,True,True,False,True,False,False,False,False,False,,False,
K192437,False,False,False,True,True,False,True,True,True,False,False,False,,False,
K192442,False,False,False,True,True,False,True,True,True,True,False,False,,False,
K192455,False,False,False,True,True,False,True,True,False,False,False,False,,False,
K192531,False,False,False,True,True,True,True,False,False,True,False,False,,False,
K192571,False,False,False,False,False,False,True,False,False,False,False,False,,False,
K192574,False,False,False,True,True,False,True,False,False,False,False,False,,False,
K192601,False,False,False,True,True,False,True,False,False,False,False,False,,False,
K192665,False,False,False,True,True,False,True,False,True,False,False,False,,False,
K192732,False,False,False,True,True,False,True,False,False,False,False,False,,False,
K192763,False,False,False,True,True,False,True,True,False,False,False,False,,False,
K192828,False,False,False,True,True,False,True,False,False,False,False,False,,False,
K192832,False,False,False,True,True,False,True,False,False,False,False,False,,False,
K192854,False,False,False,False,True,False,True,False,True,True,False,False,,False,
K192880,False,False,False,True,True,False,True,False,False,False,False,False,,False,
K192901,False,False,False,False,True,False,True,True,False,False,False,False,,False,
K192945,False,False,False,True,True,True,True,True,False,True,False,False,,False,
K192956,False,False,False,True,True,False,True,True,False,True,False,False,,False,
K192962,False,True,False,False,True,False,True,False,True,False,False,False,,True,unclear_manual_review
K192969,False,False,False,True,True,False,True,True,False,False,False,False,,False,
K192973,False,False,False,False,True,False,True,False,True,False,False,False,,False,
K193073,False,False,False,True,True,False,True,True,False,True,False,False,,False,
K193087,False,False,False,True,True,False,True,True,False,False,False,False,,False,
K193097,False,False,False,True,True,False,True,False,False,False,False,False,,False,
K193109,False,False,False,True,True,False,True,True,False,False,False,False,,False,
K193170,False,False,False,True,True,False,True,True,False,False,False,False,,False,
K193176,False,False,False,False,True,False,True,False,False,False,False,False,,False,
K193178,False,False,False,True,True,False,True,True,False,True,False,False,,False,
K193210,False,False,False,True,True,False,True,True,False,True,False,False,,False,
K193216,False,False,False,True,True,False,True,True,False,True,False,False,,False,
K193220,False,False,False,True,True,False,True,True,False,False,False,False,,False,
K193229,False,False,False,True,True,False,True,True,True,True,False,False,,False,
K193248,False,False,False,True,True,False,True,True,False,True,False,False,,False,
K193252,False,False,False,False,True,False,True,True,False,False,False,False,,False,
K193267,False,False,False,True,True,False,True,True,False,True,False,True,,False,
K193271,False,False,False,False,True,False,True,True,True,False,False,False,,False,
K193281,False,False,False,False,True,False,True,True,False,True,False,False,,False,
K193282,False,False,False,True,True,True,True,False,True,True,False,False,,False,
K193283,False,False,False,True,True,False,True,True,False,True,False,False,,False,
K193287,False,False,False,False,True,False,True,False,True,False,False,False,,False,
K193289,False,False,False,True,True,False,True,True,False,True,False,False,,False,
K193290,False,False,False,True,True,False,True,True,False,True,False,False,,False,
K193294,False,False,False,True,True,False,True,True,False,True,False,False,,False,
K193298,False,False,False,False,True,False,True,True,False,False,False,False,,False,
K193300,False,False,False,False,True,False,True,True,False,False,False,False,,False,
K193306,False,False,False,False,True,True,True,True,True,False,False,False,,False,
K193351,False,False,False,False,True,False,True,True,False,False,True,False,,False,
K193417,False,False,False,True,True,False,True,False,True,True,False,False,,False,
K193518,False,False,False,True,True,False,True,False,False,False,False,False,,False,
K193562,False,False,False,True,True,False,True,True,False,True,False,False,,False,
K193631,False,True,False,True,True,False,True,False,False,False,False,False,,True,unclear_manual_review
K193658,False,False,False,False,True,False,True,True,False,False,False,False,,False,
K200036,False,False,False,True,True,False,True,False,False,False,False,False,,False,
K200232,False,False,False,False,True,False,True,False,False,False,True,False,,False,
K200323,False,False,False,True,True,False,True,True,False,False,False,False,,False,
K200356,False,False,False,False,True,False,True,True,False,False,False,False,,False,
K200497,False,False,False,True,True,False,True,True,False,False,False,False,,False,
K200569,False,False,False,False,True,False,True,True,False,False,False,False,,False,
K200595,False,False,False,False,True,False,True,False,True,False,False,False,,False,
K200621,False,False,False,True,True,False,True,False,False,False,False,False,,False,
K200667,False,False,False,True,True,False,True,False,True,True,True,True,,False,
K200708,False,False,False,True,True,False,True,False,False,False,False,False,,False,
K200714,False,False,False,True,True,False,True,True,False,False,False,False,,False,
K200717,False,False,False,True,True,False,True,False,False,False,False,False,,False,
K200743,False,False,False,True,True,False,True,True,False,False,False,False,,False,
K200750,False,False,False,True,True,False,True,True,False,False,False,False,,False,
K200755,False,False,False,False,True,False,True,False,False,False,False,False,,False,
K200760,False,True,False,True,True,False,True,True,True,True,False,True,,True,unclear_manual_review
K200828,False,False,False,True,True,False,True,False,False,True,False,False,,False,
K200833,False,False,False,True,True,False,True,False,False,False,False,False,,False,
K200851,False,False,False,True,True,False,True,False,False,False,False,False,,False,
K200852,False,False,False,True,True,False,True,False,False,False,False,False,,False,
K200855,False,False,False,False,True,False,True,True,False,False,False,False,,False,
K200873,False,False,False,False,True,False,True,True,False,False,False,False,,False,
K200905,False,False,False,False,True,False,True,True,False,False,False,False,,False,
K200921,False,False,False,False,True,False,True,True,False,False,False,False,,False,
K200941,False,True,False,True,True,False,True,True,True,False,False,False,,True,unclear_manual_review
K200974,False,False,False,False,True,False,True,True,False,False,False,False,,False,
K200980,False,False,False,False,True,False,True,False,True,False,False,False,,False,
K200990,False,False,False,True,True,True,True,True,False,True,False,False,,False,
K201012,False,False,False,True,True,False,True,False,False,False,False,False,,False,
K201019,False,False,False,True,True,False,True,True,False,True,False,False,,False,
K201020,False,False,False,False,True,False,True,True,False,False,False,False,,False,
K201034,False,False,False,True,True,False,True,True,False,True,False,False,,False,
K201039,False,True,True,True,True,False,True,False,True,False,True,False,,True,demographic_fairness
K201103,False,False,False,True,True,True,True,True,False,False,False,False,,False,
K201195,False,False,False,True,True,False,True,True,False,True,False,False,,False,
K201232,False,False,False,False,True,True,True,False,False,False,False,False,,False,
K201298,False,False,False,True,True,False,True,False,False,False,False,False,,False,
K201301,False,False,False,False,True,False,True,False,False,False,False,False,,False,
K201310,False,False,False,False,True,False,True,True,False,False,False,True,,False,
K201369,False,False,False,True,True,True,True,False,False,True,False,False,,False,
K201411,False,False,False,True,True,False,True,False,True,False,False,False,,False,
K201444,False,False,False,True,True,False,True,True,False,True,False,False,,False,
K201555,False,False,False,False,True,False,True,False,True,False,False,False,,False,
K201560,False,False,False,True,True,False,True,True,False,False,False,False,,False,
K201615,False,False,False,True,True,False,True,False,False,False,False,False,,False,
K201632,False,False,False,False,True,False,True,True,False,False,False,False,,False,
K201710,False,False,False,True,True,False,True,True,False,False,False,False,,False,
K201745,False,False,False,True,True,False,True,True,False,False,False,False,,False,
K201836,False,False,False,True,True,False,True,False,False,False,False,False,,False,
K201841,False,False,False,True,True,False,True,False,True,False,False,False,,False,
K201985,False,True,True,True,True,False,True,False,False,False,False,False,,True,demographic_fairness
K201992,False,False,False,False,False,False,True,False,False,False,False,False,,False,
K202013,False,False,False,False,True,False,True,False,False,False,False,False,,False,
K202089,False,False,False,False,True,False,True,False,False,False,False,False,,False,
K202170,False,False,False,True,True,False,True,False,True,False,False,False,,False,
K202212,False,False,False,False,True,False,True,True,True,False,False,False,,False,
K202229,False,False,False,True,True,False,True,True,False,True,False,False,,False,
K202238,False,False,False,True,True,True,True,False,False,True,False,False,,False,
K202280,False,False,False,True,True,False,True,False,False,True,False,False,,False,
K202284,False,False,False,False,True,False,True,True,True,False,False,False,,False,
K202300,False,False,False,True,True,True,True,True,True,True,True,False,,False,
K202404,False,False,False,True,True,False,True,True,False,False,False,False,,False,
K202414,False,False,False,False,True,False,True,False,False,False,False,False,,False,
K202441,False,False,False,True,True,False,True,False,False,True,False,False,,False,
K202487,False,False,False,False,True,False,True,False,False,False,False,False,,False,
K202501,False,False,False,True,True,False,True,True,False,False,False,False,,False,
K202527,False,False,False,True,True,False,True,False,True,True,False,False,,False,
K202546,False,False,False,False,True,False,True,False,False,False,False,False,,False,
K202700,False,False,False,False,True,False,True,True,False,False,False,False,,False,
K202718,False,False,False,True,True,True,True,True,True,True,False,False,,False,
K202767,False,False,False,False,True,False,True,False,False,False,False,False,,False,
K202927,False,False,False,True,True,False,True,False,False,False,False,False,,False,
K202928,True,True,True,False,True,False,True,True,True,True,False,False,representativeness,False,
K202990,False,False,False,False,True,False,True,True,False,False,False,False,,False,
K202992,False,False,False,False,True,False,True,True,False,False,False,False,,False,
K203042,False,False,False,True,True,False,True,False,False,False,False,False,,False,
K203103,False,False,False,True,True,False,True,False,False,True,False,False,,False,
K203169,False,False,False,True,True,False,True,True,False,False,False,False,,False,
K203182,False,False,False,False,True,False,True,True,False,False,False,False,,False,
K203225,False,False,False,True,True,False,True,False,False,False,False,False,,False,
K203235,False,False,False,False,True,False,True,True,False,False,False,False,,False,
K203256,False,False,False,False,True,False,True,False,False,False,False,False,,False,
K203258,False,False,False,True,True,False,True,True,False,True,False,False,,False,
K203260,False,False,False,False,True,False,True,True,False,False,False,False,,False,
K203280,False,False,False,True,True,False,True,False,True,False,False,False,,False,
K203314,False,False,False,True,True,False,True,False,False,False,False,False,,False,
K203323,False,False,False,False,True,False,True,False,False,False,False,False,,False,
K203329,False,False,False,True,False,False,True,False,False,False,False,False,,False,
K203443,False,False,False,True,True,False,True,True,False,True,False,False,,False,
K203448,False,False,False,True,True,False,True,False,False,True,False,False,,False,
K203469,False,False,False,False,True,False,True,False,False,False,False,False,,False,
K203502,False,False,False,False,True,False,True,True,False,False,False,True,,False,
K203508,False,False,False,False,True,False,True,True,True,False,False,False,,False,
K203514,False,False,False,True,True,False,True,True,True,False,False,False,,False,
K203517,False,False,False,False,True,False,True,True,False,False,False,False,,False,
K203555,False,False,False,False,True,False,True,False,False,False,False,False,,False,
K203578,False,False,False,True,True,False,True,False,False,False,False,False,,False,
K203582,False,False,False,True,True,False,True,True,False,False,False,False,,False,
K203610,False,False,False,False,True,False,True,True,False,False,False,False,,False,
K203617,False,False,False,True,True,True,True,False,True,False,False,False,,False,
K203629,False,False,False,True,True,False,True,True,False,True,False,False,,False,
K203696,False,False,False,False,True,False,True,False,False,False,False,False,,False,
K203744,False,False,False,True,True,False,True,True,True,False,False,False,,False,
K203783,False,False,False,True,True,False,True,False,False,False,False,True,,False,
K203785,False,False,False,True,True,False,True,False,False,False,False,False,,False,
K203822,False,False,False,True,True,False,True,False,True,True,False,False,,False,
K210001,False,False,False,True,True,False,True,False,False,True,False,False,,False,
K210034,True,True,True,True,True,False,True,False,True,True,True,True,representativeness,False,
K210053,False,False,False,False,True,False,True,False,False,False,False,False,,False,
K210069,False,False,False,True,True,False,True,False,False,True,False,False,,False,
K210071,False,False,False,False,True,False,True,False,False,False,False,False,,False,
K210085,False,True,False,False,True,False,True,True,False,False,False,False,,True,unclear_manual_review
K210187,False,False,False,False,True,True,True,False,True,False,True,False,,False,
K210209,False,False,False,False,True,False,True,True,False,False,False,False,,False,
K210237,False,False,False,False,True,False,True,True,False,False,False,False,,False,
K210365,False,False,False,False,True,False,True,True,False,False,False,False,,False,
K210404,False,False,False,True,True,False,True,True,True,True,False,False,,False,
K210426,False,False,False,True,True,False,True,False,False,False,False,False,,False,
K210438,False,False,False,True,True,False,True,True,False,False,False,False,,False,
K210458,False,False,False,True,True,False,True,True,False,False,False,False,,False,
K210484,False,False,False,True,True,False,True,False,False,False,False,False,,False,
K210543,False,False,False,True,True,False,True,False,False,False,False,False,,False,
K210556,False,True,False,False,False,False,True,False,False,False,False,False,,True,technical_ml
K210611,False,False,False,True,True,False,True,True,False,True,False,False,,False,
K210632,False,False,False,False,True,False,True,False,False,False,False,False,,False,
K210645,False,False,False,True,True,True,True,True,True,True,False,False,,False,
K210666,False,False,False,True,True,False,True,True,True,True,False,False,,False,
K210670,False,False,False,True,True,True,True,False,True,True,True,True,,False,
K210719,False,False,False,True,True,False,True,True,True,True,True,False,,False,
K210747,False,False,False,False,True,False,True,True,False,False,False,False,,False,
K210760,False,False,False,True,True,False,True,True,False,True,False,False,,False,
K210791,False,False,False,True,True,False,True,False,False,True,True,False,,False,
K210807,False,False,False,True,True,True,True,True,False,False,False,False,,False,
K210822,False,False,False,True,True,False,True,False,True,False,False,False,,False,
K210831,False,False,False,True,True,False,True,False,False,False,False,False,,False,
K210999,False,False,False,True,True,False,True,True,False,False,False,False,,False,
K211118,False,False,False,False,True,True,True,False,False,False,False,False,,False,
K211161,False,False,False,False,True,False,True,False,False,False,False,False,,False,
K211179,False,False,False,False,True,False,True,True,False,False,False,False,,False,
K211222,False,False,False,False,True,False,True,True,False,False,False,False,,False,
K211279,False,False,False,True,True,False,True,False,False,False,False,False,,False,
K211326,False,False,False,True,True,False,True,False,False,False,False,False,,False,
K211379,False,False,False,True,True,False,True,True,True,True,False,False,,False,
K211431,False,False,False,False,True,False,True,False,False,False,True,False,,False,
K211443,False,False,False,True,True,False,True,False,False,False,True,False,,False,
K211459,False,False,False,True,True,False,True,True,False,True,False,False,,False,
K211506,False,False,False,True,True,False,True,False,True,True,False,False,,False,
K211541,False,False,False,True,True,False,True,False,True,True,False,False,,False,
K211597,False,False,False,False,True,True,True,False,False,False,False,False,,False,
K211611,False,False,False,False,True,False,True,False,True,False,True,False,,False,
K211655,False,False,False,False,True,False,True,False,False,False,False,False,,False,
K211678,False,False,False,True,True,False,True,True,False,True,False,False,,False,
K211733,False,False,False,False,True,False,True,True,False,False,False,False,,False,
K211764,False,False,False,True,True,False,True,True,False,True,False,False,,False,
K211788,False,False,False,False,True,False,True,True,False,False,False,False,,False,
K211803,False,False,False,False,True,False,True,True,False,False,False,False,,False,
K211824,False,False,False,True,True,False,True,False,False,True,False,False,,False,
K211828,False,False,False,True,True,False,True,False,False,False,False,False,,False,
K211841,False,False,False,True,True,False,True,False,False,False,False,False,,False,
K211846,False,False,False,True,True,True,True,False,True,False,False,False,,False,
K211867,False,False,False,True,True,False,True,False,False,True,False,False,,False,
K211881,False,False,False,False,True,False,True,False,False,False,False,False,,False,
K211906,False,False,False,True,True,False,True,False,True,True,False,False,,False,
K211945,False,False,False,True,True,False,True,False,False,False,False,False,,False,
K211951,False,False,False,True,True,False,True,False,False,False,False,False,,False,
K211964,False,False,False,False,True,False,True,True,False,False,False,False,,False,
K211966,False,False,False,True,True,True,True,False,True,True,True,False,,False,
K211980,False,False,False,True,True,False,True,False,False,False,False,False,,False,
K212005,False,False,False,True,True,False,True,False,False,True,False,False,,False,
K212012,False,False,False,True,True,False,True,False,False,False,False,False,,False,
K212067,False,False,False,True,True,False,True,True,False,False,False,False,,False,
K212074,False,False,False,True,True,False,True,False,False,False,False,False,,False,
K212100,False,False,False,True,True,False,True,True,False,False,False,False,,False,
K212116,False,False,False,False,True,False,True,True,False,False,False,False,,False,
K212218,False,False,False,False,True,False,True,True,False,False,False,False,,False,
K212219,False,False,False,True,True,False,True,False,True,True,False,False,,False,
K212230,False,False,False,True,True,False,True,True,False,False,False,False,,False,
K212261,False,True,True,False,True,False,True,True,False,False,False,False,,True,demographic_fairness
K212265,False,False,False,True,True,False,True,False,False,False,False,False,,False,
K212269,False,False,False,True,True,False,True,False,False,True,False,False,,False,
K212274,False,False,False,True,True,False,True,False,False,True,False,False,,False,
K212333,False,False,False,True,True,False,True,False,False,False,False,False,,False,
K212336,False,False,False,True,True,False,True,False,True,False,False,False,,False,
K212365,False,False,False,True,True,False,True,False,True,True,False,True,,False,
K212383,False,False,False,True,True,False,True,False,True,False,False,False,,False,
K212441,False,False,False,True,True,False,True,True,False,True,False,False,,False,
K212442,False,True,True,False,True,False,True,False,True,False,False,False,,True,demographic_fairness
K212456,False,False,False,False,True,True,True,False,False,False,False,False,,False,
K212466,False,False,False,False,True,False,True,False,False,False,False,False,,False,
K212516,False,True,True,True,True,True,True,False,True,False,True,False,,True,demographic_fairness
K212519,False,True,False,True,True,False,True,False,True,True,False,True,,True,unclear_manual_review
K212616,False,False,False,False,True,True,True,True,True,False,True,False,,False,
K212624,False,False,False,True,True,False,True,False,False,False,False,False,,False,
K212654,False,True,False,True,True,False,True,False,True,False,False,False,,True,unclear_manual_review
K212662,False,False,False,True,True,False,True,False,False,False,False,False,,False,
K212690,False,False,False,False,True,False,True,True,False,False,False,False,,False,
K212704,False,False,False,False,True,True,True,False,False,False,False,False,,False,
K212758,False,False,False,True,True,False,True,False,True,False,False,False,,False,
K212783,False,False,False,True,True,False,True,False,True,True,False,False,,False,
K212915,False,False,False,False,True,False,True,True,True,False,False,False,,False,
K212960,False,False,False,True,True,False,True,False,False,False,False,False,,False,
K213037,False,False,False,True,True,False,True,True,False,True,False,False,,False,
K213096,False,True,True,True,True,False,True,True,False,True,False,True,,True,demographic_fairness
K213155,False,False,False,False,True,False,True,True,False,False,False,False,,False,
K213165,False,True,False,True,True,False,True,False,True,True,False,False,,True,unclear_manual_review
K213272,False,True,False,False,True,False,True,False,True,False,True,True,,True,technical_ml
K213275,False,False,False,True,True,False,True,True,True,True,False,False,,False,
K213305,False,False,False,True,True,False,True,False,False,False,False,False,,False,
K213307,False,False,False,True,False,False,True,False,False,True,False,False,,False,
K213319,False,False,False,False,True,False,True,True,False,False,False,True,,False,
K213353,False,False,False,True,True,False,True,True,True,True,False,False,,False,
K213357,False,False,False,True,True,False,True,False,False,False,True,False,,False,
K213409,False,False,False,True,True,False,True,False,False,True,True,False,,False,
K213436,False,False,False,True,True,False,True,False,False,False,False,False,,False,
K213504,False,False,False,True,True,False,True,False,False,False,False,False,,False,
K213544,False,False,False,False,True,True,True,True,False,False,False,False,,False,
K213566,False,True,True,True,True,False,True,True,False,True,True,False,,True,demographic_fairness
K213583,False,False,False,True,True,False,True,False,False,True,False,False,,False,
K213603,False,False,False,True,True,False,True,False,False,False,False,False,,False,
K213628,False,False,False,False,True,False,True,True,False,False,False,False,,False,
K213642,False,False,False,True,True,False,True,False,False,False,False,False,,False,
K213645,False,True,True,False,True,False,True,True,False,False,False,True,,True,demographic_fairness
K213657,False,False,False,True,True,False,True,True,True,False,False,False,,False,
K213668,False,False,False,True,True,False,True,False,False,False,False,False,,False,
K213686,False,False,False,True,True,False,True,False,False,True,True,True,,False,
K213689,False,False,False,True,True,False,True,False,False,False,False,False,,False,
K213693,False,False,False,True,True,False,True,True,False,True,False,False,,False,
K213706,False,True,True,True,True,False,True,True,True,True,False,False,,True,demographic_fairness
K213713,False,False,False,True,True,False,True,True,False,True,False,True,,False,
K213717,False,False,False,False,True,False,True,True,False,False,False,False,,False,
K213721,False,False,False,False,True,False,True,True,False,False,False,False,,False,
K213725,False,False,False,True,True,True,True,True,False,False,False,False,,False,
K213737,False,False,False,True,True,False,True,True,False,False,False,False,,False,
K213760,False,False,False,True,True,False,True,False,True,True,False,False,,False,
K213776,False,True,True,True,True,False,True,False,False,False,False,False,,True,demographic_fairness
K213779,False,False,False,False,True,False,True,False,True,False,False,False,,False,
K213794,False,False,False,True,True,False,True,False,False,False,True,False,,False,
K213795,False,False,False,False,True,False,True,True,True,False,False,False,,False,
K213857,False,False,False,True,False,False,True,False,False,False,False,False,,False,
K213882,False,False,False,False,True,False,True,False,False,False,False,True,,False,
K213886,False,False,False,False,True,False,True,True,False,False,False,False,,False,
K213938,False,False,False,True,True,False,True,False,False,False,False,False,,False,
K213941,False,False,False,True,True,False,True,True,False,True,True,False,,False,
K213944,False,True,False,False,True,False,True,True,False,False,False,False,,True,unclear_manual_review
K213960,False,False,False,True,True,False,True,False,True,True,False,False,,False,
K213971,False,True,True,True,True,False,True,False,True,False,True,False,,True,demographic_fairness
K213976,False,False,False,False,True,False,True,True,False,False,False,False,,False,
K213986,False,False,False,False,True,False,True,False,False,False,True,True,,False,
K213998,False,False,False,False,True,False,True,True,False,False,True,False,,False,
K213999,False,False,False,True,True,False,True,True,False,False,False,False,,False,
K214019,False,False,False,True,True,False,True,True,False,True,False,False,,False,
K214036,False,False,False,True,True,False,True,True,False,False,False,False,,False,
K214043,False,False,False,False,True,False,True,True,True,False,False,False,,False,
K214081,False,False,False,True,True,False,True,True,False,True,False,False,,False,
K220013,False,False,False,False,True,False,True,True,False,False,False,False,,False,
K220034,False,False,False,False,True,False,True,False,False,False,False,True,,False,
K220043,False,False,False,True,True,False,True,False,False,True,False,False,,False,
K220068,False,False,False,False,True,False,True,True,True,False,True,True,,False,
K220080,False,False,False,False,True,False,True,True,False,False,False,True,,False,
K220105,False,False,False,False,True,False,True,True,True,False,False,True,,False,
K220141,False,False,False,True,True,False,True,False,False,True,False,False,,False,
K220151,False,False,False,True,True,False,True,False,False,True,False,False,,False,
K220164,False,False,False,True,True,False,True,True,True,True,False,True,,False,
K220192,False,False,False,True,True,False,True,False,False,False,False,False,,False,
K220264,False,False,False,False,True,False,True,True,False,False,False,False,,False,
K220332,False,False,False,False,True,False,True,True,False,False,True,False,,False,
K220349,False,False,False,True,True,False,True,True,False,True,False,False,,False,
K220358,False,False,False,True,True,False,True,True,False,False,True,True,,False,
K220408,False,False,False,False,True,False,True,False,False,False,False,False,,False,
K220416,False,False,False,True,True,False,True,True,False,False,True,False,,False,
K220437,False,False,False,False,True,False,True,False,False,False,False,False,,False,
K220439,False,False,False,False,True,False,True,True,False,False,False,False,,False,
K220446,False,False,False,True,True,False,True,False,False,False,False,False,,False,
K220497,False,False,False,True,True,False,True,True,False,False,False,True,,False,
K220499,False,True,False,True,True,False,True,True,True,False,True,False,,True,unclear_manual_review
K220575,False,False,False,True,True,False,True,True,False,True,False,False,,False,
K220589,False,False,False,True,True,False,True,False,False,True,False,False,,False,
K220590,False,False,False,False,True,False,True,False,False,False,False,False,,False,
K220598,False,False,False,True,True,False,True,False,False,True,False,True,,False,
K220619,False,False,False,True,True,False,True,True,False,False,True,True,,False,
K220624,False,False,False,True,True,False,True,False,False,True,False,False,,False,
K220709,False,False,False,False,True,False,True,True,False,False,False,True,,False,
K220766,False,False,False,True,True,False,True,False,False,False,False,False,,False,
K220783,False,False,False,True,True,False,True,True,False,True,False,True,,False,
K220786,False,True,False,True,True,False,True,False,False,False,False,False,,True,technical_ml
K220800,False,False,False,True,True,False,True,True,False,False,True,True,,False,
K220813,False,False,False,True,True,True,True,True,True,True,True,True,,False,
K220815,False,False,False,True,True,False,True,False,True,False,False,False,,False,
K220848,False,False,False,True,True,False,True,True,False,False,True,True,,False,
K220851,False,False,False,True,True,False,True,True,False,False,True,True,,False,
K220882,False,False,False,True,True,False,True,True,False,False,True,True,,False,
K220899,False,False,False,True,True,False,True,False,True,True,False,False,,False,
K220928,False,True,False,True,True,False,True,True,False,True,False,True,,True,unclear_manual_review
K220939,False,False,False,True,True,False,True,True,False,True,False,False,,False,
K220940,False,False,False,True,True,False,True,True,False,False,True,True,,False,
K220956,False,False,False,True,True,False,True,False,False,True,False,False,,False,
K220961,False,False,False,True,True,False,True,True,False,False,False,False,,False,
K220975,False,False,False,True,True,False,True,False,False,False,False,True,,False,
K220986,False,False,False,True,True,False,True,False,False,False,False,False,,False,
K221100,False,False,False,False,True,False,True,True,False,False,False,False,,False,
K221106,False,False,False,True,True,False,True,True,False,False,False,False,,False,
K221147,False,False,False,True,True,False,True,True,False,False,True,True,,False,
K221148,False,False,False,True,True,False,True,True,False,False,True,True,,False,
K221179,False,False,False,True,True,False,True,False,False,False,True,True,,False,
K221183,False,False,False,True,True,False,True,False,False,False,True,False,,False,
K221203,False,False,False,True,False,False,True,False,False,False,False,False,,False,
K221219,False,False,False,True,True,False,True,True,False,True,False,False,,False,
K221240,False,False,False,False,True,False,True,True,True,False,False,False,,False,
K221241,False,False,False,False,True,False,True,True,False,False,True,False,,False,
K221248,False,True,False,True,True,False,True,True,True,False,True,False,,True,unclear_manual_review
K221305,False,False,False,True,True,False,True,True,False,True,False,True,,False,
K221309,False,False,False,False,True,False,True,True,True,False,False,False,,False,
K221314,False,False,False,False,True,False,True,True,False,False,False,False,,False,
K221330,False,False,False,True,True,False,True,True,False,False,False,True,,False,
K221347,False,False,False,True,True,False,True,True,True,True,False,False,,False,
K221393,False,False,False,False,True,True,True,False,True,False,False,False,,False,
K221432,False,False,False,False,True,False,True,False,False,False,False,False,,False,
K221449,False,False,False,True,True,False,True,True,False,True,False,False,,False,
K221456,False,False,False,True,True,False,True,True,False,False,False,False,,False,
K221463,False,False,False,True,True,False,True,True,False,True,False,False,,False,
K221552,False,False,False,False,True,False,True,True,False,False,False,True,,False,
K221564,False,True,True,True,True,False,True,True,True,True,True,True,,True,demographic_fairness
K221592,False,False,False,False,True,False,True,True,False,False,False,True,,False,
K221599,False,False,False,True,True,False,True,False,False,False,True,True,,False,
K221624,False,False,False,False,True,False,True,True,True,False,False,False,,False,
K221632,False,False,False,False,True,False,True,False,False,False,False,False,,False,
K221680,False,False,False,True,True,True,True,True,False,False,False,False,,False,
K221706,False,False,False,False,True,False,True,True,False,False,False,False,,False,
K221716,False,False,False,False,True,False,True,True,False,False,False,False,,False,
K221727,False,False,False,True,True,False,True,True,False,True,False,False,,False,
K221733,False,False,False,True,True,False,True,True,False,True,False,False,,False,
K221738,False,False,False,False,True,False,True,False,False,False,False,False,,False,
K221762,False,False,False,True,True,False,True,True,True,False,True,False,,False,
K221772,False,False,False,True,True,False,True,False,False,False,True,False,,False,
K221868,True,True,True,True,True,False,True,True,True,True,True,True,representativeness,False,
K221892,False,False,False,False,True,False,True,False,False,False,False,False,,False,
K221921,False,False,False,True,True,False,True,True,True,False,False,False,,False,
K221923,False,False,False,False,True,True,True,False,True,False,False,False,,False,
K221962,False,False,False,True,False,False,True,False,True,False,False,False,,False,
K222036,False,False,False,True,True,False,True,True,True,True,False,False,,False,
K222070,False,False,False,True,True,False,True,True,True,False,False,False,,False,
K222076,False,False,False,False,True,False,True,True,False,False,False,True,,False,
K222172,False,False,False,True,True,False,True,True,False,True,False,False,,False,
K222174,False,False,False,False,True,False,True,False,False,True,True,False,,False,
K222176,False,False,False,True,True,False,True,False,True,True,False,True,,False,
K222179,False,True,True,False,True,False,True,True,False,False,True,True,,True,demographic_fairness
K222268,False,True,True,False,True,False,True,True,False,False,True,True,,True,demographic_fairness
K222275,False,False,False,False,True,False,True,True,True,False,False,False,,False,
K222277,False,False,False,False,True,False,True,True,False,False,False,True,,False,
K222312,False,False,False,False,True,True,True,False,True,True,False,False,,False,
K222329,False,False,False,False,True,False,True,True,False,False,False,False,,False,
K222360,False,False,False,True,True,False,True,True,False,True,False,True,,False,
K222361,False,False,False,True,True,False,True,True,True,True,False,False,,False,
K222389,False,False,False,True,True,False,True,False,False,True,False,False,,False,
K222406,False,False,False,True,True,True,True,True,True,True,False,False,,False,
K222428,False,False,False,True,True,False,True,False,True,True,False,False,,False,
K222458,False,False,False,True,True,False,True,False,False,False,True,False,,False,
K222579,False,False,False,True,True,False,True,False,False,False,False,False,,False,
K222593,False,False,False,False,True,False,True,True,True,False,True,False,,False,
K222676,False,False,False,False,True,False,True,False,True,False,False,True,,False,
K222692,False,False,False,False,True,False,True,True,False,False,False,False,,False,
K222728,False,False,False,False,True,False,True,True,False,False,True,True,,False,
K222745,False,False,False,False,True,False,True,False,False,False,False,False,,False,
K222746,False,False,False,True,True,False,True,False,True,True,False,True,,False,
K222755,False,False,False,False,True,False,True,True,False,False,True,False,,False,
K222803,False,False,False,False,True,False,True,True,False,False,True,False,,False,
K222819,False,False,False,True,True,False,True,False,False,False,False,False,,False,
K222884,False,False,False,True,True,False,True,True,False,True,False,True,,False,
K222921,False,False,False,False,True,False,True,False,False,False,False,False,,False,
K222970,False,False,False,False,True,False,True,False,False,False,False,False,,False,
K223028,False,False,False,True,True,False,True,False,False,True,False,False,,False,
K223032,False,False,False,False,True,False,True,False,False,False,False,False,,False,
K223042,False,False,False,False,True,False,True,True,False,False,False,False,,False,
K223073,False,False,False,True,True,False,True,False,False,False,False,False,,False,
K223106,False,False,False,True,True,False,True,True,False,True,False,False,,False,
K223133,False,True,True,False,True,False,True,True,True,False,True,True,,True,demographic_fairness
K223180,False,False,False,True,True,False,True,True,True,True,False,False,,False,
K223212,False,False,False,True,True,False,True,True,False,False,True,False,,False,
K223240,False,True,True,False,True,False,True,True,True,False,True,True,,True,demographic_fairness
K223247,False,False,False,False,True,True,True,False,False,False,False,False,,False,
K223268,False,False,False,True,True,False,True,False,True,False,False,False,,False,
K223287,False,True,True,False,True,False,True,False,False,False,True,True,,True,demographic_fairness
K223288,False,False,False,True,True,True,True,True,False,False,False,False,,False,
K223296,False,False,False,False,True,False,True,False,True,False,True,True,,False,
K223311,False,False,False,True,True,False,True,True,False,True,False,False,,False,
K223325,False,False,False,True,True,False,True,False,False,False,False,False,,False,
K223343,False,False,False,True,True,False,True,False,False,True,False,True,,False,
K223347,False,False,False,False,True,False,True,False,False,False,False,False,,False,
K223357,False,False,False,True,True,False,True,False,False,True,False,False,,False,
K223387,False,False,False,True,True,False,True,False,False,False,True,True,,False,
K223396,False,True,False,True,True,False,True,False,True,True,False,False,,True,unclear_manual_review
K223424,False,False,False,True,True,True,True,False,True,False,False,False,,False,
K223426,False,True,False,False,True,False,True,True,False,False,False,False,,True,unclear_manual_review
K223439,False,False,False,True,True,False,True,False,False,False,False,False,,False,
K223442,False,False,False,True,True,False,True,False,False,True,False,False,,False,
K223443,False,False,False,False,True,False,True,True,False,False,True,True,,False,
K223458,False,False,False,True,True,False,True,False,False,True,False,False,,False,
K223473,False,False,False,True,True,False,True,False,True,False,True,True,,False,
K223490,False,False,False,True,True,False,True,True,True,False,False,True,,False,
K223491,False,True,True,False,True,False,True,True,True,False,True,False,,True,demographic_fairness
K223501,False,True,True,True,True,False,True,True,False,True,False,True,,True,demographic_fairness
K223502,False,False,False,True,True,False,True,True,False,True,False,False,,False,
K223504,False,False,False,True,True,True,True,True,True,True,True,False,,False,
K223514,False,False,False,True,True,True,True,True,False,False,False,False,,False,
K223516,False,False,False,True,True,False,True,False,False,False,False,False,,False,
K223523,False,False,False,False,True,False,True,True,False,False,False,False,,False,
K223539,False,False,False,True,True,False,True,False,False,False,False,False,,False,
K223552,False,False,False,False,True,False,True,True,False,False,False,False,,False,
K223553,False,False,False,False,True,True,True,False,False,False,False,False,,False,
K223556,False,False,False,True,True,False,True,True,False,True,False,False,,False,
K223621,False,False,False,False,True,False,True,True,False,False,False,True,,False,
K223622,False,False,False,True,True,True,True,False,True,True,True,False,,False,
K223623,False,False,False,True,True,False,True,True,False,True,False,False,,False,
K223630,False,False,False,True,True,False,True,False,False,False,False,False,,False,
K223639,False,False,False,True,True,False,True,True,True,True,True,False,,False,
K223646,False,False,False,False,True,False,True,True,True,False,False,False,,False,
K223659,False,False,False,False,True,False,True,False,False,False,False,False,,False,
K223724,False,False,False,True,True,False,True,True,True,False,False,True,,False,
K223726,False,False,False,True,True,False,True,False,False,False,False,False,,False,
K223734,False,False,False,True,True,True,True,True,False,False,False,False,,False,
K223738,False,False,False,False,True,False,True,False,False,False,False,False,,False,
K223754,False,False,False,False,True,False,True,True,False,False,True,False,,False,
K223757,False,False,False,False,True,False,True,True,True,False,True,True,,False,
K223771,False,False,False,True,True,False,True,True,False,False,True,False,,False,
K223774,False,False,False,False,True,False,True,True,False,False,False,False,,False,
K223811,False,False,False,True,True,False,True,True,True,True,False,False,,False,
K223830,False,False,False,True,True,False,True,True,True,False,False,False,,False,
K223855,False,False,False,False,True,False,True,False,False,False,False,True,,False,
K223864,False,False,False,True,True,True,True,True,False,False,False,False,,False,
K223905,False,False,False,True,True,False,True,False,True,False,False,False,,False,
K230020,False,False,False,False,True,False,True,True,False,False,False,True,,False,
K230023,False,False,False,True,True,False,True,False,True,True,True,True,,False,
K230039,False,False,False,True,True,False,True,True,False,False,False,True,,False,
K230045,False,False,False,False,True,False,True,True,True,False,False,True,,False,
K230074,False,True,False,True,True,False,True,True,True,False,False,False,,True,unclear_manual_review
K230082,False,False,False,True,True,True,True,True,True,False,True,True,,False,
K230084,False,False,False,True,True,False,True,False,False,True,True,True,,False,
K230085,False,False,False,True,True,False,True,True,True,True,False,False,,False,
K230096,False,False,False,True,True,False,True,True,False,True,False,True,,False,
K230112,False,False,False,False,True,False,True,True,False,False,False,False,,False,
K230144,False,False,False,False,True,False,True,True,False,False,False,False,,False,
K230150,False,False,False,True,True,False,True,False,False,False,False,False,,False,
K230179,False,True,False,True,True,True,True,False,False,False,True,True,,True,unclear_manual_review
K230197,False,False,False,True,True,False,True,True,True,False,True,False,,False,
K230208,False,False,False,False,True,True,True,False,True,False,False,False,,False,
K230209,False,False,False,True,True,False,True,True,False,False,True,False,,False,
K230220,False,False,False,True,True,False,True,False,False,False,False,False,,False,
K230223,False,True,True,False,True,False,True,True,True,False,False,False,,True,demographic_fairness
K230252,False,False,False,True,True,False,True,False,False,False,False,False,,False,
K230264,False,False,False,True,True,False,True,True,False,False,False,False,,False,
K230273,False,False,False,True,True,False,True,False,False,True,False,False,,False,
K230292,False,False,False,True,True,False,True,False,False,False,False,False,,False,
K230337,False,False,False,False,True,False,True,False,False,False,False,False,,False,
K230346,False,False,False,True,True,False,True,False,False,True,True,True,,False,
K230355,False,False,False,True,True,True,True,True,False,True,False,False,,False,
K230365,False,False,False,False,True,False,True,True,True,False,False,True,,False,
K230370,False,False,False,True,True,False,True,True,False,True,False,False,,False,
K230497,False,False,False,False,True,False,True,True,True,False,True,True,,False,
K230534,False,False,False,False,True,False,True,True,False,False,False,True,,False,
K230552,False,True,True,True,True,False,True,True,True,True,False,False,,True,demographic_fairness
K230553,False,False,False,True,True,False,True,False,False,False,False,False,,False,
K230575,False,False,False,False,True,True,True,False,False,False,False,False,,False,
K230658,False,False,False,True,True,False,True,False,False,True,False,False,,False,
K230685,False,False,False,True,True,False,True,False,False,True,False,True,,False,
K230751,False,False,False,True,True,False,True,False,True,False,True,True,,False,
K230772,False,False,False,True,True,False,True,True,False,False,False,False,,False,
K230807,False,False,False,True,True,False,True,True,False,False,False,False,,False,
K230812,False,False,False,True,True,True,True,False,True,False,True,False,,False,
K230823,False,True,False,True,True,False,True,False,True,False,False,False,,True,technical_ml
K230842,False,False,False,True,True,False,True,False,True,False,True,False,,False,
K230850,False,False,False,False,True,False,True,True,False,False,False,False,,False,
K230854,False,False,False,True,True,False,True,True,False,False,True,False,,False,
K230899,False,False,False,False,True,False,True,True,False,False,False,True,,False,
K230913,False,False,False,True,True,False,True,True,False,False,False,False,,False,
K230977,False,False,False,False,True,False,True,False,False,False,False,False,,False,
K231001,False,False,False,True,True,False,True,True,False,True,False,False,,False,
K231010,False,False,False,True,True,False,True,False,True,False,False,False,,False,
K231025,False,False,False,False,True,False,True,True,False,False,False,True,,False,
K231038,False,False,False,True,True,False,True,False,False,False,False,False,,False,
K231068,False,True,False,True,True,False,True,True,True,True,False,False,,True,unclear_manual_review
K231094,False,True,True,False,True,False,True,True,True,False,True,True,,True,demographic_fairness
K231130,False,False,False,True,True,False,True,True,False,True,False,True,,False,
K231143,False,False,False,True,True,False,True,False,False,True,False,False,,False,
K231149,False,False,False,False,True,False,True,True,False,False,False,False,,False,
K231157,False,False,False,True,True,False,True,True,False,True,False,False,,False,
K231173,False,False,False,True,True,False,True,False,True,False,True,False,,False,
K231190,False,False,False,True,True,False,True,False,False,False,False,False,,False,
K231195,False,False,False,False,True,False,True,True,True,False,True,False,,False,
K231207,False,False,False,True,True,False,True,True,False,False,False,False,,False,
K231281,False,False,False,True,True,False,True,True,False,False,False,False,,False,
K231324,False,False,False,True,True,False,True,True,False,False,False,False,,False,
K231335,False,False,False,True,True,False,True,True,True,True,False,False,,False,
K231355,False,False,False,True,True,False,True,False,True,False,False,False,,False,
K231384,False,True,True,False,True,False,True,True,True,False,True,True,,True,demographic_fairness
K231396,False,False,False,False,True,False,True,False,True,False,False,False,,False,
K231398,False,False,False,True,True,False,True,False,False,True,False,False,,False,
K231459,False,True,True,True,True,False,True,False,True,True,False,False,,True,demographic_fairness
K231470,False,False,False,True,True,False,True,True,True,True,True,True,,False,
K231560,False,False,False,True,True,False,True,True,False,True,True,True,,False,
K231570,False,False,False,True,True,False,True,False,False,True,False,False,,False,
K231572,False,False,False,True,True,False,True,False,False,False,False,False,,False,
K231587,False,False,False,True,True,False,True,True,False,True,True,True,,False,
K231617,False,False,False,True,True,False,True,False,False,True,False,True,,False,
K231631,False,True,False,False,True,False,True,True,True,False,False,True,,True,technical_ml
K231642,False,False,False,False,True,False,True,True,False,False,False,False,,False,
K231668,False,False,False,False,True,False,True,False,False,False,False,False,,False,
K231677,False,False,False,True,True,False,True,False,False,True,True,False,,False,
K231678,False,False,False,True,True,False,True,True,False,True,False,False,,False,
K231683,False,False,False,True,True,False,True,False,False,False,False,True,,False,
K231690,False,False,False,False,True,False,True,True,False,False,False,False,,False,
K231748,False,False,False,True,True,False,True,False,False,False,False,False,,False,
K231757,False,False,False,False,True,False,True,False,False,False,False,False,,False,
K231764,False,False,False,True,True,False,True,True,True,False,False,False,,False,
K231765,False,False,False,True,True,False,True,True,True,True,False,False,,False,
K231767,False,True,True,False,True,False,True,True,True,False,True,True,,True,demographic_fairness
K231772,False,False,False,True,True,False,True,False,False,False,False,True,,False,
K231779,False,False,False,True,True,False,True,False,True,False,True,False,,False,
K231805,False,False,False,False,True,False,True,True,False,False,False,True,,False,
K231833,False,False,False,True,True,False,True,False,False,True,False,False,,False,
K231837,False,False,False,True,True,False,True,True,True,False,True,False,,False,
K231855,False,False,False,False,True,False,True,True,True,False,True,False,,False,
K231871,False,False,False,False,True,False,True,True,False,False,False,True,,False,
K231898,False,False,False,True,True,False,True,True,False,False,False,False,,False,
K231917,False,False,False,True,True,False,True,True,True,True,True,False,,False,
K231928,False,False,False,False,True,False,True,True,True,False,True,True,,False,
K231929,False,False,False,True,True,True,True,False,False,True,True,False,,False,
K231955,False,False,False,False,True,False,True,True,False,False,False,False,,False,
K231965,False,False,False,True,True,False,True,True,False,False,True,True,,False,
K231966,False,False,False,True,True,False,True,False,False,False,True,True,,False,
K231989,False,False,False,True,True,False,True,False,False,False,True,True,,False,
K232000,False,False,False,True,True,False,True,True,False,True,False,False,,False,
K232023,False,False,False,True,True,False,True,True,False,True,True,False,,False,
K232035,False,False,False,True,True,False,True,False,False,False,False,False,,False,
K232045,False,False,False,False,True,True,True,True,True,False,False,True,,False,
K232083,False,False,False,True,True,False,True,True,False,True,False,True,,False,
K232096,False,False,False,True,True,False,True,False,True,True,False,False,,False,
K232140,False,False,False,True,True,False,True,True,False,False,False,True,,False,
K232145,False,False,False,True,True,False,True,True,False,True,True,True,,False,
K232148,False,True,False,True,True,False,True,True,True,True,False,False,,True,technical_ml
K232156,False,True,False,True,True,False,True,True,True,True,True,True,,True,unclear_manual_review
K232231,False,False,False,False,True,False,True,False,True,False,False,False,,False,
K232237,False,False,False,True,True,False,True,False,True,False,True,True,,False,
K232250,False,True,True,False,True,True,True,True,False,True,False,False,,True,demographic_fairness
K232257,False,False,False,True,True,False,True,True,True,True,True,False,,False,
K232305,False,False,False,True,True,False,True,True,True,True,False,False,,False,
K232322,False,False,False,True,True,False,True,False,False,True,False,True,,False,
K232331,False,False,False,False,True,False,True,False,False,False,False,True,,False,
K232363,False,False,False,False,True,False,True,True,False,False,False,False,,False,
K232367,False,False,False,False,False,False,True,True,False,False,False,False,,False,
K232381,False,False,False,True,True,False,True,False,False,False,False,True,,False,
K232384,False,False,False,True,True,False,True,False,True,False,True,True,,False,
K232410,False,False,False,False,True,False,True,True,False,False,False,False,,False,
K232412,False,False,False,True,True,True,True,True,False,False,False,False,,False,
K232416,False,False,False,False,True,False,True,False,False,False,False,False,,False,
K232431,False,False,False,True,True,False,True,True,False,False,False,False,,False,
K232436,False,False,False,True,True,False,True,True,False,True,False,False,,False,
K232440,False,False,False,False,True,False,True,False,True,False,False,True,,False,
K232479,True,True,True,True,True,True,True,True,True,True,True,True,fairness,True,demographic_fairness
K232482,False,False,False,True,True,False,True,False,False,True,False,False,,False,
K232491,False,False,False,True,True,True,True,True,False,False,False,False,,False,
K232494,False,False,False,True,True,False,True,True,False,True,False,False,,False,
K232496,False,False,False,True,True,False,True,True,True,True,False,True,,False,
K232500,False,False,False,True,True,False,True,True,False,False,True,False,,False,
K232501,False,False,False,False,True,False,True,True,False,False,True,True,,False,
K232526,False,False,False,True,True,False,True,False,False,True,False,False,,False,
K232535,False,False,False,True,True,False,True,True,False,True,True,True,,False,
K232613,False,False,False,False,True,False,True,False,True,False,True,True,,False,
K232616,False,False,False,True,True,False,True,False,False,False,False,False,,False,
K232661,False,False,False,False,True,False,True,True,True,False,False,False,,False,
K232686,False,False,False,True,True,False,True,False,True,False,True,True,,False,
K232698,False,False,False,False,True,False,True,True,False,False,False,True,,False,
K232699,False,False,False,True,True,False,True,True,False,False,True,True,,False,
K232704,False,False,False,True,True,False,True,False,False,False,False,False,,False,
K232712,False,False,False,True,True,False,True,False,False,True,False,False,,False,
K232751,False,False,False,False,True,False,True,True,False,False,False,True,,False,
K232760,False,False,False,False,True,True,True,False,True,False,False,False,,False,
K232765,False,False,False,True,True,False,True,True,False,True,True,True,,False,
K232787,False,False,False,False,True,True,True,False,False,False,False,False,,False,
K232799,False,False,False,True,True,False,True,True,False,True,True,True,,False,
K232808,False,False,False,True,True,False,True,False,False,False,False,False,,False,
K232835,False,False,False,True,True,False,True,False,False,False,False,False,,False,
K232841,False,False,False,False,True,False,True,False,False,False,False,False,,False,
K232856,False,False,False,True,True,True,True,True,True,True,False,False,,False,
K232899,False,False,False,True,True,False,True,True,False,True,False,False,,False,
K232915,False,False,False,True,True,False,True,False,False,False,False,True,,False,
K232923,False,True,True,True,True,False,True,False,False,False,True,True,,True,demographic_fairness
K232928,False,False,False,True,True,False,True,True,False,True,False,True,,False,
K233030,False,False,False,True,True,False,True,True,True,True,True,True,,False,
K233080,False,True,False,True,True,False,True,False,False,True,False,False,,True,unclear_manual_review
K233108,False,False,False,False,True,False,True,True,False,False,True,True,,False,
K233112,False,False,False,True,True,False,True,False,False,False,True,True,,False,
K233176,False,False,False,True,True,False,True,True,False,False,False,True,,False,
K233186,False,False,False,True,True,False,True,True,True,False,False,False,,False,
K233195,False,False,False,False,True,False,True,True,False,False,False,False,,False,
K233196,False,True,False,True,True,False,True,True,False,False,True,False,,True,dataset_population
K233209,False,False,False,True,True,False,True,False,False,False,False,True,,False,
K233211,False,False,False,True,True,False,True,True,False,False,False,False,,False,
K233216,False,False,False,True,True,False,True,False,False,False,False,False,,False,
K233243,False,False,False,True,True,False,True,True,False,False,False,False,,False,
K233247,False,False,False,False,True,False,True,True,False,False,True,True,,False,
K233249,False,False,False,True,True,False,True,False,True,True,False,True,,False,
K233253,False,False,False,True,True,False,True,True,False,False,True,True,,False,
K233334,False,False,False,True,True,False,True,False,False,False,False,False,,False,
K233342,False,True,True,False,True,False,True,True,True,False,True,False,,True,demographic_fairness
K233409,False,False,False,True,True,False,True,False,True,False,True,True,,False,
K233438,False,False,False,True,True,False,True,True,True,False,True,False,,False,
K233457,False,False,False,False,True,False,True,True,True,False,False,False,,False,
K233512,False,True,False,True,True,False,True,False,True,False,False,False,,True,unclear_manual_review
K233543,False,False,False,True,True,False,True,True,False,False,False,False,,False,
K233545,False,False,False,True,True,False,True,False,False,False,False,False,,False,
K233549,False,False,False,True,True,False,True,True,True,False,True,True,,False,
K233562,False,False,False,True,True,False,True,False,False,False,False,False,,False,
K233568,False,False,False,False,True,False,True,False,True,False,False,True,,False,
K233582,False,True,False,True,True,False,True,False,True,True,False,False,,True,unclear_manual_review
K233590,False,False,False,False,True,False,True,True,False,False,False,True,,False,
K233618,False,False,False,True,True,False,True,False,True,False,True,False,,False,
K233625,False,False,False,True,True,False,True,False,False,True,False,False,,False,
K233650,False,False,False,True,True,True,True,True,False,True,False,False,,False,
K233657,False,False,False,True,True,True,True,True,False,True,False,False,,False,
K233666,False,False,False,True,True,False,True,False,True,False,True,True,,False,
K233673,False,False,False,True,True,False,True,True,False,False,True,False,,False,
K233676,False,False,False,True,True,False,True,True,True,True,False,False,,False,
K233677,False,False,False,True,True,False,True,True,False,True,False,False,,False,
K233687,False,True,False,True,True,False,True,True,False,False,False,False,,True,unclear_manual_review
K233692,False,False,False,True,True,False,True,False,False,False,False,False,,False,
K233698,False,False,False,True,True,False,True,True,True,False,False,False,,False,
K233728,False,False,False,True,True,False,True,False,False,False,False,False,,False,
K233731,False,False,False,True,True,True,True,True,False,False,False,False,,False,
K233738,False,False,False,True,True,False,True,False,True,True,False,False,,False,
K233749,False,False,False,True,True,True,True,True,False,False,False,False,,False,
K233753,False,False,False,True,True,False,True,True,False,True,False,True,,False,
K233755,False,False,False,True,True,False,True,False,True,False,False,False,,False,
K233788,False,False,False,True,True,False,True,True,False,False,True,False,,False,
K233822,False,False,False,False,True,False,True,False,False,False,False,False,,False,
K233826,False,False,False,False,False,False,True,False,False,False,False,False,,False,
K233864,False,False,False,True,True,False,True,False,False,True,False,False,,False,
K233925,False,False,False,False,True,False,True,True,False,False,False,False,,False,
K233955,False,False,False,True,True,True,True,True,True,True,False,False,,False,
K233964,False,False,False,True,True,False,True,False,False,True,False,False,,False,
K233968,False,False,False,False,True,False,True,True,True,False,False,True,,False,
K233977,False,True,True,True,True,False,True,False,False,False,True,False,,True,demographic_fairness
K233984,False,False,False,True,True,False,True,False,False,False,False,False,,False,
K233992,False,False,False,True,True,False,True,False,False,False,False,False,,False,
K233998,False,False,False,True,True,False,True,False,True,True,False,False,,False,
K234009,False,False,False,False,True,False,True,True,False,False,False,False,,False,
K234042,False,False,False,True,True,False,True,True,True,True,False,True,,False,
K234047,False,False,False,False,True,True,True,True,False,False,False,False,,False,
K234068,False,False,False,False,True,False,True,False,False,False,False,False,,False,
K234141,False,False,False,True,True,True,True,False,False,False,True,True,,False,
K234154,False,False,False,True,True,False,True,True,False,True,False,False,,False,
K240003,False,False,False,True,True,False,True,True,True,True,False,True,,False,
K240013,False,False,False,True,True,False,True,True,True,True,False,False,,False,
K240036,False,True,False,True,True,False,True,True,True,True,False,False,,True,unclear_manual_review
K240044,False,False,False,False,True,False,True,True,True,False,True,True,,False,
K240058,False,False,False,True,True,False,True,False,False,False,True,False,,False,
K240062,False,False,False,False,True,False,True,True,False,False,False,False,,False,
K240094,False,False,False,True,True,False,True,False,True,True,True,True,,False,
K240172,False,True,False,False,False,False,True,False,False,False,False,False,,True,technical_ml
K240200,False,False,False,True,True,False,True,True,True,False,False,False,,False,
K240238,False,False,False,True,True,True,True,True,True,True,False,False,,False,
K240285,False,False,False,True,True,False,True,False,False,True,True,True,,False,
K240290,False,False,False,False,True,False,True,True,False,False,True,False,,False,
K240291,False,False,False,True,True,False,True,True,False,False,False,True,,False,
K240294,False,False,False,True,True,False,True,False,True,True,False,False,,False,
K240301,False,False,False,True,True,False,True,False,False,True,True,True,,False,
K240353,False,False,False,False,True,False,True,True,False,False,False,True,,False,
K240369,False,True,True,False,True,False,True,True,True,False,False,False,,True,demographic_fairness
K240398,False,True,True,True,True,True,True,True,False,True,False,False,,True,demographic_fairness
K240406,False,False,False,False,True,False,True,False,False,False,False,True,,False,
K240408,False,False,False,True,True,False,True,True,True,False,True,False,,False,
K240411,False,False,False,True,True,False,True,False,False,False,True,True,,False,
K240417,False,False,False,False,True,False,True,False,False,False,True,True,,False,
K240465,False,False,False,False,True,False,True,True,True,False,False,False,,False,
K240516,False,False,False,True,True,False,True,False,False,False,True,True,,False,
K240540,False,False,False,True,True,False,True,False,False,False,False,False,,False,
K240553,False,False,False,True,True,False,True,False,True,True,False,False,,False,
K240554,False,False,False,True,True,False,True,False,True,True,False,True,,False,
K240555,False,False,False,True,True,False,True,False,True,False,True,True,,False,
K240582,False,True,False,True,True,False,True,True,True,True,True,True,,True,unclear_manual_review
K240612,False,False,False,False,True,False,True,True,True,False,False,True,,False,
K240631,False,False,False,True,True,False,True,False,False,False,False,True,,False,
K240642,False,False,False,False,True,False,True,False,False,False,True,True,,False,
K240645,False,False,False,True,True,False,True,False,False,False,False,True,,False,
K240680,False,True,False,True,True,False,True,False,False,True,False,False,,True,unclear_manual_review
K240697,False,False,False,True,True,True,True,False,False,False,False,True,,False,
K240704,False,False,False,True,True,False,True,False,False,False,True,True,,False,
K240712,False,True,True,True,True,True,True,True,True,True,True,True,,True,demographic_fairness
K240736,False,False,False,False,True,False,True,False,False,False,True,True,,False,
K240740,False,False,False,False,True,False,True,True,False,False,False,False,,False,
K240744,False,False,False,True,True,False,True,False,False,True,False,False,,False,
K240769,False,False,False,False,True,False,True,False,False,False,False,False,,False,
K240773,False,False,False,False,True,False,True,True,True,True,True,False,,False,
K240781,False,False,False,True,True,False,True,False,False,False,False,False,,False,
K240791,False,False,False,False,True,False,True,True,False,False,False,True,,False,
K240793,False,False,False,True,True,False,True,True,True,False,True,True,,False,
K240795,False,False,False,True,True,True,True,False,False,False,True,True,,False,
K240845,False,True,False,True,True,False,True,False,True,True,False,True,,True,technical_ml
K240850,False,False,False,True,True,False,True,True,False,False,False,False,,False,
K240860,False,False,False,True,True,True,True,True,True,True,True,False,,False,
K240926,False,True,False,True,True,False,True,True,True,True,True,True,,True,technical_ml
K240929,False,False,False,True,True,False,True,False,True,False,True,True,,False,
K240942,False,False,False,False,True,False,True,True,True,False,False,True,,False,
K240943,False,False,False,False,True,True,True,False,True,True,False,False,,False,
K240944,False,False,False,False,True,True,True,False,False,False,False,False,,False,
K240953,False,False,False,True,True,False,True,True,True,True,True,False,,False,
K240980,False,False,False,True,True,False,True,True,False,True,True,False,,False,
K240993,False,True,False,True,True,True,True,True,True,True,False,True,,True,unclear_manual_review
K241009,False,False,False,True,True,False,True,False,False,True,False,True,,False,
K241029,False,False,False,True,True,False,True,True,True,False,True,True,,False,
K241038,False,False,False,True,True,False,True,False,False,True,False,False,,False,
K241079,False,False,False,True,True,True,True,True,False,False,False,False,,False,
K241083,False,False,False,False,True,False,True,False,False,False,False,False,,False,
K241098,False,False,False,True,True,False,True,True,True,True,False,False,,False,
K241108,False,False,False,True,True,False,True,False,False,False,False,True,,False,
K241112,False,False,False,True,True,False,True,True,False,True,False,True,,False,
K241121,False,False,False,False,True,False,True,False,False,False,False,False,,False,
K241166,False,False,False,True,True,False,True,True,False,False,False,False,,False,
K241197,False,False,False,True,True,False,True,False,True,False,False,False,,False,
K241200,False,False,False,False,True,False,True,False,False,False,False,False,,False,
K241211,False,False,False,True,True,False,True,True,False,False,False,False,,False,
K241222,False,False,False,False,True,False,True,True,False,False,False,False,,False,
K241232,False,False,False,True,True,False,True,True,True,True,False,False,,False,
K241242,False,False,False,True,True,False,True,False,False,False,False,False,,False,
K241245,False,False,False,False,True,False,True,True,True,False,True,True,,False,
K241280,False,False,False,False,True,False,True,False,False,False,False,False,,False,
K241292,False,False,False,False,True,False,True,True,False,False,False,False,,False,
K241312,False,False,False,False,True,False,True,True,False,False,True,False,,False,
K241329,False,False,False,True,True,False,True,True,False,True,True,False,,False,
K241331,False,False,False,True,True,False,True,True,True,True,True,True,,False,
K241350,False,False,False,True,True,False,True,False,False,False,False,False,,False,
K241380,False,True,True,True,True,False,True,True,True,True,False,True,,True,demographic_fairness
K241390,False,False,False,True,True,False,True,True,True,True,True,False,,False,
K241429,False,True,False,True,True,False,True,False,False,False,False,False,,True,unclear_manual_review
K241430,False,False,False,True,True,False,True,True,False,True,True,True,,False,
K241439,False,True,False,True,True,False,True,True,False,False,True,True,,True,dataset_population
K241440,False,True,False,True,True,False,True,True,False,True,False,False,,True,unclear_manual_review
K241480,False,False,False,False,True,False,True,True,True,False,False,False,,False,
K241481,False,False,False,False,True,True,True,False,True,False,False,False,,False,
K241490,False,False,False,False,True,False,True,True,True,False,False,False,,False,
K241496,False,False,False,True,True,False,True,False,False,False,False,False,,False,
K241508,False,False,False,True,True,False,True,True,False,False,False,False,,False,
K241543,False,False,False,False,True,False,True,True,False,False,False,True,,False,
K241546,False,False,False,False,True,False,True,False,False,False,False,False,,False,
K241561,False,True,True,True,True,False,True,False,False,True,False,True,,True,demographic_fairness
K241582,False,False,False,False,True,False,True,True,True,False,True,True,,False,
K241585,False,False,False,True,True,False,True,False,False,False,False,False,,False,
K241593,False,False,False,True,True,False,True,True,True,True,False,True,,False,
K241596,False,False,False,True,True,False,True,False,False,False,False,False,,False,
K241620,False,False,False,True,True,False,True,True,True,True,False,False,,False,
K241633,False,False,False,True,True,False,True,False,True,False,True,False,,False,
K241659,False,False,False,True,True,True,True,True,False,True,True,False,,False,
K241665,False,False,False,True,True,False,True,False,False,False,False,False,,False,
K241671,False,False,False,True,True,False,True,False,False,False,True,True,,False,
K241676,False,True,False,True,True,False,True,False,False,True,True,True,,True,unclear_manual_review
K241681,False,False,False,False,True,False,True,True,False,False,False,False,,False,
K241684,False,False,False,True,True,False,True,False,True,False,False,False,,False,
K241696,False,False,False,False,True,False,True,True,True,False,False,True,,False,
K241719,False,True,True,False,True,False,True,True,False,False,False,False,,True,demographic_fairness
K241725,False,False,False,True,True,False,True,True,True,True,True,True,,False,
K241727,False,False,False,False,True,False,True,True,False,False,False,True,,False,
K241747,False,False,False,True,True,False,True,True,True,False,False,False,,False,
K241770,False,False,False,True,True,True,True,True,False,True,False,False,,False,
K241831,False,False,False,True,True,False,True,True,True,True,False,True,,False,
K241837,False,False,False,True,True,True,True,True,False,True,False,False,,False,
K241847,False,False,False,False,True,False,True,True,True,False,False,False,,False,
K241887,False,False,False,True,True,False,True,False,False,True,False,False,,False,
K241891,False,False,False,True,True,False,True,True,True,True,True,True,,False,
K241922,False,False,False,True,True,False,True,True,False,False,False,False,,False,
K241923,False,False,False,True,True,False,True,True,False,True,False,True,,False,
K241949,True,True,True,True,True,True,True,False,False,True,False,False,representativeness,False,
K241960,False,False,False,True,True,False,True,False,True,False,False,False,,False,
K241961,False,False,False,False,True,False,True,False,False,False,True,False,,False,
K241971,False,False,False,True,True,False,True,False,False,False,True,True,,False,
K241982,False,False,False,False,True,False,True,True,False,False,False,False,,False,
K241984,False,False,False,False,True,True,True,False,True,False,False,False,,False,
K242005,False,False,False,True,True,False,True,False,False,False,False,False,,False,
K242020,False,False,False,True,True,False,True,True,False,False,False,False,,False,
K242054,False,False,False,True,True,False,True,True,False,False,False,False,,False,
K242062,False,False,False,True,True,False,True,False,True,False,False,True,,False,
K242094,False,False,False,False,True,False,True,False,True,False,False,False,,False,
K242123,False,True,True,True,True,False,True,True,True,False,True,True,,True,demographic_fairness
K242129,False,False,False,True,True,False,True,True,False,True,True,True,,False,
K242130,False,False,False,False,True,True,True,True,True,False,True,False,,False,
K242166,False,False,False,True,True,False,True,False,True,False,False,True,,False,
K242168,False,True,False,True,True,False,True,True,False,False,True,True,,True,dataset_population
K242171,False,False,False,True,True,True,True,True,True,True,False,True,,False,
K242188,False,True,False,True,True,False,True,True,False,True,False,False,,True,technical_ml
K242203,False,False,False,True,True,False,True,True,False,True,False,True,,False,
K242215,False,False,False,False,True,False,True,False,False,False,True,False,,False,
K242240,False,False,False,True,True,False,True,True,True,True,False,True,,False,
K242270,False,False,False,False,True,True,True,False,True,True,False,True,,False,
K242275,False,False,False,True,True,False,True,True,False,True,False,False,,False,
K242292,False,False,False,True,True,False,True,True,True,False,True,True,,False,
K242295,False,False,False,False,True,False,True,False,True,False,False,True,,False,
K242300,False,False,False,True,True,False,True,True,False,True,False,False,,False,
K242323,False,False,False,True,True,False,True,True,False,False,False,False,,False,
K242334,False,False,False,True,True,False,True,True,False,False,False,False,,False,
K242338,False,False,False,True,True,False,True,True,False,False,False,False,,False,
K242342,False,False,False,False,True,True,True,False,False,False,True,True,,False,
K242359,False,False,False,False,True,False,True,True,False,False,True,True,,False,
K242362,False,False,False,False,True,True,True,True,False,False,False,False,,False,
K242388,False,False,False,False,True,False,True,False,False,False,False,False,,False,
K242403,False,False,False,True,True,False,True,False,False,False,False,False,,False,
K242437,False,False,False,False,True,False,True,False,True,False,True,False,,False,
K242444,False,False,False,True,True,False,True,False,False,False,True,True,,False,
K242447,False,False,False,True,True,False,True,False,False,False,False,False,,False,
K242461,False,False,False,True,True,False,True,True,True,True,False,True,,False,
K242467,False,False,False,False,True,False,True,True,True,False,True,True,,False,
K242480,False,False,False,True,True,True,True,True,False,True,False,False,,False,
K242488,False,False,False,True,True,False,True,False,True,False,False,False,,False,
K242500,False,False,False,True,True,False,True,False,False,True,False,False,,False,
K242511,False,False,False,True,True,False,True,False,False,False,True,True,,False,
K242522,False,False,False,True,True,False,True,False,False,False,False,False,,False,
K242523,False,False,False,True,True,False,True,True,True,False,True,True,,False,
K242551,False,False,False,True,True,False,True,False,True,True,False,False,,False,
K242583,False,False,False,True,True,False,True,False,True,False,True,False,,False,
K242594,False,False,False,False,True,False,True,True,False,False,True,True,,False,
K242600,False,True,False,False,True,False,True,False,False,False,False,False,,True,unclear_manual_review
K242607,False,False,False,False,True,False,True,True,False,False,False,True,,False,
K242624,False,False,False,True,True,False,True,False,True,False,False,True,,False,
K242652,False,False,False,True,True,False,True,True,False,True,False,False,,False,
K242683,False,True,True,False,True,False,True,False,True,False,True,True,,True,demographic_fairness
K242729,False,False,False,True,True,False,True,False,False,True,False,False,,False,
K242737,False,False,False,True,True,False,True,False,False,True,True,False,,False,
K242745,False,False,False,True,True,False,True,True,False,True,False,False,,False,
K242748,False,False,False,False,True,False,True,True,False,False,True,False,,False,
K242781,False,False,False,True,True,False,True,True,True,True,True,False,,False,
K242798,False,False,False,True,True,False,True,True,True,True,False,False,,False,
K242800,False,False,False,True,True,False,True,True,False,False,True,False,,False,
K242807,False,False,False,True,True,True,True,False,True,True,True,True,,False,
K242821,False,False,False,True,True,False,True,True,False,False,False,True,,False,
K242822,False,False,False,False,True,False,True,True,False,False,False,False,,False,
K242825,False,False,False,False,False,False,True,False,False,False,False,False,,False,
K242830,False,False,False,False,True,False,True,False,False,False,False,False,,False,
K242837,False,False,False,False,True,False,True,True,False,False,False,True,,False,
K242838,False,False,False,True,True,False,True,True,False,True,False,False,,False,
K242919,False,False,False,False,True,False,True,False,False,False,False,False,,False,
K242925,False,False,False,True,True,False,True,True,False,False,False,False,,False,
K242967,False,False,False,True,True,True,True,False,False,False,True,False,,False,
K242994,False,False,False,False,True,False,True,True,True,False,False,False,,False,
K243005,False,False,False,False,True,False,True,False,False,True,False,False,,False,
K243038,False,True,False,False,True,False,True,True,False,False,False,False,,True,unclear_manual_review
K243042,False,False,False,True,True,False,True,False,False,False,False,False,,False,
K243065,False,False,False,True,True,False,True,False,True,True,True,False,,False,
K243122,False,False,False,True,True,False,True,True,False,False,True,True,,False,
K243144,False,False,False,False,True,False,True,True,False,False,False,False,,False,
K243145,False,False,False,True,True,False,True,True,False,True,False,True,,False,
K243158,False,False,False,False,True,True,True,True,False,False,False,False,,False,
K243189,False,False,False,True,True,False,True,True,False,True,False,True,,False,
K243209,False,False,False,True,True,True,True,False,True,False,False,False,,False,
K243229,False,True,True,True,True,False,True,True,True,True,False,False,,True,demographic_fairness
K243230,False,False,False,False,True,False,True,False,False,False,True,False,,False,
K243234,False,False,False,False,True,False,True,False,False,True,False,True,,False,
K243235,False,False,False,False,True,False,True,False,True,False,False,False,,False,
K243239,False,True,False,False,True,False,True,True,True,False,True,True,,True,dataset_population
K243250,False,False,False,False,True,True,True,True,True,False,False,False,,False,
K243253,False,False,False,True,True,False,True,True,False,False,True,True,,False,
K243268,False,False,False,True,True,False,True,False,False,False,True,False,,False,
K243292,False,True,False,False,True,False,True,False,True,False,False,False,,True,technical_ml
K243294,False,True,False,True,True,False,True,True,True,True,True,True,,True,unclear_manual_review
K243331,False,False,False,False,True,False,True,False,False,False,False,False,,False,
K243335,False,False,False,True,True,False,True,False,False,True,False,False,,False,
K243341,False,False,False,True,True,False,True,True,True,True,False,False,,False,
K243350,False,False,False,True,True,False,True,False,False,False,True,False,,False,
K243363,False,False,False,False,True,False,True,True,True,False,True,False,,False,
K243376,False,False,False,False,True,True,True,True,True,False,False,False,,False,
K243378,False,True,False,True,True,False,True,False,True,True,True,False,,True,unclear_manual_review
K243397,False,False,False,True,True,False,True,True,False,True,True,True,,False,
K243446,False,False,False,True,True,False,True,True,True,False,False,False,,False,
K243449,False,False,False,True,True,False,True,True,False,True,False,False,,False,
K243481,False,True,False,True,True,False,True,False,False,True,False,False,,True,technical_ml
K243523,False,False,False,True,True,True,True,True,False,True,False,False,,False,
K243538,False,False,False,True,True,False,True,False,False,False,False,False,,False,
K243547,False,False,False,True,True,True,True,True,False,True,True,True,,False,
K243548,False,False,False,False,True,False,True,True,False,False,False,True,,False,
K243558,False,False,False,False,True,False,True,False,True,False,False,False,,False,
K243567,False,False,False,True,True,False,True,False,True,False,True,True,,False,
K243611,False,False,False,False,True,False,True,True,True,False,True,False,,False,
K243614,False,False,False,True,True,False,True,True,True,True,False,True,,False,
K243617,False,False,False,False,True,False,True,True,False,False,False,False,,False,
K243620,False,False,False,True,True,False,True,False,False,False,False,False,,False,
K243628,False,False,False,True,True,False,True,False,False,False,False,False,,False,
K243633,False,True,True,False,True,True,True,True,True,False,True,False,,True,demographic_fairness
K243647,False,False,False,False,True,False,True,False,False,False,True,True,,False,
K243651,False,False,False,True,True,True,True,True,False,False,False,False,,False,
K243657,False,False,False,True,True,False,True,True,False,False,False,False,,False,
K243667,False,False,False,True,True,True,True,True,True,True,False,True,,False,
K243672,False,False,False,True,True,True,True,True,False,False,False,False,,False,
K243679,False,False,False,True,True,False,True,False,False,True,False,True,,False,
K243681,True,True,True,False,True,True,True,True,True,True,True,False,representativeness,False,
K243684,False,False,False,True,True,False,True,False,False,True,True,True,,False,
K243685,False,True,True,True,True,False,True,False,True,True,False,True,,True,demographic_fairness
K243687,False,False,False,True,True,False,True,True,False,False,False,True,,False,
K243688,False,False,False,True,True,False,True,True,True,False,False,False,,False,
K243689,False,False,False,False,False,False,True,False,False,False,False,False,,False,
K243696,False,False,False,False,False,False,True,False,False,False,False,False,,False,
K243702,False,False,False,True,True,False,True,False,False,False,True,True,,False,
K243705,False,False,False,False,True,False,True,True,True,False,False,False,,False,
K243743,False,True,False,True,True,False,True,True,False,True,False,True,,True,unclear_manual_review
K243762,False,False,False,True,True,False,True,False,True,True,False,True,,False,
K243769,False,False,False,True,True,False,True,True,False,True,False,False,,False,
K243779,False,False,False,False,True,False,True,True,True,False,False,True,,False,
K243793,False,False,False,True,True,False,True,True,False,True,True,False,,False,
K243794,False,False,False,True,True,False,True,True,False,False,True,False,,False,
K243808,False,False,False,True,True,False,True,True,False,True,False,False,,False,
K243810,False,False,False,True,True,False,True,True,False,True,False,False,,False,
K243812,False,False,False,True,True,False,True,False,False,False,False,False,,False,
K243831,False,False,False,True,True,True,True,True,True,True,False,True,,False,
K243851,False,False,False,True,True,False,True,True,False,False,False,True,,False,
K243853,False,False,False,True,True,True,True,True,True,True,False,False,,False,
K243859,False,False,False,True,True,False,True,False,False,True,True,False,,False,
K243862,False,False,False,False,True,False,True,False,True,False,False,False,,False,
K243863,False,False,False,False,True,False,True,False,True,False,False,False,,False,
K243866,False,False,False,True,True,False,True,False,False,True,False,True,,False,
K243878,False,False,False,True,True,False,True,False,False,False,False,False,,False,
K243884,False,False,False,True,True,False,True,True,True,False,False,False,,False,
K243891,False,False,False,True,True,False,True,False,False,False,False,False,,False,
K243893,False,False,False,True,True,False,True,False,True,False,False,False,,False,
K243919,False,False,False,False,True,False,True,True,False,False,False,False,,False,
K243933,False,False,False,False,True,False,True,False,True,False,False,True,,False,
K243937,False,False,False,True,True,False,True,True,True,False,True,True,,False,
K243950,False,False,False,False,True,False,True,True,False,False,False,False,,False,
K243955,False,False,False,False,True,False,True,False,False,False,False,False,,False,
K243989,False,False,False,True,True,False,True,True,True,False,False,False,,False,
K244002,False,False,False,True,True,False,True,False,False,False,True,True,,False,
K244023,False,False,False,False,True,False,True,False,False,False,False,False,,False,
K244027,False,False,False,True,True,False,True,False,False,True,False,False,,False,
K250003,False,False,False,True,True,False,True,True,True,False,False,False,,False,
K250005,False,False,False,True,True,False,True,True,True,False,False,False,,False,
K250023,False,False,False,False,True,False,True,False,False,False,True,True,,False,
K250035,False,False,False,True,True,False,True,False,False,True,False,False,,False,
K250042,False,True,False,True,True,False,True,True,True,True,True,True,,True,technical_ml
K250064,True,True,True,True,True,False,True,True,True,True,True,False,representativeness,True,demographic_fairness
K250086,False,False,False,True,True,True,True,True,True,False,False,True,,False,
K250087,False,False,False,True,True,False,True,True,False,False,True,True,,False,
K250096,False,False,False,True,True,False,True,False,True,False,True,False,,False,
K250119,False,False,False,True,True,False,True,True,True,True,True,True,,False,
K250151,False,False,False,True,True,False,True,True,True,True,True,True,,False,
K250177,False,False,False,True,True,False,True,True,False,False,False,False,,False,
K250186,False,False,False,False,True,False,True,False,False,False,False,False,,False,
K250221,False,True,True,False,True,False,True,True,True,False,True,True,,True,demographic_fairness
K250226,False,False,False,True,True,True,True,True,True,True,False,False,,False,
K250236,False,False,False,False,True,False,True,False,True,False,True,True,,False,
K250237,False,False,False,False,True,False,True,True,False,False,False,False,,False,
K250246,False,False,False,True,True,False,True,True,False,False,True,True,,False,
K250248,False,False,False,False,True,False,True,True,False,False,False,True,,False,
K250255,False,False,False,True,True,False,True,True,False,False,False,False,,False,
K250264,False,True,True,True,True,False,True,False,False,True,False,False,,True,demographic_fairness
K250268,False,False,False,True,True,False,True,True,True,False,False,False,,False,
K250288,False,False,False,False,True,True,True,False,False,False,False,True,,False,
K250290,False,True,False,False,True,False,True,True,True,False,True,True,,True,technical_ml
K250328,False,False,False,False,True,False,True,False,False,False,False,False,,False,
K250330,False,False,False,True,True,False,True,True,False,True,False,False,,False,
K250337,False,False,False,True,True,False,True,True,False,True,True,False,,False,
K250354,False,False,False,False,True,False,True,True,False,False,True,False,,False,
K250367,False,False,False,False,True,False,True,True,True,False,False,False,,False,
K250369,False,False,False,True,True,False,True,False,True,True,False,False,,False,
K250370,False,False,False,False,True,False,True,True,False,False,False,False,,False,
K250379,False,False,False,True,True,False,True,False,False,False,False,False,,False,
K250416,False,False,False,False,True,False,True,True,False,False,False,False,,False,
K250427,False,False,False,True,True,False,True,True,False,False,True,True,,False,
K250436,False,False,False,True,True,False,True,True,False,True,True,True,,False,
K250440,False,True,True,False,True,False,True,True,False,False,False,False,,True,demographic_fairness
K250443,False,False,False,True,True,False,True,True,False,True,True,True,,False,
K250484,False,False,False,True,True,False,True,True,True,False,False,False,,False,
K250507,False,False,False,True,True,False,True,False,True,True,True,True,,False,
K250515,False,False,False,True,True,False,True,False,False,False,False,True,,False,
K250525,False,True,True,True,True,False,True,False,False,True,True,True,,True,demographic_fairness
K250543,False,False,False,True,True,False,True,False,False,False,False,False,,False,
K250569,False,False,False,True,True,False,True,False,False,False,False,False,,False,
K250649,False,False,False,True,True,False,True,True,False,False,True,True,,False,
K250650,False,False,False,False,True,True,True,False,True,False,False,True,,False,
K250652,False,False,False,True,True,False,True,False,True,False,False,False,,False,
K250660,False,False,False,True,True,False,True,False,False,False,False,False,,False,
K250662,False,True,False,True,True,False,True,True,True,True,False,False,,True,technical_ml
K250670,False,False,False,True,True,False,True,False,True,False,True,True,,False,
K250685,False,False,False,True,True,False,True,True,True,True,False,True,,False,
K250686,False,False,False,True,True,True,True,False,True,True,False,False,,False,
K250694,False,False,False,False,True,False,True,True,True,False,False,True,,False,
K250738,False,False,False,True,True,False,True,False,False,False,False,False,,False,
K250749,False,False,False,True,True,False,True,False,False,False,False,False,,False,
K250753,False,False,False,True,True,True,True,False,True,True,True,True,,False,
K250754,False,False,False,False,False,False,True,True,False,False,False,False,,False,
K250755,False,False,False,False,True,False,True,False,False,False,False,True,,False,
K250766,False,False,False,True,True,True,True,True,False,True,False,False,,False,
K250780,False,False,False,False,True,False,True,False,False,False,False,True,,False,
K250788,False,False,False,True,True,False,True,True,False,False,False,False,,False,
K250818,False,False,False,True,True,False,True,True,False,True,False,False,,False,
K250831,False,True,True,False,True,False,True,True,True,False,True,True,,True,demographic_fairness
K250877,False,True,True,True,True,False,True,False,False,True,False,False,,True,demographic_fairness
K250882,False,False,False,True,True,False,True,False,False,False,False,False,,False,
K250886,False,False,False,True,True,False,True,True,False,False,True,False,,False,
K250901,False,False,False,True,True,False,True,False,False,True,False,False,,False,
K250902,False,False,False,False,True,False,True,False,True,False,False,False,,False,
K250914,False,False,False,True,True,False,True,True,False,True,False,False,,False,
K250932,False,False,False,True,True,False,True,False,True,False,False,False,,False,
K250941,False,False,False,True,True,True,True,True,True,False,False,False,,False,
K250959,False,False,False,False,True,False,True,False,True,False,False,True,,False,
K250984,False,False,False,True,True,False,True,True,False,False,False,False,,False,
K250999,False,False,False,True,True,False,True,False,False,False,True,True,,False,
K251002,False,False,False,True,True,False,True,False,True,False,True,False,,False,
K251009,False,False,False,True,True,False,True,False,False,False,True,False,,False,
K251027,False,False,False,True,True,False,True,True,False,False,False,True,,False,
K251029,False,False,False,True,True,False,True,True,False,False,False,False,,False,
K251059,False,True,False,True,True,True,True,True,True,True,True,True,,True,technical_ml
K251071,False,False,False,False,True,True,True,False,False,False,True,True,,False,
K251072,False,False,False,False,True,False,True,True,False,False,True,False,,False,
K251078,False,False,False,True,True,False,True,True,True,True,True,True,,False,
K251082,False,False,False,True,True,False,True,True,True,False,False,False,,False,
K251096,False,True,False,True,True,False,True,True,True,True,True,True,,True,technical_ml
K251106,False,False,False,True,True,False,True,False,False,False,True,True,,False,
K251110,False,False,False,True,True,False,True,False,False,False,False,False,,False,
K251126,False,False,False,True,True,False,True,False,False,False,False,False,,False,
K251151,False,False,False,True,True,False,True,True,True,True,True,False,,False,
K251153,False,True,False,True,True,True,True,False,True,False,True,False,,True,unclear_manual_review
K251167,False,False,False,False,True,False,True,True,False,False,False,True,,False,
K251169,False,False,False,True,True,False,True,True,False,False,True,True,,False,
K251203,False,False,False,False,True,False,True,False,False,False,False,False,,False,
K251221,False,False,False,True,True,True,True,True,True,True,False,True,,False,
K251276,False,False,False,False,True,True,True,False,True,False,True,True,,False,
K251293,False,False,False,True,True,True,True,True,True,False,True,True,,False,
K251316,False,False,False,False,True,False,True,True,False,False,True,False,,False,
K251322,False,False,False,True,True,False,True,True,False,False,True,True,,False,
K251342,False,False,False,True,True,False,True,True,False,False,True,True,,False,
K251355,False,False,False,True,True,False,True,False,False,True,False,False,,False,
K251368,False,True,True,True,True,False,True,True,True,True,False,True,,True,demographic_fairness
K251370,False,False,False,True,True,False,True,False,True,False,False,False,,False,
K251386,False,True,False,True,True,False,True,True,False,False,False,False,,True,unclear_manual_review
K251397,False,False,False,True,True,False,True,False,False,True,False,False,,False,
K251399,False,False,False,True,True,False,True,False,False,False,False,False,,False,
K251406,False,False,False,False,True,False,True,True,False,False,False,True,,False,
K251408,False,True,True,True,True,False,True,True,True,False,True,True,,True,demographic_fairness
K251416,False,False,False,False,True,False,True,True,True,False,True,True,,False,
K251455,False,False,False,True,True,False,True,True,False,False,True,False,,False,
K251456,False,False,False,True,True,False,True,False,False,True,True,True,,False,
K251481,False,False,False,True,True,False,True,True,False,False,False,False,,False,
K251483,False,False,False,False,True,False,True,False,False,False,True,False,,False,
K251494,False,False,False,True,True,False,True,False,True,False,True,True,,False,
K251506,False,False,False,True,True,False,True,False,False,False,False,False,,False,
K251514,False,False,False,True,True,False,True,True,True,False,True,False,,False,
K251518,False,False,False,True,True,False,True,False,False,False,False,True,,False,
K251527,False,False,False,True,True,False,True,True,True,False,False,False,,False,
K251528,False,False,False,True,True,False,True,True,False,False,False,False,,False,
K251532,False,False,False,False,True,True,True,False,False,False,False,False,,False,
K251533,False,True,False,True,True,True,True,True,True,False,True,False,,True,unclear_manual_review
K251590,False,False,False,True,True,False,True,True,True,True,False,True,,False,
K251602,False,False,False,True,True,False,True,False,False,True,False,True,,False,
K251610,False,False,False,False,True,False,True,True,False,False,False,False,,False,
K251629,False,False,False,False,True,False,True,True,False,False,True,False,,False,
K251639,False,False,False,False,True,True,True,False,False,False,False,False,,False,
K251651,False,False,False,False,True,False,True,False,False,False,False,False,,False,
K251656,False,False,False,True,True,False,True,False,False,True,False,False,,False,
K251657,False,False,False,False,True,False,True,False,False,False,False,False,,False,
K251673,False,False,False,False,True,False,True,False,False,False,False,False,,False,
K251682,False,False,False,True,True,False,True,False,True,True,True,True,,False,
K251747,False,False,False,True,True,False,True,True,True,True,True,True,,False,
K251763,False,False,False,True,True,False,True,True,False,True,False,False,,False,
K251766,False,False,False,True,True,False,True,True,False,True,False,True,,False,
K251822,False,False,False,True,True,False,True,True,False,True,False,True,,False,
K251837,False,True,False,False,True,False,True,False,False,False,False,False,,True,unclear_manual_review
K251839,False,False,False,True,True,True,True,True,False,True,True,True,,False,
K251873,False,False,False,True,True,False,True,True,True,False,False,True,,False,
K251931,False,False,False,False,True,False,True,True,False,True,True,False,,False,
K251936,False,False,False,True,True,False,True,True,True,True,True,True,,False,
K251963,False,False,False,True,True,False,True,False,False,False,True,True,,False,
K251983,False,False,False,True,True,False,True,True,True,True,False,True,,False,
K251985,False,False,False,True,True,False,True,False,False,False,True,True,,False,
K251987,False,False,False,True,True,False,True,False,False,False,True,False,,False,
K252007,False,False,False,False,True,False,True,True,True,True,True,False,,False,
K252029,False,False,False,True,True,False,True,False,True,True,False,False,,False,
K252041,False,False,False,True,True,False,True,True,False,True,False,False,,False,
K252054,True,True,True,True,True,False,True,True,False,True,True,True,representativeness,False,
K252074,False,False,False,True,True,False,True,True,True,False,True,False,,False,
K252086,False,False,False,True,True,False,True,True,True,False,True,False,,False,
K252103,False,False,False,True,True,False,True,True,False,True,True,True,,False,
K252105,False,False,False,True,True,False,True,True,False,True,True,False,,False,
K252178,False,False,False,False,True,False,True,False,False,False,False,False,,False,
K252204,False,False,False,True,True,False,True,False,True,True,True,False,,False,
K252214,False,False,False,False,True,True,True,False,False,False,True,False,,False,
K252217,False,False,False,True,True,False,True,False,False,False,True,True,,False,
K252235,False,False,False,True,True,False,True,True,True,True,False,False,,False,
K252284,False,False,False,True,True,False,True,False,False,False,False,False,,False,
K252294,False,False,False,False,True,True,True,False,False,False,True,True,,False,
K252298,False,False,False,True,True,False,True,True,False,True,False,False,,False,
K252328,False,False,False,True,True,False,True,False,False,False,True,True,,False,
K252330,False,False,False,True,True,False,True,False,True,False,False,True,,False,
K252362,False,False,False,False,True,False,True,True,True,False,False,False,,False,
K252366,False,True,True,True,True,True,True,True,True,True,True,True,,True,demographic_fairness
K252371,False,False,False,True,True,False,True,False,False,False,False,False,,False,
K252379,False,False,False,True,True,True,True,True,False,True,False,False,,False,
K252452,False,True,False,True,True,False,True,True,True,True,True,True,,True,technical_ml
K252482,False,False,False,True,True,False,True,True,False,False,True,True,,False,
K252497,False,False,False,True,True,True,True,False,True,False,False,False,,False,
K252504,False,True,False,True,True,False,True,False,False,False,False,True,,True,technical_ml
K252539,False,False,False,False,True,False,True,True,True,True,False,False,,False,
K252557,False,False,False,True,True,False,True,True,False,True,False,False,,False,
K252586,False,False,False,True,True,False,True,True,True,False,False,False,,False,
K252665,False,True,False,False,True,False,True,False,True,False,False,False,,True,technical_ml
K252670,False,False,False,False,True,False,True,True,False,False,True,True,,False,
K252838,False,False,False,True,True,False,True,True,False,True,False,True,,False,
K252856,False,True,False,True,True,False,True,True,True,True,True,True,,True,technical_ml
K252922,False,False,False,False,True,False,True,True,False,False,True,True,,False,
K253091,False,False,False,True,True,False,True,True,False,False,False,False,,False,
K253141,False,False,False,True,True,False,True,False,True,False,False,True,,False,
K253265,False,False,False,False,True,False,True,True,False,False,False,True,,False,
K253269,False,False,False,True,True,True,True,False,False,False,True,True,,False,
K253310,False,False,False,True,True,False,True,False,False,False,False,False,,False,
K253489,False,False,False,False,True,True,True,False,True,False,True,True,,False,
K253516,False,False,False,True,True,False,True,False,False,False,False,False,,False,
K253532,False,False,False,True,True,False,True,True,False,True,True,False,,False,
K253664,False,False,False,True,True,False,True,False,False,False,False,False,,False,
K955841,False,False,False,True,True,False,True,True,False,True,False,False,,False,
P000041,False,False,False,False,True,False,True,False,False,False,False,False,,False,
P010034,False,False,False,False,True,False,True,False,False,False,False,False,,False,
P040028,False,False,False,False,True,False,True,False,False,False,False,False,,False,
P090012,False,False,False,False,True,False,True,False,False,False,False,False,,False,
P110014,False,False,False,True,True,False,False,False,False,False,False,False,,False,
P140011_S008,False,False,False,False,False,False,False,False,False,False,False,False,,False,
P150043,False,False,False,False,False,False,False,False,False,False,False,False,,False,
P150046,False,False,False,False,False,False,False,False,False,False,False,False,,False,
P160009,False,False,False,False,False,False,False,False,False,False,False,False,,False,
P200003,False,False,False,False,False,False,False,False,False,False,False,False,,False,
P210011,False,False,False,False,False,False,False,False,False,False,False,False,,False,
P210015,False,False,False,True,True,False,False,False,False,False,False,False,,False,
P230022,False,False,False,True,True,False,False,False,False,False,False,False,,False,
