device_id,has_a_normative_fairness,has_a_legacy_with_representation,has_a_representation_demographic,has_b,has_c,has_scenario_explicit,has_scenario_setting,has_scenario_workflow,has_scenario_population,has_fairness_broad,has_demographic,has_subgroup,normative_terms_hit,has_representation_token,representation_category,discourse_flow_stage
K003301,False,False,False,False,True,False,True,False,False,False,False,False,,False,,beta1_c_only
K033840,False,False,False,False,True,False,True,False,False,False,False,False,,False,,beta1_c_only
K043341,False,False,False,False,True,False,True,False,True,False,False,False,,False,,beta1_c_only
K080595,False,False,False,True,True,False,True,False,False,False,False,False,,False,,beta2_c_and_b
K080762,False,False,False,True,True,False,True,False,False,False,False,False,,False,,beta2_c_and_b
K080896,False,False,False,True,True,False,True,False,False,False,False,False,,False,,beta2_c_and_b
K081140,False,True,False,True,True,False,True,False,False,False,False,False,,True,technical_ml,beta2_c_and_b
K082483,False,False,False,True,True,False,True,False,False,False,False,False,,False,,beta2_c_and_b
K092116,False,False,False,True,True,False,True,False,False,False,False,False,,False,,beta2_c_and_b
K092967,False,False,False,True,True,False,True,False,False,False,False,False,,False,,beta2_c_and_b
K102778,False,False,False,True,True,False,True,False,False,False,False,False,,False,,beta2_c_and_b
K111776,False,False,False,True,True,False,True,False,False,False,False,False,,False,,beta2_c_and_b
K120161,False,False,False,True,True,False,True,False,False,False,False,False,,False,,beta2_c_and_b
K120489,False,False,False,True,True,False,True,False,False,False,False,False,,False,,beta2_c_and_b
K120771,False,False,False,True,True,False,True,False,False,True,False,False,,False,,beta2_c_and_b
K121617,False,False,False,True,True,False,True,False,False,False,False,False,,False,,beta2_c_and_b
K123526,False,False,False,True,True,False,True,False,False,False,False,False,,False,,beta2_c_and_b
K130831,False,False,False,False,True,False,True,True,True,False,False,False,,False,,beta1_c_only
K131044,False,False,False,True,True,False,True,True,False,False,False,False,,False,,beta2_c_and_b
K133259,False,False,False,True,True,False,True,True,False,True,False,False,,False,,beta2_c_and_b
K133649,False,False,False,True,True,False,True,False,False,False,False,False,,False,,beta2_c_and_b
K141069,False,False,False,True,False,False,True,False,False,False,False,False,,False,,beta0_no_fairness_lexicon
K141480,False,False,False,True,False,False,True,False,False,False,False,False,,False,,beta0_no_fairness_lexicon
K141922,False,False,False,True,True,False,True,True,False,False,True,False,,False,,beta2_c_and_b
K142037,False,False,False,True,True,False,True,False,False,False,False,False,,False,,beta2_c_and_b
K142512,False,False,False,True,True,False,True,False,True,False,False,False,,False,,beta2_c_and_b
K142918,False,False,False,True,True,False,True,False,False,False,True,False,,False,,beta2_c_and_b
K143643,False,False,False,True,True,False,True,False,False,False,False,False,,False,,beta2_c_and_b
K150102,False,False,False,True,False,False,True,False,False,False,False,False,,False,,beta0_no_fairness_lexicon
K150817,False,False,False,True,True,False,True,False,False,True,False,False,,False,,beta2_c_and_b
K152733,False,False,False,True,True,False,True,False,False,True,False,False,,False,,beta2_c_and_b
K153351,False,False,False,True,True,False,True,False,False,False,False,False,,False,,beta2_c_and_b
K153427,False,False,False,True,True,False,True,False,False,False,False,False,,False,,beta2_c_and_b
K160016,False,False,False,True,True,False,True,False,True,False,False,False,,False,,beta2_c_and_b
K160088,False,False,False,True,True,False,True,False,False,True,False,False,,False,,beta2_c_and_b
K160338,False,False,False,True,True,False,True,False,False,True,False,False,,False,,beta2_c_and_b
K160401,False,False,False,True,True,False,True,False,False,False,False,False,,False,,beta2_c_and_b
K161068,False,False,False,True,True,False,True,False,False,False,False,False,,False,,beta2_c_and_b
K161148,False,False,False,True,True,False,True,False,False,False,False,False,,False,,beta2_c_and_b
K161201,False,False,False,True,True,False,True,False,False,True,False,False,,False,,beta2_c_and_b
K161322,False,False,False,True,True,False,True,False,False,False,False,False,,False,,beta2_c_and_b
K161382,False,False,False,True,True,False,True,False,False,False,False,False,,False,,beta2_c_and_b
K161625,False,False,False,True,True,True,True,False,False,False,False,False,,False,,beta2_c_and_b
K161772,False,False,False,True,True,False,True,False,False,False,False,False,,False,,beta2_c_and_b
K161834,False,False,False,True,False,False,True,False,False,False,False,False,,False,,beta0_no_fairness_lexicon
K161959,False,False,False,True,True,False,True,False,False,True,False,False,,False,,beta2_c_and_b
K162830,False,False,False,True,True,False,True,True,False,False,False,False,,False,,beta2_c_and_b
K162855,False,False,False,True,True,False,True,False,False,False,False,False,,False,,beta2_c_and_b
K163013,False,False,False,True,True,False,True,False,False,False,False,False,,False,,beta2_c_and_b
K163138,False,False,False,True,True,False,True,False,False,False,False,False,,False,,beta2_c_and_b
K163253,False,False,False,True,True,False,True,True,False,False,False,False,,False,,beta2_c_and_b
K163339,False,False,False,True,True,False,True,False,False,False,False,False,,False,,beta2_c_and_b
K163622,False,False,False,True,True,False,True,False,True,True,False,False,,False,,beta2_c_and_b
K163623,False,False,False,True,True,False,True,False,False,False,False,False,,False,,beta2_c_and_b
K163665,False,False,False,True,True,False,True,False,True,False,False,False,,False,,beta2_c_and_b
K163694,False,False,False,True,True,False,True,False,False,False,False,False,,False,,beta2_c_and_b
K170069,False,False,False,True,True,False,True,False,False,False,False,False,,False,,beta2_c_and_b
K170172,False,False,False,True,True,False,True,False,False,False,False,False,,False,,beta2_c_and_b
K170250,False,True,True,True,True,False,True,False,True,False,False,False,,True,demographic_fairness,beta2_c_and_b
K170540,False,False,False,True,True,False,True,False,True,False,False,False,,False,,beta2_c_and_b
K170568,False,False,False,True,True,False,True,False,True,False,False,False,,False,,beta2_c_and_b
K170747,False,False,False,True,True,False,True,True,False,True,False,False,,False,,beta2_c_and_b
K170981,False,False,False,True,True,False,True,True,False,False,False,False,,False,,beta2_c_and_b
K171056,False,False,False,True,True,False,True,False,True,True,False,False,,False,,beta2_c_and_b
K171122,False,False,False,True,True,False,True,False,False,False,False,False,,False,,beta2_c_and_b
K171315,False,False,False,True,True,False,True,True,True,False,False,False,,False,,beta2_c_and_b
K171328,False,False,False,True,True,False,True,True,False,True,False,False,,False,,beta2_c_and_b
K171936,False,False,False,True,True,False,True,True,False,False,False,False,,False,,beta2_c_and_b
K172122,False,False,False,True,True,False,True,False,False,False,False,False,,False,,beta2_c_and_b
K172356,False,False,False,True,True,False,True,False,False,False,False,False,,False,,beta2_c_and_b
K172385,False,False,False,True,True,False,True,False,False,False,False,False,,False,,beta2_c_and_b
K172507,False,False,False,True,True,False,True,False,False,False,False,False,,False,,beta2_c_and_b
K172803,False,False,False,True,False,False,True,True,False,False,True,False,,False,,beta0_no_fairness_lexicon
K172959,False,False,False,True,True,False,True,False,True,False,True,False,,False,,beta2_c_and_b
K172983,False,False,False,False,True,False,True,False,False,False,False,False,,False,,beta1_c_only
K173327,False,False,False,True,True,False,True,True,False,True,False,False,,False,,beta2_c_and_b
K173420,False,False,False,True,True,True,True,False,False,False,False,False,,False,,beta2_c_and_b
K173444,False,False,False,False,True,False,True,True,False,False,False,False,,False,,beta1_c_only
K173542,False,False,False,True,True,False,True,True,False,True,False,False,,False,,beta2_c_and_b
K173574,False,False,False,True,True,False,True,False,True,False,False,False,,False,,beta2_c_and_b
K173588,False,False,False,True,True,False,True,True,False,True,False,False,,False,,beta2_c_and_b
K173605,False,False,False,True,True,False,True,False,False,True,False,False,,False,,beta2_c_and_b
K173749,False,False,False,False,False,False,True,False,False,False,False,False,,False,,beta0_no_fairness_lexicon
K173780,False,False,False,True,True,False,True,False,False,True,False,False,,False,,beta2_c_and_b
K173810,False,False,False,True,True,False,True,False,False,False,False,False,,False,,beta2_c_and_b
K173821,False,False,False,False,True,True,True,False,False,False,False,False,,False,,beta1_c_only
K173839,False,False,False,True,True,False,True,False,False,False,False,False,,False,,beta2_c_and_b
K173872,False,False,False,True,True,False,True,False,False,False,False,False,,False,,beta2_c_and_b
K173939,False,False,False,True,True,False,True,False,False,False,False,False,,False,,beta2_c_and_b
K180038,False,True,False,True,True,False,True,False,False,False,False,False,,True,technical_ml,beta2_c_and_b
K180091,False,False,False,True,True,False,True,False,False,False,False,False,,False,,beta2_c_and_b
K180126,False,False,False,True,True,False,True,False,False,False,False,False,,False,,beta2_c_and_b
K180161,False,False,False,True,True,False,True,False,True,False,False,False,,False,,beta2_c_and_b
K180163,False,False,False,True,True,False,True,False,False,False,True,False,,False,,beta2_c_and_b
K180343,False,False,False,True,True,False,True,False,False,True,False,False,,False,,beta2_c_and_b
K180432,False,False,False,True,True,False,True,False,True,False,True,False,,False,,beta2_c_and_b
K180589,False,False,False,True,True,False,True,True,False,False,False,False,,False,,beta2_c_and_b
K180599,False,False,False,True,True,False,True,True,False,False,False,False,,False,,beta2_c_and_b
K180647,False,False,False,False,True,False,True,True,False,False,False,False,,False,,beta1_c_only
K180799,False,False,False,True,True,False,True,False,False,True,False,False,,False,,beta2_c_and_b
K180867,False,False,False,True,True,False,True,True,False,False,False,False,,False,,beta2_c_and_b
K181247,False,False,False,True,True,False,True,True,True,True,False,False,,False,,beta2_c_and_b
K181288,False,False,False,True,True,False,True,False,False,True,False,False,,False,,beta2_c_and_b
K181352,False,False,False,True,True,False,True,False,True,False,False,False,,False,,beta2_c_and_b
K181502,False,False,False,True,True,False,True,False,True,True,False,False,,False,,beta2_c_and_b
K181572,False,False,False,True,True,False,True,True,False,False,False,False,,False,,beta2_c_and_b
K181574,False,False,False,True,True,False,True,False,False,True,False,False,,False,,beta2_c_and_b
K181685,False,False,False,True,True,False,True,True,False,False,False,False,,False,,beta2_c_and_b
K181704,False,False,False,True,True,False,True,True,True,True,False,False,,False,,beta2_c_and_b
K181771,False,False,False,True,True,False,True,False,False,False,False,False,,False,,beta2_c_and_b
K181823,False,False,False,True,True,False,True,False,False,False,False,False,,False,,beta2_c_and_b
K181861,False,False,False,True,True,False,True,False,True,False,False,True,,False,,beta2_c_and_b
K181892,False,False,False,True,False,False,True,True,False,False,False,False,,False,,beta0_no_fairness_lexicon
K181916,False,False,False,True,True,False,True,False,False,True,False,False,,False,,beta2_c_and_b
K181939,False,False,False,False,True,False,True,False,False,False,False,False,,False,,beta1_c_only
K181988,False,True,False,False,True,False,True,False,False,False,False,False,,True,technical_ml,beta1_c_only
K182034,False,False,False,True,True,True,True,True,True,False,False,False,,False,,beta2_c_and_b
K182035,False,False,False,False,True,False,True,False,False,False,False,False,,False,,beta1_c_only
K182112,False,False,False,False,True,False,True,False,False,False,False,False,,False,,beta1_c_only
K182130,False,True,False,True,True,False,True,False,True,False,False,False,,True,unclear_manual_review,beta2_c_and_b
K182149,False,False,False,True,True,False,True,False,True,True,False,True,,False,,beta2_c_and_b
K182177,False,False,False,False,True,False,True,True,False,False,False,False,,False,,beta1_c_only
K182181,False,False,False,True,True,False,True,False,False,False,False,False,,False,,beta2_c_and_b
K182218,False,True,True,True,True,False,True,False,True,True,True,False,,True,demographic_fairness,beta2_c_and_b
K182310,False,False,False,True,True,False,True,False,False,False,False,False,,False,,beta2_c_and_b
K182336,False,False,False,False,True,False,True,True,False,False,False,False,,False,,beta1_c_only
K182344,False,False,False,True,True,False,True,False,True,False,False,False,,False,,beta2_c_and_b
K182373,False,False,False,True,True,False,True,False,True,True,False,True,,False,,beta2_c_and_b
K182384,False,False,False,True,True,False,True,True,False,True,False,False,,False,,beta2_c_and_b
K182419,False,False,False,True,True,False,True,True,False,False,False,False,,False,,beta2_c_and_b
K182456,False,False,False,True,True,False,True,False,False,True,False,False,,False,,beta2_c_and_b
K182513,False,False,False,False,True,False,True,False,False,False,False,False,,False,,beta1_c_only
K182564,False,False,False,True,True,False,True,True,False,False,False,False,,False,,beta2_c_and_b
K182616,False,False,False,False,True,False,True,False,False,False,False,False,,False,,beta1_c_only
K182790,False,False,False,True,True,False,True,False,False,False,False,False,,False,,beta2_c_and_b
K182798,False,False,False,True,True,False,True,False,False,False,False,False,,False,,beta2_c_and_b
K182875,False,False,False,False,True,False,True,True,False,False,False,False,,False,,beta1_c_only
K182901,False,False,False,True,True,False,True,False,False,False,False,False,,False,,beta2_c_and_b
K183012,False,False,False,True,True,False,True,True,False,True,False,False,,False,,beta2_c_and_b
K183019,False,False,False,False,True,False,True,True,False,False,False,False,,False,,beta1_c_only
K183046,False,False,False,True,True,False,True,False,False,False,False,False,,False,,beta2_c_and_b
K183089,False,False,False,True,True,False,True,False,False,False,False,False,,False,,beta2_c_and_b
K183133,False,False,False,True,True,False,True,True,False,True,False,False,,False,,beta2_c_and_b
K183182,False,False,False,False,True,False,True,False,False,False,False,False,,False,,beta1_c_only
K183202,False,False,False,True,True,False,True,True,False,False,False,False,,False,,beta2_c_and_b
K183204,False,False,False,False,True,True,True,False,False,False,False,False,,False,,beta1_c_only
K183231,False,False,False,False,True,False,True,True,False,False,False,False,,False,,beta1_c_only
K183268,False,False,False,True,True,False,True,True,False,True,False,True,,False,,beta2_c_and_b
K183271,False,False,False,True,True,False,True,True,False,True,False,True,,False,,beta2_c_and_b
K183272,False,False,False,True,True,False,True,True,False,True,False,False,,False,,beta2_c_and_b
K183274,False,False,False,True,True,False,True,False,False,True,False,False,,False,,beta2_c_and_b
K183282,False,False,False,True,True,False,True,False,False,False,False,False,,False,,beta2_c_and_b
K183285,False,False,False,False,True,False,True,True,False,False,False,False,,False,,beta1_c_only
K183322,False,False,False,True,True,False,True,False,True,False,False,False,,False,,beta2_c_and_b
K183370,False,False,False,True,False,False,True,False,True,False,True,False,,False,,beta0_no_fairness_lexicon
K183460,False,False,False,True,True,False,True,False,False,False,False,True,,False,,beta2_c_and_b
K183489,False,False,False,False,True,False,True,False,False,False,False,False,,False,,beta1_c_only
K183593,False,False,False,False,False,False,False,False,False,False,False,False,,False,,beta0_no_fairness_lexicon
K183646,False,False,False,True,True,False,True,False,False,False,False,False,,False,,beta2_c_and_b
K183648,False,False,False,False,True,False,True,False,False,False,False,False,,False,,beta1_c_only
K183704,False,False,False,True,True,False,True,False,False,False,False,False,,False,,beta2_c_and_b
K190013,False,False,False,True,True,False,True,True,True,True,False,False,,False,,beta2_c_and_b
K190017,False,False,False,True,True,True,True,True,False,True,False,False,,False,,beta2_c_and_b
K190072,False,False,False,False,True,False,True,True,False,False,False,False,,False,,beta1_c_only
K190334,False,False,False,True,True,False,True,False,True,False,False,False,,False,,beta2_c_and_b
K190362,False,False,False,False,True,False,True,True,False,False,False,False,,False,,beta1_c_only
K190387,False,False,False,False,True,False,True,True,False,False,False,False,,False,,beta1_c_only
K190424,False,False,False,False,True,False,True,True,False,False,False,False,,False,,beta1_c_only
K190442,False,False,False,False,True,False,True,False,True,False,True,False,,False,,beta1_c_only
K190529,False,False,False,False,True,False,True,False,True,False,False,False,,False,,beta1_c_only
K190593,False,False,False,True,True,False,True,False,False,False,False,False,,False,,beta2_c_and_b
K190764,False,False,False,True,True,False,True,False,True,False,True,False,,False,,beta2_c_and_b
K190815,False,False,False,True,True,False,True,True,False,False,False,True,,False,,beta2_c_and_b
K190868,False,False,False,True,True,False,True,False,False,True,False,False,,False,,beta2_c_and_b
K190896,False,False,False,False,True,False,True,True,False,False,False,False,,False,,beta1_c_only
K190898,False,False,False,True,True,False,True,False,False,True,False,False,,False,,beta2_c_and_b
K190925,False,False,False,True,False,False,True,False,False,False,False,False,,False,,beta0_no_fairness_lexicon
K191026,False,False,False,False,True,False,True,False,False,False,False,False,,False,,beta1_c_only
K191083,False,False,False,False,True,False,True,False,False,False,False,False,,False,,beta1_c_only
K191125,False,False,False,False,True,False,True,True,False,False,False,False,,False,,beta1_c_only
K191171,False,False,False,True,True,False,True,True,True,True,False,False,,False,,beta2_c_and_b
K191179,False,False,False,True,True,False,True,False,False,False,False,False,,False,,beta2_c_and_b
K191183,False,False,False,True,True,False,True,False,True,False,False,False,,False,,beta2_c_and_b
K191194,False,False,False,True,True,False,True,True,False,True,False,False,,False,,beta2_c_and_b
K191262,False,False,False,False,True,False,True,False,False,False,False,False,,False,,beta1_c_only
K191278,False,False,False,False,True,False,True,False,False,False,False,False,,False,,beta1_c_only
K191370,False,False,False,True,True,False,True,False,True,True,False,False,,False,,beta2_c_and_b
K191384,False,False,False,False,True,False,True,True,False,False,False,False,,False,,beta1_c_only
K191493,False,False,False,False,True,False,True,False,False,False,False,False,,False,,beta1_c_only
K191550,False,False,False,False,True,False,True,True,False,False,False,False,,False,,beta1_c_only
K191556,False,False,False,False,True,True,True,True,False,False,False,False,,False,,beta1_c_only
K191585,False,False,False,True,True,False,True,True,False,True,False,False,,False,,beta2_c_and_b
K191647,False,False,False,True,True,False,True,True,False,False,False,False,,False,,beta2_c_and_b
K191688,False,False,False,False,True,False,True,True,False,False,False,False,,False,,beta1_c_only
K191713,False,False,False,True,True,False,True,False,False,False,True,False,,False,,beta2_c_and_b
K191928,False,False,False,False,True,False,True,False,False,False,False,False,,False,,beta1_c_only
K191994,False,False,False,True,True,False,True,False,True,True,False,False,,False,,beta2_c_and_b
K192004,False,False,False,True,True,False,True,False,False,False,False,False,,False,,beta2_c_and_b
K192051,False,False,False,True,True,False,True,True,False,False,False,False,,False,,beta2_c_and_b
K192065,False,False,False,True,True,False,True,True,False,True,False,False,,False,,beta2_c_and_b
K192107,False,False,False,True,True,False,True,False,False,False,False,False,,False,,beta2_c_and_b
K192109,False,False,False,False,True,False,True,False,False,False,False,False,,False,,beta1_c_only
K192130,False,True,True,True,True,False,True,False,False,False,False,False,,True,demographic_fairness,beta2_c_and_b
K192167,False,False,False,False,True,False,True,True,False,False,False,False,,False,,beta1_c_only
K192279,False,False,False,True,True,False,True,False,False,False,False,False,,False,,beta2_c_and_b
K192287,False,False,False,True,True,False,True,False,True,True,False,False,,False,,beta2_c_and_b
K192304,False,False,False,False,True,False,True,True,False,False,False,False,,False,,beta1_c_only
K192320,False,False,False,False,True,False,True,True,False,False,False,False,,False,,beta1_c_only
K192377,False,False,False,True,True,False,True,True,False,False,False,False,,False,,beta2_c_and_b
K192383,False,False,False,False,True,False,True,True,False,False,False,False,,False,,beta1_c_only
K192388,False,False,False,True,True,False,True,False,False,False,False,False,,False,,beta2_c_and_b
K192415,False,False,False,True,True,False,True,False,False,False,False,False,,False,,beta2_c_and_b
K192437,False,False,False,True,True,False,True,True,True,False,False,False,,False,,beta2_c_and_b
K192442,False,False,False,True,True,False,True,True,True,True,False,False,,False,,beta2_c_and_b
K192455,False,False,False,True,True,False,True,True,False,False,False,False,,False,,beta2_c_and_b
K192531,False,False,False,True,True,True,True,False,False,True,False,False,,False,,beta2_c_and_b
K192571,False,False,False,False,False,False,True,False,False,False,False,False,,False,,beta0_no_fairness_lexicon
K192574,False,False,False,True,True,False,True,False,False,False,False,False,,False,,beta2_c_and_b
K192601,False,False,False,True,True,False,True,False,False,False,False,False,,False,,beta2_c_and_b
K192665,False,False,False,True,True,False,True,False,True,False,False,False,,False,,beta2_c_and_b
K192732,False,False,False,True,True,False,True,False,False,False,False,False,,False,,beta2_c_and_b
K192763,False,False,False,True,True,False,True,True,False,False,False,False,,False,,beta2_c_and_b
K192828,False,False,False,True,True,False,True,False,False,False,False,False,,False,,beta2_c_and_b
K192832,False,False,False,True,True,False,True,False,False,False,False,False,,False,,beta2_c_and_b
K192854,False,False,False,False,True,False,True,False,True,True,False,False,,False,,beta1_c_only
K192880,False,False,False,True,True,False,True,False,False,False,False,False,,False,,beta2_c_and_b
K192901,False,False,False,False,True,False,True,True,False,False,False,False,,False,,beta1_c_only
K192945,False,False,False,True,True,True,True,True,False,True,False,False,,False,,beta2_c_and_b
K192956,False,False,False,True,True,False,True,True,False,True,False,False,,False,,beta2_c_and_b
K192962,False,True,False,False,True,False,True,False,True,False,False,False,,True,unclear_manual_review,beta1_c_only
K192969,False,False,False,True,True,False,True,True,False,False,False,False,,False,,beta2_c_and_b
K192973,False,False,False,False,True,False,True,False,True,False,False,False,,False,,beta1_c_only
K193073,False,False,False,True,True,False,True,True,False,True,False,False,,False,,beta2_c_and_b
K193087,False,False,False,True,True,False,True,True,False,False,False,False,,False,,beta2_c_and_b
K193097,False,False,False,True,True,False,True,False,False,False,False,False,,False,,beta2_c_and_b
K193109,False,False,False,True,True,False,True,True,False,False,False,False,,False,,beta2_c_and_b
K193170,False,False,False,True,True,False,True,True,False,False,False,False,,False,,beta2_c_and_b
K193176,False,False,False,False,True,False,True,False,False,False,False,False,,False,,beta1_c_only
K193178,False,False,False,True,True,False,True,True,False,True,False,False,,False,,beta2_c_and_b
K193210,False,False,False,True,True,False,True,True,False,True,False,False,,False,,beta2_c_and_b
K193216,False,False,False,True,True,False,True,True,False,True,False,False,,False,,beta2_c_and_b
K193220,False,False,False,True,True,False,True,True,False,False,False,False,,False,,beta2_c_and_b
K193229,False,False,False,True,True,False,True,True,True,True,False,False,,False,,beta2_c_and_b
K193248,False,False,False,True,True,False,True,True,False,True,False,False,,False,,beta2_c_and_b
K193252,False,False,False,False,True,False,True,True,False,False,False,False,,False,,beta1_c_only
K193267,False,False,False,True,True,False,True,True,False,True,False,True,,False,,beta2_c_and_b
K193271,False,False,False,False,True,False,True,True,True,False,False,False,,False,,beta1_c_only
K193281,False,False,False,False,True,False,True,True,False,True,False,False,,False,,beta1_c_only
K193282,False,False,False,True,True,True,True,False,True,True,False,False,,False,,beta2_c_and_b
K193283,False,False,False,True,True,False,True,True,False,True,False,False,,False,,beta2_c_and_b
K193287,False,False,False,False,True,False,True,False,True,False,False,False,,False,,beta1_c_only
K193289,False,False,False,True,True,False,True,True,False,True,False,False,,False,,beta2_c_and_b
K193290,False,False,False,True,True,False,True,True,False,True,False,False,,False,,beta2_c_and_b
K193294,False,False,False,True,True,False,True,True,False,True,False,False,,False,,beta2_c_and_b
K193298,False,False,False,False,True,False,True,True,False,False,False,False,,False,,beta1_c_only
K193300,False,False,False,False,True,False,True,True,False,False,False,False,,False,,beta1_c_only
K193306,False,False,False,False,True,True,True,True,True,False,False,False,,False,,beta1_c_only
K193351,False,False,False,False,True,False,True,True,False,False,True,False,,False,,beta1_c_only
K193417,False,False,False,True,True,False,True,False,True,True,False,False,,False,,beta2_c_and_b
K193518,False,False,False,True,True,False,True,False,False,False,False,False,,False,,beta2_c_and_b
K193562,False,False,False,True,True,False,True,True,False,True,False,False,,False,,beta2_c_and_b
K193631,False,True,False,True,True,False,True,False,False,False,False,False,,True,unclear_manual_review,beta2_c_and_b
K193658,False,False,False,False,True,False,True,True,False,False,False,False,,False,,beta1_c_only
K200036,False,False,False,True,True,False,True,False,False,False,False,False,,False,,beta2_c_and_b
K200232,False,False,False,False,True,False,True,False,False,False,True,False,,False,,beta1_c_only
K200323,False,False,False,True,True,False,True,True,False,False,False,False,,False,,beta2_c_and_b
K200356,False,False,False,False,True,False,True,True,False,False,False,False,,False,,beta1_c_only
K200497,False,False,False,True,True,False,True,True,False,False,False,False,,False,,beta2_c_and_b
K200569,False,False,False,False,True,False,True,True,False,False,False,False,,False,,beta1_c_only
K200595,False,False,False,False,True,False,True,False,True,False,False,False,,False,,beta1_c_only
K200621,False,False,False,True,True,False,True,False,False,False,False,False,,False,,beta2_c_and_b
K200667,False,False,False,True,True,False,True,False,True,True,True,True,,False,,beta2_c_and_b
K200708,False,False,False,True,True,False,True,False,False,False,False,False,,False,,beta2_c_and_b
K200714,False,False,False,True,True,False,True,True,False,False,False,False,,False,,beta2_c_and_b
K200717,False,False,False,True,True,False,True,False,False,False,False,False,,False,,beta2_c_and_b
K200743,False,False,False,True,True,False,True,True,False,False,False,False,,False,,beta2_c_and_b
K200750,False,False,False,True,True,False,True,True,False,False,False,False,,False,,beta2_c_and_b
K200755,False,False,False,False,True,False,True,False,False,False,False,False,,False,,beta1_c_only
K200760,False,True,False,True,True,False,True,True,True,True,False,True,,True,unclear_manual_review,beta2_c_and_b
K200828,False,False,False,True,True,False,True,False,False,True,False,False,,False,,beta2_c_and_b
K200833,False,False,False,True,True,False,True,False,False,False,False,False,,False,,beta2_c_and_b
K200851,False,False,False,True,True,False,True,False,False,False,False,False,,False,,beta2_c_and_b
K200852,False,False,False,True,True,False,True,False,False,False,False,False,,False,,beta2_c_and_b
K200855,False,False,False,False,True,False,True,True,False,False,False,False,,False,,beta1_c_only
K200873,False,False,False,False,True,False,True,True,False,False,False,False,,False,,beta1_c_only
K200905,False,False,False,False,True,False,True,True,False,False,False,False,,False,,beta1_c_only
K200921,False,False,False,False,True,False,True,True,False,False,False,False,,False,,beta1_c_only
K200941,False,True,False,True,True,False,True,True,True,False,False,False,,True,unclear_manual_review,beta2_c_and_b
K200974,False,False,False,False,True,False,True,True,False,False,False,False,,False,,beta1_c_only
K200980,False,False,False,False,True,False,True,False,True,False,False,False,,False,,beta1_c_only
K200990,False,False,False,True,True,True,True,True,False,True,False,False,,False,,beta2_c_and_b
K201012,False,False,False,True,True,False,True,False,False,False,False,False,,False,,beta2_c_and_b
K201019,False,False,False,True,True,False,True,True,False,True,False,False,,False,,beta2_c_and_b
K201020,False,False,False,False,True,False,True,True,False,False,False,False,,False,,beta1_c_only
K201034,False,False,False,True,True,False,True,True,False,True,False,False,,False,,beta2_c_and_b
K201039,False,True,True,True,True,False,True,False,True,False,True,False,,True,demographic_fairness,beta2_c_and_b
K201103,False,False,False,True,True,True,True,True,False,False,False,False,,False,,beta2_c_and_b
K201195,False,False,False,True,True,False,True,True,False,True,False,False,,False,,beta2_c_and_b
K201232,False,False,False,False,True,True,True,False,False,False,False,False,,False,,beta1_c_only
K201298,False,False,False,True,True,False,True,False,False,False,False,False,,False,,beta2_c_and_b
K201301,False,False,False,False,True,False,True,False,False,False,False,False,,False,,beta1_c_only
K201310,False,False,False,False,True,False,True,True,False,False,False,True,,False,,beta1_c_only
K201369,False,False,False,True,True,True,True,False,False,True,False,False,,False,,beta2_c_and_b
K201411,False,False,False,True,True,False,True,False,True,False,False,False,,False,,beta2_c_and_b
K201444,False,False,False,True,True,False,True,True,False,True,False,False,,False,,beta2_c_and_b
K201555,False,False,False,False,True,False,True,False,True,False,False,False,,False,,beta1_c_only
K201560,False,False,False,True,True,False,True,True,False,False,False,False,,False,,beta2_c_and_b
K201615,False,False,False,True,True,False,True,False,False,False,False,False,,False,,beta2_c_and_b
K201632,False,False,False,False,True,False,True,True,False,False,False,False,,False,,beta1_c_only
K201710,False,False,False,True,True,False,True,True,False,False,False,False,,False,,beta2_c_and_b
K201745,False,False,False,True,True,False,True,True,False,False,False,False,,False,,beta2_c_and_b
K201836,False,False,False,True,True,False,True,False,False,False,False,False,,False,,beta2_c_and_b
K201841,False,False,False,True,True,False,True,False,True,False,False,False,,False,,beta2_c_and_b
K201985,False,True,True,True,True,False,True,False,False,False,False,False,,True,demographic_fairness,beta2_c_and_b
K201992,False,False,False,False,False,False,True,False,False,False,False,False,,False,,beta0_no_fairness_lexicon
K202013,False,False,False,False,True,False,True,False,False,False,False,False,,False,,beta1_c_only
K202089,False,False,False,False,True,False,True,False,False,False,False,False,,False,,beta1_c_only
K202170,False,False,False,True,True,False,True,False,True,False,False,False,,False,,beta2_c_and_b
K202212,False,False,False,False,True,False,True,True,True,False,False,False,,False,,beta1_c_only
K202229,False,False,False,True,True,False,True,True,False,True,False,False,,False,,beta2_c_and_b
K202238,False,False,False,True,True,True,True,False,False,True,False,False,,False,,beta2_c_and_b
K202280,False,False,False,True,True,False,True,False,False,True,False,False,,False,,beta2_c_and_b
K202284,False,False,False,False,True,False,True,True,True,False,False,False,,False,,beta1_c_only
K202300,False,False,False,True,True,True,True,True,True,True,True,False,,False,,beta2_c_and_b
K202404,False,False,False,True,True,False,True,True,False,False,False,False,,False,,beta2_c_and_b
K202414,False,False,False,False,True,False,True,False,False,False,False,False,,False,,beta1_c_only
K202441,False,False,False,True,True,False,True,False,False,True,False,False,,False,,beta2_c_and_b
K202487,False,False,False,False,True,False,True,False,False,False,False,False,,False,,beta1_c_only
K202501,False,False,False,True,True,False,True,True,False,False,False,False,,False,,beta2_c_and_b
K202527,False,False,False,True,True,False,True,False,True,True,False,False,,False,,beta2_c_and_b
K202546,False,False,False,False,True,False,True,False,False,False,False,False,,False,,beta1_c_only
K202700,False,False,False,False,True,False,True,True,False,False,False,False,,False,,beta1_c_only
K202718,False,False,False,True,True,True,True,True,True,True,False,False,,False,,beta2_c_and_b
K202767,False,False,False,False,True,False,True,False,False,False,False,False,,False,,beta1_c_only
K202927,False,False,False,True,True,False,True,False,False,False,False,False,,False,,beta2_c_and_b
K202928,True,True,True,False,True,False,True,True,True,True,False,False,representativeness,False,,alpha_normative_anchor
K202990,False,False,False,False,True,False,True,True,False,False,False,False,,False,,beta1_c_only
K202992,False,False,False,False,True,False,True,True,False,False,False,False,,False,,beta1_c_only
K203042,False,False,False,True,True,False,True,False,False,False,False,False,,False,,beta2_c_and_b
K203103,False,False,False,True,True,False,True,False,False,True,False,False,,False,,beta2_c_and_b
K203169,False,False,False,True,True,False,True,True,False,False,False,False,,False,,beta2_c_and_b
K203182,False,False,False,False,True,False,True,True,False,False,False,False,,False,,beta1_c_only
K203225,False,False,False,True,True,False,True,False,False,False,False,False,,False,,beta2_c_and_b
K203235,False,False,False,False,True,False,True,True,False,False,False,False,,False,,beta1_c_only
K203256,False,False,False,False,True,False,True,False,False,False,False,False,,False,,beta1_c_only
K203258,False,False,False,True,True,False,True,True,False,True,False,False,,False,,beta2_c_and_b
K203260,False,False,False,False,True,False,True,True,False,False,False,False,,False,,beta1_c_only
K203280,False,False,False,True,True,False,True,False,True,False,False,False,,False,,beta2_c_and_b
K203314,False,False,False,True,True,False,True,False,False,False,False,False,,False,,beta2_c_and_b
K203323,False,False,False,False,True,False,True,False,False,False,False,False,,False,,beta1_c_only
K203329,False,False,False,True,False,False,True,False,False,False,False,False,,False,,beta0_no_fairness_lexicon
K203443,False,False,False,True,True,False,True,True,False,True,False,False,,False,,beta2_c_and_b
K203448,False,False,False,True,True,False,True,False,False,True,False,False,,False,,beta2_c_and_b
K203469,False,False,False,False,True,False,True,False,False,False,False,False,,False,,beta1_c_only
K203502,False,False,False,False,True,False,True,True,False,False,False,True,,False,,beta1_c_only
K203508,False,False,False,False,True,False,True,True,True,False,False,False,,False,,beta1_c_only
K203514,False,False,False,True,True,False,True,True,True,False,False,False,,False,,beta2_c_and_b
K203517,False,False,False,False,True,False,True,True,False,False,False,False,,False,,beta1_c_only
K203555,False,False,False,False,True,False,True,False,False,False,False,False,,False,,beta1_c_only
K203578,False,False,False,True,True,False,True,False,False,False,False,False,,False,,beta2_c_and_b
K203582,False,False,False,True,True,False,True,True,False,False,False,False,,False,,beta2_c_and_b
K203610,False,False,False,False,True,False,True,True,False,False,False,False,,False,,beta1_c_only
K203617,False,False,False,True,True,True,True,False,True,False,False,False,,False,,beta2_c_and_b
K203629,False,False,False,True,True,False,True,True,False,True,False,False,,False,,beta2_c_and_b
K203696,False,False,False,False,True,False,True,False,False,False,False,False,,False,,beta1_c_only
K203744,False,False,False,True,True,False,True,True,True,False,False,False,,False,,beta2_c_and_b
K203783,False,False,False,True,True,False,True,False,False,False,False,True,,False,,beta2_c_and_b
K203785,False,False,False,True,True,False,True,False,False,False,False,False,,False,,beta2_c_and_b
K203822,False,False,False,True,True,False,True,False,True,True,False,False,,False,,beta2_c_and_b
K210001,False,False,False,True,True,False,True,False,False,True,False,False,,False,,beta2_c_and_b
K210034,True,True,True,True,True,False,True,False,True,True,True,True,representativeness,False,,alpha_normative_anchor
K210053,False,False,False,False,True,False,True,False,False,False,False,False,,False,,beta1_c_only
K210069,False,False,False,True,True,False,True,False,False,True,False,False,,False,,beta2_c_and_b
K210071,False,False,False,False,True,False,True,False,False,False,False,False,,False,,beta1_c_only
K210085,False,True,False,False,True,False,True,True,False,False,False,False,,True,unclear_manual_review,beta1_c_only
K210187,False,False,False,False,True,True,True,False,True,False,True,False,,False,,beta1_c_only
K210209,False,False,False,False,True,False,True,True,False,False,False,False,,False,,beta1_c_only
K210237,False,False,False,False,True,False,True,True,False,False,False,False,,False,,beta1_c_only
K210365,False,False,False,False,True,False,True,True,False,False,False,False,,False,,beta1_c_only
K210404,False,False,False,True,True,False,True,True,True,True,False,False,,False,,beta2_c_and_b
K210426,False,False,False,True,True,False,True,False,False,False,False,False,,False,,beta2_c_and_b
K210438,False,False,False,True,True,False,True,True,False,False,False,False,,False,,beta2_c_and_b
K210458,False,False,False,True,True,False,True,True,False,False,False,False,,False,,beta2_c_and_b
K210484,False,False,False,True,True,False,True,False,False,False,False,False,,False,,beta2_c_and_b
K210543,False,False,False,True,True,False,True,False,False,False,False,False,,False,,beta2_c_and_b
K210556,False,True,False,False,False,False,True,False,False,False,False,False,,True,technical_ml,beta0_no_fairness_lexicon
K210611,False,False,False,True,True,False,True,True,False,True,False,False,,False,,beta2_c_and_b
K210632,False,False,False,False,True,False,True,False,False,False,False,False,,False,,beta1_c_only
K210645,False,False,False,True,True,True,True,True,True,True,False,False,,False,,beta2_c_and_b
K210666,False,False,False,True,True,False,True,True,True,True,False,False,,False,,beta2_c_and_b
K210670,False,False,False,True,True,True,True,False,True,True,True,True,,False,,beta2_c_and_b
K210719,False,False,False,True,True,False,True,True,True,True,True,False,,False,,beta2_c_and_b
K210747,False,False,False,False,True,False,True,True,False,False,False,False,,False,,beta1_c_only
K210760,False,False,False,True,True,False,True,True,False,True,False,False,,False,,beta2_c_and_b
K210791,False,False,False,True,True,False,True,False,False,True,True,False,,False,,beta2_c_and_b
K210807,False,False,False,True,True,True,True,True,False,False,False,False,,False,,beta2_c_and_b
K210822,False,False,False,True,True,False,True,False,True,False,False,False,,False,,beta2_c_and_b
K210831,False,False,False,True,True,False,True,False,False,False,False,False,,False,,beta2_c_and_b
K210999,False,False,False,True,True,False,True,True,False,False,False,False,,False,,beta2_c_and_b
K211118,False,False,False,False,True,True,True,False,False,False,False,False,,False,,beta1_c_only
K211161,False,False,False,False,True,False,True,False,False,False,False,False,,False,,beta1_c_only
K211179,False,False,False,False,True,False,True,True,False,False,False,False,,False,,beta1_c_only
K211222,False,False,False,False,True,False,True,True,False,False,False,False,,False,,beta1_c_only
K211279,False,False,False,True,True,False,True,False,False,False,False,False,,False,,beta2_c_and_b
K211326,False,False,False,True,True,False,True,False,False,False,False,False,,False,,beta2_c_and_b
K211379,False,False,False,True,True,False,True,True,True,True,False,False,,False,,beta2_c_and_b
K211431,False,False,False,False,True,False,True,False,False,False,True,False,,False,,beta1_c_only
K211443,False,False,False,True,True,False,True,False,False,False,True,False,,False,,beta2_c_and_b
K211459,False,False,False,True,True,False,True,True,False,True,False,False,,False,,beta2_c_and_b
K211506,False,False,False,True,True,False,True,False,True,True,False,False,,False,,beta2_c_and_b
K211541,False,False,False,True,True,False,True,False,True,True,False,False,,False,,beta2_c_and_b
K211597,False,False,False,False,True,True,True,False,False,False,False,False,,False,,beta1_c_only
K211611,False,False,False,False,True,False,True,False,True,False,True,False,,False,,beta1_c_only
K211655,False,False,False,False,True,False,True,False,False,False,False,False,,False,,beta1_c_only
K211678,False,False,False,True,True,False,True,True,False,True,False,False,,False,,beta2_c_and_b
K211733,False,False,False,False,True,False,True,True,False,False,False,False,,False,,beta1_c_only
K211764,False,False,False,True,True,False,True,True,False,True,False,False,,False,,beta2_c_and_b
K211788,False,False,False,False,True,False,True,True,False,False,False,False,,False,,beta1_c_only
K211803,False,False,False,False,True,False,True,True,False,False,False,False,,False,,beta1_c_only
K211824,False,False,False,True,True,False,True,False,False,True,False,False,,False,,beta2_c_and_b
K211828,False,False,False,True,True,False,True,False,False,False,False,False,,False,,beta2_c_and_b
K211841,False,False,False,True,True,False,True,False,False,False,False,False,,False,,beta2_c_and_b
K211846,False,False,False,True,True,True,True,False,True,False,False,False,,False,,beta2_c_and_b
K211867,False,False,False,True,True,False,True,False,False,True,False,False,,False,,beta2_c_and_b
K211881,False,False,False,False,True,False,True,False,False,False,False,False,,False,,beta1_c_only
K211906,False,False,False,True,True,False,True,False,True,True,False,False,,False,,beta2_c_and_b
K211945,False,False,False,True,True,False,True,False,False,False,False,False,,False,,beta2_c_and_b
K211951,False,False,False,True,True,False,True,False,False,False,False,False,,False,,beta2_c_and_b
K211964,False,False,False,False,True,False,True,True,False,False,False,False,,False,,beta1_c_only
K211966,False,False,False,True,True,True,True,False,True,True,True,False,,False,,beta2_c_and_b
K211980,False,False,False,True,True,False,True,False,False,False,False,False,,False,,beta2_c_and_b
K212005,False,False,False,True,True,False,True,False,False,True,False,False,,False,,beta2_c_and_b
K212012,False,False,False,True,True,False,True,False,False,False,False,False,,False,,beta2_c_and_b
K212067,False,False,False,True,True,False,True,True,False,False,False,False,,False,,beta2_c_and_b
K212074,False,False,False,True,True,False,True,False,False,False,False,False,,False,,beta2_c_and_b
K212100,False,False,False,True,True,False,True,True,False,False,False,False,,False,,beta2_c_and_b
K212116,False,False,False,False,True,False,True,True,False,False,False,False,,False,,beta1_c_only
K212218,False,False,False,False,True,False,True,True,False,False,False,False,,False,,beta1_c_only
K212219,False,False,False,True,True,False,True,False,True,True,False,False,,False,,beta2_c_and_b
K212230,False,False,False,True,True,False,True,True,False,False,False,False,,False,,beta2_c_and_b
K212261,False,True,True,False,True,False,True,True,False,False,False,False,,True,demographic_fairness,beta1_c_only
K212265,False,False,False,True,True,False,True,False,False,False,False,False,,False,,beta2_c_and_b
K212269,False,False,False,True,True,False,True,False,False,True,False,False,,False,,beta2_c_and_b
K212274,False,False,False,True,True,False,True,False,False,True,False,False,,False,,beta2_c_and_b
K212333,False,False,False,True,True,False,True,False,False,False,False,False,,False,,beta2_c_and_b
K212336,False,False,False,True,True,False,True,False,True,False,False,False,,False,,beta2_c_and_b
K212365,False,False,False,True,True,False,True,False,True,True,False,True,,False,,beta2_c_and_b
K212383,False,False,False,True,True,False,True,False,True,False,False,False,,False,,beta2_c_and_b
K212441,False,False,False,True,True,False,True,True,False,True,False,False,,False,,beta2_c_and_b
K212442,False,True,True,False,True,False,True,False,True,False,False,False,,True,demographic_fairness,beta1_c_only
K212456,False,False,False,False,True,True,True,False,False,False,False,False,,False,,beta1_c_only
K212466,False,False,False,False,True,False,True,False,False,False,False,False,,False,,beta1_c_only
K212516,False,True,True,True,True,True,True,False,True,False,True,False,,True,demographic_fairness,beta2_c_and_b
K212519,False,True,False,True,True,False,True,False,True,True,False,True,,True,unclear_manual_review,beta2_c_and_b
K212616,False,False,False,False,True,True,True,True,True,False,True,False,,False,,beta1_c_only
K212624,False,False,False,True,True,False,True,False,False,False,False,False,,False,,beta2_c_and_b
K212654,False,True,False,True,True,False,True,False,True,False,False,False,,True,unclear_manual_review,beta2_c_and_b
K212662,False,False,False,True,True,False,True,False,False,False,False,False,,False,,beta2_c_and_b
K212690,False,False,False,False,True,False,True,True,False,False,False,False,,False,,beta1_c_only
K212704,False,False,False,False,True,True,True,False,False,False,False,False,,False,,beta1_c_only
K212758,False,False,False,True,True,False,True,False,True,False,False,False,,False,,beta2_c_and_b
K212783,False,False,False,True,True,False,True,False,True,True,False,False,,False,,beta2_c_and_b
K212915,False,False,False,False,True,False,True,True,True,False,False,False,,False,,beta1_c_only
K212960,False,False,False,True,True,False,True,False,False,False,False,False,,False,,beta2_c_and_b
K213037,False,False,False,True,True,False,True,True,False,True,False,False,,False,,beta2_c_and_b
K213096,False,True,True,True,True,False,True,True,False,True,False,True,,True,demographic_fairness,beta2_c_and_b
K213155,False,False,False,False,True,False,True,True,False,False,False,False,,False,,beta1_c_only
K213165,False,True,False,True,True,False,True,False,True,True,False,False,,True,unclear_manual_review,beta2_c_and_b
K213272,False,True,False,False,True,False,True,False,True,False,True,True,,True,technical_ml,beta1_c_only
K213275,False,False,False,True,True,False,True,True,True,True,False,False,,False,,beta2_c_and_b
K213305,False,False,False,True,True,False,True,False,False,False,False,False,,False,,beta2_c_and_b
K213307,False,False,False,True,False,False,True,False,False,True,False,False,,False,,beta1_b_without_c
K213319,False,False,False,False,True,False,True,True,False,False,False,True,,False,,beta1_c_only
K213353,False,False,False,True,True,False,True,True,True,True,False,False,,False,,beta2_c_and_b
K213357,False,False,False,True,True,False,True,False,False,False,True,False,,False,,beta2_c_and_b
K213409,False,False,False,True,True,False,True,False,False,True,True,False,,False,,beta2_c_and_b
K213436,False,False,False,True,True,False,True,False,False,False,False,False,,False,,beta2_c_and_b
K213504,False,False,False,True,True,False,True,False,False,False,False,False,,False,,beta2_c_and_b
K213544,False,False,False,False,True,True,True,True,False,False,False,False,,False,,beta1_c_only
K213566,False,True,True,True,True,False,True,True,False,True,True,False,,True,demographic_fairness,beta2_c_and_b
K213583,False,False,False,True,True,False,True,False,False,True,False,False,,False,,beta2_c_and_b
K213603,False,False,False,True,True,False,True,False,False,False,False,False,,False,,beta2_c_and_b
K213628,False,False,False,False,True,False,True,True,False,False,False,False,,False,,beta1_c_only
K213642,False,False,False,True,True,False,True,False,False,False,False,False,,False,,beta2_c_and_b
K213645,False,True,True,False,True,False,True,True,False,False,False,True,,True,demographic_fairness,beta1_c_only
K213657,False,False,False,True,True,False,True,True,True,False,False,False,,False,,beta2_c_and_b
K213668,False,False,False,True,True,False,True,False,False,False,False,False,,False,,beta2_c_and_b
K213686,False,False,False,True,True,False,True,False,False,True,True,True,,False,,beta2_c_and_b
K213689,False,False,False,True,True,False,True,False,False,False,False,False,,False,,beta2_c_and_b
K213693,False,False,False,True,True,False,True,True,False,True,False,False,,False,,beta2_c_and_b
K213706,False,True,True,True,True,False,True,True,True,True,False,False,,True,demographic_fairness,beta2_c_and_b
K213713,False,False,False,True,True,False,True,True,False,True,False,True,,False,,beta2_c_and_b
K213717,False,False,False,False,True,False,True,True,False,False,False,False,,False,,beta1_c_only
K213721,False,False,False,False,True,False,True,True,False,False,False,False,,False,,beta1_c_only
K213725,False,False,False,True,True,True,True,True,False,False,False,False,,False,,beta2_c_and_b
K213737,False,False,False,True,True,False,True,True,False,False,False,False,,False,,beta2_c_and_b
K213760,False,False,False,True,True,False,True,False,True,True,False,False,,False,,beta2_c_and_b
K213776,False,True,True,True,True,False,True,False,False,False,False,False,,True,demographic_fairness,beta2_c_and_b
K213779,False,False,False,False,True,False,True,False,True,False,False,False,,False,,beta1_c_only
K213794,False,False,False,True,True,False,True,False,False,False,True,False,,False,,beta2_c_and_b
K213795,False,False,False,False,True,False,True,True,True,False,False,False,,False,,beta1_c_only
K213857,False,False,False,True,False,False,True,False,False,False,False,False,,False,,beta0_no_fairness_lexicon
K213882,False,False,False,False,True,False,True,False,False,False,False,True,,False,,beta1_c_only
K213886,False,False,False,False,True,False,True,True,False,False,False,False,,False,,beta1_c_only
K213938,False,False,False,True,True,False,True,False,False,False,False,False,,False,,beta2_c_and_b
K213941,False,False,False,True,True,False,True,True,False,True,True,False,,False,,beta2_c_and_b
K213944,False,True,False,False,True,False,True,True,False,False,False,False,,True,unclear_manual_review,beta1_c_only
K213960,False,False,False,True,True,False,True,False,True,True,False,False,,False,,beta2_c_and_b
K213971,False,True,True,True,True,False,True,False,True,False,True,False,,True,demographic_fairness,beta2_c_and_b
K213976,False,False,False,False,True,False,True,True,False,False,False,False,,False,,beta1_c_only
K213986,False,False,False,False,True,False,True,False,False,False,True,True,,False,,beta1_c_only
K213998,False,False,False,False,True,False,True,True,False,False,True,False,,False,,beta1_c_only
K213999,False,False,False,True,True,False,True,True,False,False,False,False,,False,,beta2_c_and_b
K214019,False,False,False,True,True,False,True,True,False,True,False,False,,False,,beta2_c_and_b
K214036,False,False,False,True,True,False,True,True,False,False,False,False,,False,,beta2_c_and_b
K214043,False,False,False,False,True,False,True,True,True,False,False,False,,False,,beta1_c_only
K214081,False,False,False,True,True,False,True,True,False,True,False,False,,False,,beta2_c_and_b
K220013,False,False,False,False,True,False,True,True,False,False,False,False,,False,,beta1_c_only
K220034,False,False,False,False,True,False,True,False,False,False,False,True,,False,,beta1_c_only
K220043,False,False,False,True,True,False,True,False,False,True,False,False,,False,,beta2_c_and_b
K220068,False,False,False,False,True,False,True,True,True,False,True,True,,False,,beta1_c_only
K220080,False,False,False,False,True,False,True,True,False,False,False,True,,False,,beta1_c_only
K220105,False,False,False,False,True,False,True,True,True,False,False,True,,False,,beta1_c_only
K220141,False,False,False,True,True,False,True,False,False,True,False,False,,False,,beta2_c_and_b
K220151,False,False,False,True,True,False,True,False,False,True,False,False,,False,,beta2_c_and_b
K220164,False,False,False,True,True,False,True,True,True,True,False,True,,False,,beta2_c_and_b
K220192,False,False,False,True,True,False,True,False,False,False,False,False,,False,,beta2_c_and_b
K220264,False,False,False,False,True,False,True,True,False,False,False,False,,False,,beta1_c_only
K220332,False,False,False,False,True,False,True,True,False,False,True,False,,False,,beta1_c_only
K220349,False,False,False,True,True,False,True,True,False,True,False,False,,False,,beta2_c_and_b
K220358,False,False,False,True,True,False,True,True,False,False,True,True,,False,,beta2_c_and_b
K220408,False,False,False,False,True,False,True,False,False,False,False,False,,False,,beta1_c_only
K220416,False,False,False,True,True,False,True,True,False,False,True,False,,False,,beta2_c_and_b
K220437,False,False,False,False,True,False,True,False,False,False,False,False,,False,,beta1_c_only
K220439,False,False,False,False,True,False,True,True,False,False,False,False,,False,,beta1_c_only
K220446,False,False,False,True,True,False,True,False,False,False,False,False,,False,,beta2_c_and_b
K220497,False,False,False,True,True,False,True,True,False,False,False,True,,False,,beta2_c_and_b
K220499,False,True,False,True,True,False,True,True,True,False,True,False,,True,unclear_manual_review,beta2_c_and_b
K220575,False,False,False,True,True,False,True,True,False,True,False,False,,False,,beta2_c_and_b
K220589,False,False,False,True,True,False,True,False,False,True,False,False,,False,,beta2_c_and_b
K220590,False,False,False,False,True,False,True,False,False,False,False,False,,False,,beta1_c_only
K220598,False,False,False,True,True,False,True,False,False,True,False,True,,False,,beta2_c_and_b
K220619,False,False,False,True,True,False,True,True,False,False,True,True,,False,,beta2_c_and_b
K220624,False,False,False,True,True,False,True,False,False,True,False,False,,False,,beta2_c_and_b
K220709,False,False,False,False,True,False,True,True,False,False,False,True,,False,,beta1_c_only
K220766,False,False,False,True,True,False,True,False,False,False,False,False,,False,,beta2_c_and_b
K220783,False,False,False,True,True,False,True,True,False,True,False,True,,False,,beta2_c_and_b
K220786,False,True,False,True,True,False,True,False,False,False,False,False,,True,technical_ml,beta2_c_and_b
K220800,False,False,False,True,True,False,True,True,False,False,True,True,,False,,beta2_c_and_b
K220813,False,False,False,True,True,True,True,True,True,True,True,True,,False,,beta2_c_and_b
K220815,False,False,False,True,True,False,True,False,True,False,False,False,,False,,beta2_c_and_b
K220848,False,False,False,True,True,False,True,True,False,False,True,True,,False,,beta2_c_and_b
K220851,False,False,False,True,True,False,True,True,False,False,True,True,,False,,beta2_c_and_b
K220882,False,False,False,True,True,False,True,True,False,False,True,True,,False,,beta2_c_and_b
K220899,False,False,False,True,True,False,True,False,True,True,False,False,,False,,beta2_c_and_b
K220928,False,True,False,True,True,False,True,True,False,True,False,True,,True,unclear_manual_review,beta2_c_and_b
K220939,False,False,False,True,True,False,True,True,False,True,False,False,,False,,beta2_c_and_b
K220940,False,False,False,True,True,False,True,True,False,False,True,True,,False,,beta2_c_and_b
K220956,False,False,False,True,True,False,True,False,False,True,False,False,,False,,beta2_c_and_b
K220961,False,False,False,True,True,False,True,True,False,False,False,False,,False,,beta2_c_and_b
K220975,False,False,False,True,True,False,True,False,False,False,False,True,,False,,beta2_c_and_b
K220986,False,False,False,True,True,False,True,False,False,False,False,False,,False,,beta2_c_and_b
K221100,False,False,False,False,True,False,True,True,False,False,False,False,,False,,beta1_c_only
K221106,False,False,False,True,True,False,True,True,False,False,False,False,,False,,beta2_c_and_b
K221147,False,False,False,True,True,False,True,True,False,False,True,True,,False,,beta2_c_and_b
K221148,False,False,False,True,True,False,True,True,False,False,True,True,,False,,beta2_c_and_b
K221179,False,False,False,True,True,False,True,False,False,False,True,True,,False,,beta2_c_and_b
K221183,False,False,False,True,True,False,True,False,False,False,True,False,,False,,beta2_c_and_b
K221203,False,False,False,True,False,False,True,False,False,False,False,False,,False,,beta0_no_fairness_lexicon
K221219,False,False,False,True,True,False,True,True,False,True,False,False,,False,,beta2_c_and_b
K221240,False,False,False,False,True,False,True,True,True,False,False,False,,False,,beta1_c_only
K221241,False,False,False,False,True,False,True,True,False,False,True,False,,False,,beta1_c_only
K221248,False,True,False,True,True,False,True,True,True,False,True,False,,True,unclear_manual_review,beta2_c_and_b
K221305,False,False,False,True,True,False,True,True,False,True,False,True,,False,,beta2_c_and_b
K221309,False,False,False,False,True,False,True,True,True,False,False,False,,False,,beta1_c_only
K221314,False,False,False,False,True,False,True,True,False,False,False,False,,False,,beta1_c_only
K221330,False,False,False,True,True,False,True,True,False,False,False,True,,False,,beta2_c_and_b
K221347,False,False,False,True,True,False,True,True,True,True,False,False,,False,,beta2_c_and_b
K221393,False,False,False,False,True,True,True,False,True,False,False,False,,False,,beta1_c_only
K221432,False,False,False,False,True,False,True,False,False,False,False,False,,False,,beta1_c_only
K221449,False,False,False,True,True,False,True,True,False,True,False,False,,False,,beta2_c_and_b
K221456,False,False,False,True,True,False,True,True,False,False,False,False,,False,,beta2_c_and_b
K221463,False,False,False,True,True,False,True,True,False,True,False,False,,False,,beta2_c_and_b
K221552,False,False,False,False,True,False,True,True,False,False,False,True,,False,,beta1_c_only
K221564,False,True,True,True,True,False,True,True,True,True,True,True,,True,demographic_fairness,beta2_c_and_b
K221592,False,False,False,False,True,False,True,True,False,False,False,True,,False,,beta1_c_only
K221599,False,False,False,True,True,False,True,False,False,False,True,True,,False,,beta2_c_and_b
K221624,False,False,False,False,True,False,True,True,True,False,False,False,,False,,beta1_c_only
K221632,False,False,False,False,True,False,True,False,False,False,False,False,,False,,beta1_c_only
K221680,False,False,False,True,True,True,True,True,False,False,False,False,,False,,beta2_c_and_b
K221706,False,False,False,False,True,False,True,True,False,False,False,False,,False,,beta1_c_only
K221716,False,False,False,False,True,False,True,True,False,False,False,False,,False,,beta1_c_only
K221727,False,False,False,True,True,False,True,True,False,True,False,False,,False,,beta2_c_and_b
K221733,False,False,False,True,True,False,True,True,False,True,False,False,,False,,beta2_c_and_b
K221738,False,False,False,False,True,False,True,False,False,False,False,False,,False,,beta1_c_only
K221762,False,False,False,True,True,False,True,True,True,False,True,False,,False,,beta2_c_and_b
K221772,False,False,False,True,True,False,True,False,False,False,True,False,,False,,beta2_c_and_b
K221868,True,True,True,True,True,False,True,True,True,True,True,True,representativeness,False,,alpha_normative_anchor
K221892,False,False,False,False,True,False,True,False,False,False,False,False,,False,,beta1_c_only
K221921,False,False,False,True,True,False,True,True,True,False,False,False,,False,,beta2_c_and_b
K221923,False,False,False,False,True,True,True,False,True,False,False,False,,False,,beta1_c_only
K221962,False,False,False,True,False,False,True,False,True,False,False,False,,False,,beta0_no_fairness_lexicon
K222036,False,False,False,True,True,False,True,True,True,True,False,False,,False,,beta2_c_and_b
K222070,False,False,False,True,True,False,True,True,True,False,False,False,,False,,beta2_c_and_b
K222076,False,False,False,False,True,False,True,True,False,False,False,True,,False,,beta1_c_only
K222172,False,False,False,True,True,False,True,True,False,True,False,False,,False,,beta2_c_and_b
K222174,False,False,False,False,True,False,True,False,False,True,True,False,,False,,beta1_c_only
K222176,False,False,False,True,True,False,True,False,True,True,False,True,,False,,beta2_c_and_b
K222179,False,True,True,False,True,False,True,True,False,False,True,True,,True,demographic_fairness,beta1_c_only
K222268,False,True,True,False,True,False,True,True,False,False,True,True,,True,demographic_fairness,beta1_c_only
K222275,False,False,False,False,True,False,True,True,True,False,False,False,,False,,beta1_c_only
K222277,False,False,False,False,True,False,True,True,False,False,False,True,,False,,beta1_c_only
K222312,False,False,False,False,True,True,True,False,True,True,False,False,,False,,beta1_c_only
K222329,False,False,False,False,True,False,True,True,False,False,False,False,,False,,beta1_c_only
K222360,False,False,False,True,True,False,True,True,False,True,False,True,,False,,beta2_c_and_b
K222361,False,False,False,True,True,False,True,True,True,True,False,False,,False,,beta2_c_and_b
K222389,False,False,False,True,True,False,True,False,False,True,False,False,,False,,beta2_c_and_b
K222406,False,False,False,True,True,True,True,True,True,True,False,False,,False,,beta2_c_and_b
K222428,False,False,False,True,True,False,True,False,True,True,False,False,,False,,beta2_c_and_b
K222458,False,False,False,True,True,False,True,False,False,False,True,False,,False,,beta2_c_and_b
K222579,False,False,False,True,True,False,True,False,False,False,False,False,,False,,beta2_c_and_b
K222593,False,False,False,False,True,False,True,True,True,False,True,False,,False,,beta1_c_only
K222676,False,False,False,False,True,False,True,False,True,False,False,True,,False,,beta1_c_only
K222692,False,False,False,False,True,False,True,True,False,False,False,False,,False,,beta1_c_only
K222728,False,False,False,False,True,False,True,True,False,False,True,True,,False,,beta1_c_only
K222745,False,False,False,False,True,False,True,False,False,False,False,False,,False,,beta1_c_only
K222746,False,False,False,True,True,False,True,False,True,True,False,True,,False,,beta2_c_and_b
K222755,False,False,False,False,True,False,True,True,False,False,True,False,,False,,beta1_c_only
K222803,False,False,False,False,True,False,True,True,False,False,True,False,,False,,beta1_c_only
K222819,False,False,False,True,True,False,True,False,False,False,False,False,,False,,beta2_c_and_b
K222884,False,False,False,True,True,False,True,True,False,True,False,True,,False,,beta2_c_and_b
K222921,False,False,False,False,True,False,True,False,False,False,False,False,,False,,beta1_c_only
K222970,False,False,False,False,True,False,True,False,False,False,False,False,,False,,beta1_c_only
K223028,False,False,False,True,True,False,True,False,False,True,False,False,,False,,beta2_c_and_b
K223032,False,False,False,False,True,False,True,False,False,False,False,False,,False,,beta1_c_only
K223042,False,False,False,False,True,False,True,True,False,False,False,False,,False,,beta1_c_only
K223073,False,False,False,True,True,False,True,False,False,False,False,False,,False,,beta2_c_and_b
K223106,False,False,False,True,True,False,True,True,False,True,False,False,,False,,beta2_c_and_b
K223133,False,True,True,False,True,False,True,True,True,False,True,True,,True,demographic_fairness,beta1_c_only
K223180,False,False,False,True,True,False,True,True,True,True,False,False,,False,,beta2_c_and_b
K223212,False,False,False,True,True,False,True,True,False,False,True,False,,False,,beta2_c_and_b
K223240,False,True,True,False,True,False,True,True,True,False,True,True,,True,demographic_fairness,beta1_c_only
K223247,False,False,False,False,True,True,True,False,False,False,False,False,,False,,beta1_c_only
K223268,False,False,False,True,True,False,True,False,True,False,False,False,,False,,beta2_c_and_b
K223287,False,True,True,False,True,False,True,False,False,False,True,True,,True,demographic_fairness,beta1_c_only
K223288,False,False,False,True,True,True,True,True,False,False,False,False,,False,,beta2_c_and_b
K223296,False,False,False,False,True,False,True,False,True,False,True,True,,False,,beta1_c_only
K223311,False,False,False,True,True,False,True,True,False,True,False,False,,False,,beta2_c_and_b
K223325,False,False,False,True,True,False,True,False,False,False,False,False,,False,,beta2_c_and_b
K223343,False,False,False,True,True,False,True,False,False,True,False,True,,False,,beta2_c_and_b
K223347,False,False,False,False,True,False,True,False,False,False,False,False,,False,,beta1_c_only
K223357,False,False,False,True,True,False,True,False,False,True,False,False,,False,,beta2_c_and_b
K223387,False,False,False,True,True,False,True,False,False,False,True,True,,False,,beta2_c_and_b
K223396,False,True,False,True,True,False,True,False,True,True,False,False,,True,unclear_manual_review,beta2_c_and_b
K223424,False,False,False,True,True,True,True,False,True,False,False,False,,False,,beta2_c_and_b
K223426,False,True,False,False,True,False,True,True,False,False,False,False,,True,unclear_manual_review,beta1_c_only
K223439,False,False,False,True,True,False,True,False,False,False,False,False,,False,,beta2_c_and_b
K223442,False,False,False,True,True,False,True,False,False,True,False,False,,False,,beta2_c_and_b
K223443,False,False,False,False,True,False,True,True,False,False,True,True,,False,,beta1_c_only
K223458,False,False,False,True,True,False,True,False,False,True,False,False,,False,,beta2_c_and_b
K223473,False,False,False,True,True,False,True,False,True,False,True,True,,False,,beta2_c_and_b
K223490,False,False,False,True,True,False,True,True,True,False,False,True,,False,,beta2_c_and_b
K223491,False,True,True,False,True,False,True,True,True,False,True,False,,True,demographic_fairness,beta1_c_only
K223501,False,True,True,True,True,False,True,True,False,True,False,True,,True,demographic_fairness,beta2_c_and_b
K223502,False,False,False,True,True,False,True,True,False,True,False,False,,False,,beta2_c_and_b
K223504,False,False,False,True,True,True,True,True,True,True,True,False,,False,,beta2_c_and_b
K223514,False,False,False,True,True,True,True,True,False,False,False,False,,False,,beta2_c_and_b
K223516,False,False,False,True,True,False,True,False,False,False,False,False,,False,,beta2_c_and_b
K223523,False,False,False,False,True,False,True,True,False,False,False,False,,False,,beta1_c_only
K223539,False,False,False,True,True,False,True,False,False,False,False,False,,False,,beta2_c_and_b
K223552,False,False,False,False,True,False,True,True,False,False,False,False,,False,,beta1_c_only
K223553,False,False,False,False,True,True,True,False,False,False,False,False,,False,,beta1_c_only
K223556,False,False,False,True,True,False,True,True,False,True,False,False,,False,,beta2_c_and_b
K223621,False,False,False,False,True,False,True,True,False,False,False,True,,False,,beta1_c_only
K223622,False,False,False,True,True,True,True,False,True,True,True,False,,False,,beta2_c_and_b
K223623,False,False,False,True,True,False,True,True,False,True,False,False,,False,,beta2_c_and_b
K223630,False,False,False,True,True,False,True,False,False,False,False,False,,False,,beta2_c_and_b
K223639,False,False,False,True,True,False,True,True,True,True,True,False,,False,,beta2_c_and_b
K223646,False,False,False,False,True,False,True,True,True,False,False,False,,False,,beta1_c_only
K223659,False,False,False,False,True,False,True,False,False,False,False,False,,False,,beta1_c_only
K223724,False,False,False,True,True,False,True,True,True,False,False,True,,False,,beta2_c_and_b
K223726,False,False,False,True,True,False,True,False,False,False,False,False,,False,,beta2_c_and_b
K223734,False,False,False,True,True,True,True,True,False,False,False,False,,False,,beta2_c_and_b
K223738,False,False,False,False,True,False,True,False,False,False,False,False,,False,,beta1_c_only
K223754,False,False,False,False,True,False,True,True,False,False,True,False,,False,,beta1_c_only
K223757,False,False,False,False,True,False,True,True,True,False,True,True,,False,,beta1_c_only
K223771,False,False,False,True,True,False,True,True,False,False,True,False,,False,,beta2_c_and_b
K223774,False,False,False,False,True,False,True,True,False,False,False,False,,False,,beta1_c_only
K223811,False,False,False,True,True,False,True,True,True,True,False,False,,False,,beta2_c_and_b
K223830,False,False,False,True,True,False,True,True,True,False,False,False,,False,,beta2_c_and_b
K223855,False,False,False,False,True,False,True,False,False,False,False,True,,False,,beta1_c_only
K223864,False,False,False,True,True,True,True,True,False,False,False,False,,False,,beta2_c_and_b
K223905,False,False,False,True,True,False,True,False,True,False,False,False,,False,,beta2_c_and_b
K230020,False,False,False,False,True,False,True,True,False,False,False,True,,False,,beta1_c_only
K230023,False,False,False,True,True,False,True,False,True,True,True,True,,False,,beta2_c_and_b
K230039,False,False,False,True,True,False,True,True,False,False,False,True,,False,,beta2_c_and_b
K230045,False,False,False,False,True,False,True,True,True,False,False,True,,False,,beta1_c_only
K230074,False,True,False,True,True,False,True,True,True,False,False,False,,True,unclear_manual_review,beta2_c_and_b
K230082,False,False,False,True,True,True,True,True,True,False,True,True,,False,,beta2_c_and_b
K230084,False,False,False,True,True,False,True,False,False,True,True,True,,False,,beta2_c_and_b
K230085,False,False,False,True,True,False,True,True,True,True,False,False,,False,,beta2_c_and_b
K230096,False,False,False,True,True,False,True,True,False,True,False,True,,False,,beta2_c_and_b
K230112,False,False,False,False,True,False,True,True,False,False,False,False,,False,,beta1_c_only
K230144,False,False,False,False,True,False,True,True,False,False,False,False,,False,,beta1_c_only
K230150,False,False,False,True,True,False,True,False,False,False,False,False,,False,,beta2_c_and_b
K230179,False,True,False,True,True,True,True,False,False,False,True,True,,True,unclear_manual_review,beta2_c_and_b
K230197,False,False,False,True,True,False,True,True,True,False,True,False,,False,,beta2_c_and_b
K230208,False,False,False,False,True,True,True,False,True,False,False,False,,False,,beta1_c_only
K230209,False,False,False,True,True,False,True,True,False,False,True,False,,False,,beta2_c_and_b
K230220,False,False,False,True,True,False,True,False,False,False,False,False,,False,,beta2_c_and_b
K230223,False,True,True,False,True,False,True,True,True,False,False,False,,True,demographic_fairness,beta1_c_only
K230252,False,False,False,True,True,False,True,False,False,False,False,False,,False,,beta2_c_and_b
K230264,False,False,False,True,True,False,True,True,False,False,False,False,,False,,beta2_c_and_b
K230273,False,False,False,True,True,False,True,False,False,True,False,False,,False,,beta2_c_and_b
K230292,False,False,False,True,True,False,True,False,False,False,False,False,,False,,beta2_c_and_b
K230337,False,False,False,False,True,False,True,False,False,False,False,False,,False,,beta1_c_only
K230346,False,False,False,True,True,False,True,False,False,True,True,True,,False,,beta2_c_and_b
K230355,False,False,False,True,True,True,True,True,False,True,False,False,,False,,beta2_c_and_b
K230365,False,False,False,False,True,False,True,True,True,False,False,True,,False,,beta1_c_only
K230370,False,False,False,True,True,False,True,True,False,True,False,False,,False,,beta2_c_and_b
K230497,False,False,False,False,True,False,True,True,True,False,True,True,,False,,beta1_c_only
K230534,False,False,False,False,True,False,True,True,False,False,False,True,,False,,beta1_c_only
K230552,False,True,True,True,True,False,True,True,True,True,False,False,,True,demographic_fairness,beta2_c_and_b
K230553,False,False,False,True,True,False,True,False,False,False,False,False,,False,,beta2_c_and_b
K230575,False,False,False,False,True,True,True,False,False,False,False,False,,False,,beta1_c_only
K230658,False,False,False,True,True,False,True,False,False,True,False,False,,False,,beta2_c_and_b
K230685,False,False,False,True,True,False,True,False,False,True,False,True,,False,,beta2_c_and_b
K230751,False,False,False,True,True,False,True,False,True,False,True,True,,False,,beta2_c_and_b
K230772,False,False,False,True,True,False,True,True,False,False,False,False,,False,,beta2_c_and_b
K230807,False,False,False,True,True,False,True,True,False,False,False,False,,False,,beta2_c_and_b
K230812,False,False,False,True,True,True,True,False,True,False,True,False,,False,,beta2_c_and_b
K230823,False,True,False,True,True,False,True,False,True,False,False,False,,True,technical_ml,beta2_c_and_b
K230842,False,False,False,True,True,False,True,False,True,False,True,False,,False,,beta2_c_and_b
K230850,False,False,False,False,True,False,True,True,False,False,False,False,,False,,beta1_c_only
K230854,False,False,False,True,True,False,True,True,False,False,True,False,,False,,beta2_c_and_b
K230899,False,False,False,False,True,False,True,True,False,False,False,True,,False,,beta1_c_only
K230913,False,False,False,True,True,False,True,True,False,False,False,False,,False,,beta2_c_and_b
K230977,False,False,False,False,True,False,True,False,False,False,False,False,,False,,beta1_c_only
K231001,False,False,False,True,True,False,True,True,False,True,False,False,,False,,beta2_c_and_b
K231010,False,False,False,True,True,False,True,False,True,False,False,False,,False,,beta2_c_and_b
K231025,False,False,False,False,True,False,True,True,False,False,False,True,,False,,beta1_c_only
K231038,False,False,False,True,True,False,True,False,False,False,False,False,,False,,beta2_c_and_b
K231068,False,True,False,True,True,False,True,True,True,True,False,False,,True,unclear_manual_review,beta2_c_and_b
K231094,False,True,True,False,True,False,True,True,True,False,True,True,,True,demographic_fairness,beta1_c_only
K231130,False,False,False,True,True,False,True,True,False,True,False,True,,False,,beta2_c_and_b
K231143,False,False,False,True,True,False,True,False,False,True,False,False,,False,,beta2_c_and_b
K231149,False,False,False,False,True,False,True,True,False,False,False,False,,False,,beta1_c_only
K231157,False,False,False,True,True,False,True,True,False,True,False,False,,False,,beta2_c_and_b
K231173,False,False,False,True,True,False,True,False,True,False,True,False,,False,,beta2_c_and_b
K231190,False,False,False,True,True,False,True,False,False,False,False,False,,False,,beta2_c_and_b
K231195,False,False,False,False,True,False,True,True,True,False,True,False,,False,,beta1_c_only
K231207,False,False,False,True,True,False,True,True,False,False,False,False,,False,,beta2_c_and_b
K231281,False,False,False,True,True,False,True,True,False,False,False,False,,False,,beta2_c_and_b
K231324,False,False,False,True,True,False,True,True,False,False,False,False,,False,,beta2_c_and_b
K231335,False,False,False,True,True,False,True,True,True,True,False,False,,False,,beta2_c_and_b
K231355,False,False,False,True,True,False,True,False,True,False,False,False,,False,,beta2_c_and_b
K231384,False,True,True,False,True,False,True,True,True,False,True,True,,True,demographic_fairness,beta1_c_only
K231396,False,False,False,False,True,False,True,False,True,False,False,False,,False,,beta1_c_only
K231398,False,False,False,True,True,False,True,False,False,True,False,False,,False,,beta2_c_and_b
K231459,False,True,True,True,True,False,True,False,True,True,False,False,,True,demographic_fairness,beta2_c_and_b
K231470,False,False,False,True,True,False,True,True,True,True,True,True,,False,,beta2_c_and_b
K231560,False,False,False,True,True,False,True,True,False,True,True,True,,False,,beta2_c_and_b
K231570,False,False,False,True,True,False,True,False,False,True,False,False,,False,,beta2_c_and_b
K231572,False,False,False,True,True,False,True,False,False,False,False,False,,False,,beta2_c_and_b
K231587,False,False,False,True,True,False,True,True,False,True,True,True,,False,,beta2_c_and_b
K231617,False,False,False,True,True,False,True,False,False,True,False,True,,False,,beta2_c_and_b
K231631,False,True,False,False,True,False,True,True,True,False,False,True,,True,technical_ml,beta1_c_only
K231642,False,False,False,False,True,False,True,True,False,False,False,False,,False,,beta1_c_only
K231668,False,False,False,False,True,False,True,False,False,False,False,False,,False,,beta1_c_only
K231677,False,False,False,True,True,False,True,False,False,True,True,False,,False,,beta2_c_and_b
K231678,False,False,False,True,True,False,True,True,False,True,False,False,,False,,beta2_c_and_b
K231683,False,False,False,True,True,False,True,False,False,False,False,True,,False,,beta2_c_and_b
K231690,False,False,False,False,True,False,True,True,False,False,False,False,,False,,beta1_c_only
K231748,False,False,False,True,True,False,True,False,False,False,False,False,,False,,beta2_c_and_b
K231757,False,False,False,False,True,False,True,False,False,False,False,False,,False,,beta1_c_only
K231764,False,False,False,True,True,False,True,True,True,False,False,False,,False,,beta2_c_and_b
K231765,False,False,False,True,True,False,True,True,True,True,False,False,,False,,beta2_c_and_b
K231767,False,True,True,False,True,False,True,True,True,False,True,True,,True,demographic_fairness,beta1_c_only
K231772,False,False,False,True,True,False,True,False,False,False,False,True,,False,,beta2_c_and_b
K231779,False,False,False,True,True,False,True,False,True,False,True,False,,False,,beta2_c_and_b
K231805,False,False,False,False,True,False,True,True,False,False,False,True,,False,,beta1_c_only
K231833,False,False,False,True,True,False,True,False,False,True,False,False,,False,,beta2_c_and_b
K231837,False,False,False,True,True,False,True,True,True,False,True,False,,False,,beta2_c_and_b
K231855,False,False,False,False,True,False,True,True,True,False,True,False,,False,,beta1_c_only
K231871,False,False,False,False,True,False,True,True,False,False,False,True,,False,,beta1_c_only
K231898,False,False,False,True,True,False,True,True,False,False,False,False,,False,,beta2_c_and_b
K231917,False,False,False,True,True,False,True,True,True,True,True,False,,False,,beta2_c_and_b
K231928,False,False,False,False,True,False,True,True,True,False,True,True,,False,,beta1_c_only
K231929,False,False,False,True,True,True,True,False,False,True,True,False,,False,,beta2_c_and_b
K231955,False,False,False,False,True,False,True,True,False,False,False,False,,False,,beta1_c_only
K231965,False,False,False,True,True,False,True,True,False,False,True,True,,False,,beta2_c_and_b
K231966,False,False,False,True,True,False,True,False,False,False,True,True,,False,,beta2_c_and_b
K231989,False,False,False,True,True,False,True,False,False,False,True,True,,False,,beta2_c_and_b
K232000,False,False,False,True,True,False,True,True,False,True,False,False,,False,,beta2_c_and_b
K232023,False,False,False,True,True,False,True,True,False,True,True,False,,False,,beta2_c_and_b
K232035,False,False,False,True,True,False,True,False,False,False,False,False,,False,,beta2_c_and_b
K232045,False,False,False,False,True,True,True,True,True,False,False,True,,False,,beta1_c_only
K232083,False,False,False,True,True,False,True,True,False,True,False,True,,False,,beta2_c_and_b
K232096,False,False,False,True,True,False,True,False,True,True,False,False,,False,,beta2_c_and_b
K232140,False,False,False,True,True,False,True,True,False,False,False,True,,False,,beta2_c_and_b
K232145,False,False,False,True,True,False,True,True,False,True,True,True,,False,,beta2_c_and_b
K232148,False,True,False,True,True,False,True,True,True,True,False,False,,True,technical_ml,beta2_c_and_b
K232156,False,True,False,True,True,False,True,True,True,True,True,True,,True,unclear_manual_review,beta2_c_and_b
K232231,False,False,False,False,True,False,True,False,True,False,False,False,,False,,beta1_c_only
K232237,False,False,False,True,True,False,True,False,True,False,True,True,,False,,beta2_c_and_b
K232250,False,True,True,False,True,True,True,True,False,True,False,False,,True,demographic_fairness,beta1_c_only
K232257,False,False,False,True,True,False,True,True,True,True,True,False,,False,,beta2_c_and_b
K232305,False,False,False,True,True,False,True,True,True,True,False,False,,False,,beta2_c_and_b
K232322,False,False,False,True,True,False,True,False,False,True,False,True,,False,,beta2_c_and_b
K232331,False,False,False,False,True,False,True,False,False,False,False,True,,False,,beta1_c_only
K232363,False,False,False,False,True,False,True,True,False,False,False,False,,False,,beta1_c_only
K232367,False,False,False,False,False,False,True,True,False,False,False,False,,False,,beta0_no_fairness_lexicon
K232381,False,False,False,True,True,False,True,False,False,False,False,True,,False,,beta2_c_and_b
K232384,False,False,False,True,True,False,True,False,True,False,True,True,,False,,beta2_c_and_b
K232410,False,False,False,False,True,False,True,True,False,False,False,False,,False,,beta1_c_only
K232412,False,False,False,True,True,True,True,True,False,False,False,False,,False,,beta2_c_and_b
K232416,False,False,False,False,True,False,True,False,False,False,False,False,,False,,beta1_c_only
K232431,False,False,False,True,True,False,True,True,False,False,False,False,,False,,beta2_c_and_b
K232436,False,False,False,True,True,False,True,True,False,True,False,False,,False,,beta2_c_and_b
K232440,False,False,False,False,True,False,True,False,True,False,False,True,,False,,beta1_c_only
K232479,True,True,True,True,True,True,True,True,True,True,True,True,fairness,True,demographic_fairness,alpha_normative_anchor
K232482,False,False,False,True,True,False,True,False,False,True,False,False,,False,,beta2_c_and_b
K232491,False,False,False,True,True,True,True,True,False,False,False,False,,False,,beta2_c_and_b
K232494,False,False,False,True,True,False,True,True,False,True,False,False,,False,,beta2_c_and_b
K232496,False,False,False,True,True,False,True,True,True,True,False,True,,False,,beta2_c_and_b
K232500,False,False,False,True,True,False,True,True,False,False,True,False,,False,,beta2_c_and_b
K232501,False,False,False,False,True,False,True,True,False,False,True,True,,False,,beta1_c_only
K232526,False,False,False,True,True,False,True,False,False,True,False,False,,False,,beta2_c_and_b
K232535,False,False,False,True,True,False,True,True,False,True,True,True,,False,,beta2_c_and_b
K232613,False,False,False,False,True,False,True,False,True,False,True,True,,False,,beta1_c_only
K232616,False,False,False,True,True,False,True,False,False,False,False,False,,False,,beta2_c_and_b
K232661,False,False,False,False,True,False,True,True,True,False,False,False,,False,,beta1_c_only
K232686,False,False,False,True,True,False,True,False,True,False,True,True,,False,,beta2_c_and_b
K232698,False,False,False,False,True,False,True,True,False,False,False,True,,False,,beta1_c_only
K232699,False,False,False,True,True,False,True,True,False,False,True,True,,False,,beta2_c_and_b
K232704,False,False,False,True,True,False,True,False,False,False,False,False,,False,,beta2_c_and_b
K232712,False,False,False,True,True,False,True,False,False,True,False,False,,False,,beta2_c_and_b
K232751,False,False,False,False,True,False,True,True,False,False,False,True,,False,,beta1_c_only
K232760,False,False,False,False,True,True,True,False,True,False,False,False,,False,,beta1_c_only
K232765,False,False,False,True,True,False,True,True,False,True,True,True,,False,,beta2_c_and_b
K232787,False,False,False,False,True,True,True,False,False,False,False,False,,False,,beta1_c_only
K232799,False,False,False,True,True,False,True,True,False,True,True,True,,False,,beta2_c_and_b
K232808,False,False,False,True,True,False,True,False,False,False,False,False,,False,,beta2_c_and_b
K232835,False,False,False,True,True,False,True,False,False,False,False,False,,False,,beta2_c_and_b
K232841,False,False,False,False,True,False,True,False,False,False,False,False,,False,,beta1_c_only
K232856,False,False,False,True,True,True,True,True,True,True,False,False,,False,,beta2_c_and_b
K232899,False,False,False,True,True,False,True,True,False,True,False,False,,False,,beta2_c_and_b
K232915,False,False,False,True,True,False,True,False,False,False,False,True,,False,,beta2_c_and_b
K232923,False,True,True,True,True,False,True,False,False,False,True,True,,True,demographic_fairness,beta2_c_and_b
K232928,False,False,False,True,True,False,True,True,False,True,False,True,,False,,beta2_c_and_b
K233030,False,False,False,True,True,False,True,True,True,True,True,True,,False,,beta2_c_and_b
K233080,False,True,False,True,True,False,True,False,False,True,False,False,,True,unclear_manual_review,beta2_c_and_b
K233108,False,False,False,False,True,False,True,True,False,False,True,True,,False,,beta1_c_only
K233112,False,False,False,True,True,False,True,False,False,False,True,True,,False,,beta2_c_and_b
K233176,False,False,False,True,True,False,True,True,False,False,False,True,,False,,beta2_c_and_b
K233186,False,False,False,True,True,False,True,True,True,False,False,False,,False,,beta2_c_and_b
K233195,False,False,False,False,True,False,True,True,False,False,False,False,,False,,beta1_c_only
K233196,False,True,False,True,True,False,True,True,False,False,True,False,,True,dataset_population,beta2_c_and_b
K233209,False,False,False,True,True,False,True,False,False,False,False,True,,False,,beta2_c_and_b
K233211,False,False,False,True,True,False,True,True,False,False,False,False,,False,,beta2_c_and_b
K233216,False,False,False,True,True,False,True,False,False,False,False,False,,False,,beta2_c_and_b
K233243,False,False,False,True,True,False,True,True,False,False,False,False,,False,,beta2_c_and_b
K233247,False,False,False,False,True,False,True,True,False,False,True,True,,False,,beta1_c_only
K233249,False,False,False,True,True,False,True,False,True,True,False,True,,False,,beta2_c_and_b
K233253,False,False,False,True,True,False,True,True,False,False,True,True,,False,,beta2_c_and_b
K233334,False,False,False,True,True,False,True,False,False,False,False,False,,False,,beta2_c_and_b
K233342,False,True,True,False,True,False,True,True,True,False,True,False,,True,demographic_fairness,beta1_c_only
K233409,False,False,False,True,True,False,True,False,True,False,True,True,,False,,beta2_c_and_b
K233438,False,False,False,True,True,False,True,True,True,False,True,False,,False,,beta2_c_and_b
K233457,False,False,False,False,True,False,True,True,True,False,False,False,,False,,beta1_c_only
K233512,False,True,False,True,True,False,True,False,True,False,False,False,,True,unclear_manual_review,beta2_c_and_b
K233543,False,False,False,True,True,False,True,True,False,False,False,False,,False,,beta2_c_and_b
K233545,False,False,False,True,True,False,True,False,False,False,False,False,,False,,beta2_c_and_b
K233549,False,False,False,True,True,False,True,True,True,False,True,True,,False,,beta2_c_and_b
K233562,False,False,False,True,True,False,True,False,False,False,False,False,,False,,beta2_c_and_b
K233568,False,False,False,False,True,False,True,False,True,False,False,True,,False,,beta1_c_only
K233582,False,True,False,True,True,False,True,False,True,True,False,False,,True,unclear_manual_review,beta2_c_and_b
K233590,False,False,False,False,True,False,True,True,False,False,False,True,,False,,beta1_c_only
K233618,False,False,False,True,True,False,True,False,True,False,True,False,,False,,beta2_c_and_b
K233625,False,False,False,True,True,False,True,False,False,True,False,False,,False,,beta2_c_and_b
K233650,False,False,False,True,True,True,True,True,False,True,False,False,,False,,beta2_c_and_b
K233657,False,False,False,True,True,True,True,True,False,True,False,False,,False,,beta2_c_and_b
K233666,False,False,False,True,True,False,True,False,True,False,True,True,,False,,beta2_c_and_b
K233673,False,False,False,True,True,False,True,True,False,False,True,False,,False,,beta2_c_and_b
K233676,False,False,False,True,True,False,True,True,True,True,False,False,,False,,beta2_c_and_b
K233677,False,False,False,True,True,False,True,True,False,True,False,False,,False,,beta2_c_and_b
K233687,False,True,False,True,True,False,True,True,False,False,False,False,,True,unclear_manual_review,beta2_c_and_b
K233692,False,False,False,True,True,False,True,False,False,False,False,False,,False,,beta2_c_and_b
K233698,False,False,False,True,True,False,True,True,True,False,False,False,,False,,beta2_c_and_b
K233728,False,False,False,True,True,False,True,False,False,False,False,False,,False,,beta2_c_and_b
K233731,False,False,False,True,True,True,True,True,False,False,False,False,,False,,beta2_c_and_b
K233738,False,False,False,True,True,False,True,False,True,True,False,False,,False,,beta2_c_and_b
K233749,False,False,False,True,True,True,True,True,False,False,False,False,,False,,beta2_c_and_b
K233753,False,False,False,True,True,False,True,True,False,True,False,True,,False,,beta2_c_and_b
K233755,False,False,False,True,True,False,True,False,True,False,False,False,,False,,beta2_c_and_b
K233788,False,False,False,True,True,False,True,True,False,False,True,False,,False,,beta2_c_and_b
K233822,False,False,False,False,True,False,True,False,False,False,False,False,,False,,beta1_c_only
K233826,False,False,False,False,False,False,True,False,False,False,False,False,,False,,beta0_no_fairness_lexicon
K233864,False,False,False,True,True,False,True,False,False,True,False,False,,False,,beta2_c_and_b
K233925,False,False,False,False,True,False,True,True,False,False,False,False,,False,,beta1_c_only
K233955,False,False,False,True,True,True,True,True,True,True,False,False,,False,,beta2_c_and_b
K233964,False,False,False,True,True,False,True,False,False,True,False,False,,False,,beta2_c_and_b
K233968,False,False,False,False,True,False,True,True,True,False,False,True,,False,,beta1_c_only
K233977,False,True,True,True,True,False,True,False,False,False,True,False,,True,demographic_fairness,beta2_c_and_b
K233984,False,False,False,True,True,False,True,False,False,False,False,False,,False,,beta2_c_and_b
K233992,False,False,False,True,True,False,True,False,False,False,False,False,,False,,beta2_c_and_b
K233998,False,False,False,True,True,False,True,False,True,True,False,False,,False,,beta2_c_and_b
K234009,False,False,False,False,True,False,True,True,False,False,False,False,,False,,beta1_c_only
K234042,False,False,False,True,True,False,True,True,True,True,False,True,,False,,beta2_c_and_b
K234047,False,False,False,False,True,True,True,True,False,False,False,False,,False,,beta1_c_only
K234068,False,False,False,False,True,False,True,False,False,False,False,False,,False,,beta1_c_only
K234141,False,False,False,True,True,True,True,False,False,False,True,True,,False,,beta2_c_and_b
K234154,False,False,False,True,True,False,True,True,False,True,False,False,,False,,beta2_c_and_b
K240003,False,False,False,True,True,False,True,True,True,True,False,True,,False,,beta2_c_and_b
K240013,False,False,False,True,True,False,True,True,True,True,False,False,,False,,beta2_c_and_b
K240036,False,True,False,True,True,False,True,True,True,True,False,False,,True,unclear_manual_review,beta2_c_and_b
K240044,False,False,False,False,True,False,True,True,True,False,True,True,,False,,beta1_c_only
K240058,False,False,False,True,True,False,True,False,False,False,True,False,,False,,beta2_c_and_b
K240062,False,False,False,False,True,False,True,True,False,False,False,False,,False,,beta1_c_only
K240094,False,False,False,True,True,False,True,False,True,True,True,True,,False,,beta2_c_and_b
K240172,False,True,False,False,False,False,True,False,False,False,False,False,,True,technical_ml,beta0_no_fairness_lexicon
K240200,False,False,False,True,True,False,True,True,True,False,False,False,,False,,beta2_c_and_b
K240238,False,False,False,True,True,True,True,True,True,True,False,False,,False,,beta2_c_and_b
K240285,False,False,False,True,True,False,True,False,False,True,True,True,,False,,beta2_c_and_b
K240290,False,False,False,False,True,False,True,True,False,False,True,False,,False,,beta1_c_only
K240291,False,False,False,True,True,False,True,True,False,False,False,True,,False,,beta2_c_and_b
K240294,False,False,False,True,True,False,True,False,True,True,False,False,,False,,beta2_c_and_b
K240301,False,False,False,True,True,False,True,False,False,True,True,True,,False,,beta2_c_and_b
K240353,False,False,False,False,True,False,True,True,False,False,False,True,,False,,beta1_c_only
K240369,False,True,True,False,True,False,True,True,True,False,False,False,,True,demographic_fairness,beta1_c_only
K240398,False,True,True,True,True,True,True,True,False,True,False,False,,True,demographic_fairness,beta2_c_and_b
K240406,False,False,False,False,True,False,True,False,False,False,False,True,,False,,beta1_c_only
K240408,False,False,False,True,True,False,True,True,True,False,True,False,,False,,beta2_c_and_b
K240411,False,False,False,True,True,False,True,False,False,False,True,True,,False,,beta2_c_and_b
K240417,False,False,False,False,True,False,True,False,False,False,True,True,,False,,beta1_c_only
K240465,False,False,False,False,True,False,True,True,True,False,False,False,,False,,beta1_c_only
K240516,False,False,False,True,True,False,True,False,False,False,True,True,,False,,beta2_c_and_b
K240540,False,False,False,True,True,False,True,False,False,False,False,False,,False,,beta2_c_and_b
K240553,False,False,False,True,True,False,True,False,True,True,False,False,,False,,beta2_c_and_b
K240554,False,False,False,True,True,False,True,False,True,True,False,True,,False,,beta2_c_and_b
K240555,False,False,False,True,True,False,True,False,True,False,True,True,,False,,beta2_c_and_b
K240582,False,True,False,True,True,False,True,True,True,True,True,True,,True,unclear_manual_review,beta2_c_and_b
K240612,False,False,False,False,True,False,True,True,True,False,False,True,,False,,beta1_c_only
K240631,False,False,False,True,True,False,True,False,False,False,False,True,,False,,beta2_c_and_b
K240642,False,False,False,False,True,False,True,False,False,False,True,True,,False,,beta1_c_only
K240645,False,False,False,True,True,False,True,False,False,False,False,True,,False,,beta2_c_and_b
K240680,False,True,False,True,True,False,True,False,False,True,False,False,,True,unclear_manual_review,beta2_c_and_b
K240697,False,False,False,True,True,True,True,False,False,False,False,True,,False,,beta2_c_and_b
K240704,False,False,False,True,True,False,True,False,False,False,True,True,,False,,beta2_c_and_b
K240712,False,True,True,True,True,True,True,True,True,True,True,True,,True,demographic_fairness,beta2_c_and_b
K240736,False,False,False,False,True,False,True,False,False,False,True,True,,False,,beta1_c_only
K240740,False,False,False,False,True,False,True,True,False,False,False,False,,False,,beta1_c_only
K240744,False,False,False,True,True,False,True,False,False,True,False,False,,False,,beta2_c_and_b
K240769,False,False,False,False,True,False,True,False,False,False,False,False,,False,,beta1_c_only
K240773,False,False,False,False,True,False,True,True,True,True,True,False,,False,,beta1_c_only
K240781,False,False,False,True,True,False,True,False,False,False,False,False,,False,,beta2_c_and_b
K240791,False,False,False,False,True,False,True,True,False,False,False,True,,False,,beta1_c_only
K240793,False,False,False,True,True,False,True,True,True,False,True,True,,False,,beta2_c_and_b
K240795,False,False,False,True,True,True,True,False,False,False,True,True,,False,,beta2_c_and_b
K240845,False,True,False,True,True,False,True,False,True,True,False,True,,True,technical_ml,beta2_c_and_b
K240850,False,False,False,True,True,False,True,True,False,False,False,False,,False,,beta2_c_and_b
K240860,False,False,False,True,True,True,True,True,True,True,True,False,,False,,beta2_c_and_b
K240926,False,True,False,True,True,False,True,True,True,True,True,True,,True,technical_ml,beta2_c_and_b
K240929,False,False,False,True,True,False,True,False,True,False,True,True,,False,,beta2_c_and_b
K240942,False,False,False,False,True,False,True,True,True,False,False,True,,False,,beta1_c_only
K240943,False,False,False,False,True,True,True,False,True,True,False,False,,False,,beta1_c_only
K240944,False,False,False,False,True,True,True,False,False,False,False,False,,False,,beta1_c_only
K240953,False,False,False,True,True,False,True,True,True,True,True,False,,False,,beta2_c_and_b
K240980,False,False,False,True,True,False,True,True,False,True,True,False,,False,,beta2_c_and_b
K240993,False,True,False,True,True,True,True,True,True,True,False,True,,True,unclear_manual_review,beta2_c_and_b
K241009,False,False,False,True,True,False,True,False,False,True,False,True,,False,,beta2_c_and_b
K241029,False,False,False,True,True,False,True,True,True,False,True,True,,False,,beta2_c_and_b
K241038,False,False,False,True,True,False,True,False,False,True,False,False,,False,,beta2_c_and_b
K241079,False,False,False,True,True,True,True,True,False,False,False,False,,False,,beta2_c_and_b
K241083,False,False,False,False,True,False,True,False,False,False,False,False,,False,,beta1_c_only
K241098,False,False,False,True,True,False,True,True,True,True,False,False,,False,,beta2_c_and_b
K241108,False,False,False,True,True,False,True,False,False,False,False,True,,False,,beta2_c_and_b
K241112,False,False,False,True,True,False,True,True,False,True,False,True,,False,,beta2_c_and_b
K241121,False,False,False,False,True,False,True,False,False,False,False,False,,False,,beta1_c_only
K241166,False,False,False,True,True,False,True,True,False,False,False,False,,False,,beta2_c_and_b
K241197,False,False,False,True,True,False,True,False,True,False,False,False,,False,,beta2_c_and_b
K241200,False,False,False,False,True,False,True,False,False,False,False,False,,False,,beta1_c_only
K241211,False,False,False,True,True,False,True,True,False,False,False,False,,False,,beta2_c_and_b
K241222,False,False,False,False,True,False,True,True,False,False,False,False,,False,,beta1_c_only
K241232,False,False,False,True,True,False,True,True,True,True,False,False,,False,,beta2_c_and_b
K241242,False,False,False,True,True,False,True,False,False,False,False,False,,False,,beta2_c_and_b
K241245,False,False,False,False,True,False,True,True,True,False,True,True,,False,,beta1_c_only
K241280,False,False,False,False,True,False,True,False,False,False,False,False,,False,,beta1_c_only
K241292,False,False,False,False,True,False,True,True,False,False,False,False,,False,,beta1_c_only
K241312,False,False,False,False,True,False,True,True,False,False,True,False,,False,,beta1_c_only
K241329,False,False,False,True,True,False,True,True,False,True,True,False,,False,,beta2_c_and_b
K241331,False,False,False,True,True,False,True,True,True,True,True,True,,False,,beta2_c_and_b
K241350,False,False,False,True,True,False,True,False,False,False,False,False,,False,,beta2_c_and_b
K241380,False,True,True,True,True,False,True,True,True,True,False,True,,True,demographic_fairness,beta2_c_and_b
K241390,False,False,False,True,True,False,True,True,True,True,True,False,,False,,beta2_c_and_b
K241429,False,True,False,True,True,False,True,False,False,False,False,False,,True,unclear_manual_review,beta2_c_and_b
K241430,False,False,False,True,True,False,True,True,False,True,True,True,,False,,beta2_c_and_b
K241439,False,True,False,True,True,False,True,True,False,False,True,True,,True,dataset_population,beta2_c_and_b
K241440,False,True,False,True,True,False,True,True,False,True,False,False,,True,unclear_manual_review,beta2_c_and_b
K241480,False,False,False,False,True,False,True,True,True,False,False,False,,False,,beta1_c_only
K241481,False,False,False,False,True,True,True,False,True,False,False,False,,False,,beta1_c_only
K241490,False,False,False,False,True,False,True,True,True,False,False,False,,False,,beta1_c_only
K241496,False,False,False,True,True,False,True,False,False,False,False,False,,False,,beta2_c_and_b
K241508,False,False,False,True,True,False,True,True,False,False,False,False,,False,,beta2_c_and_b
K241543,False,False,False,False,True,False,True,True,False,False,False,True,,False,,beta1_c_only
K241546,False,False,False,False,True,False,True,False,False,False,False,False,,False,,beta1_c_only
K241561,False,True,True,True,True,False,True,False,False,True,False,True,,True,demographic_fairness,beta2_c_and_b
K241582,False,False,False,False,True,False,True,True,True,False,True,True,,False,,beta1_c_only
K241585,False,False,False,True,True,False,True,False,False,False,False,False,,False,,beta2_c_and_b
K241593,False,False,False,True,True,False,True,True,True,True,False,True,,False,,beta2_c_and_b
K241596,False,False,False,True,True,False,True,False,False,False,False,False,,False,,beta2_c_and_b
K241620,False,False,False,True,True,False,True,True,True,True,False,False,,False,,beta2_c_and_b
K241633,False,False,False,True,True,False,True,False,True,False,True,False,,False,,beta2_c_and_b
K241659,False,False,False,True,True,True,True,True,False,True,True,False,,False,,beta2_c_and_b
K241665,False,False,False,True,True,False,True,False,False,False,False,False,,False,,beta2_c_and_b
K241671,False,False,False,True,True,False,True,False,False,False,True,True,,False,,beta2_c_and_b
K241676,False,True,False,True,True,False,True,False,False,True,True,True,,True,unclear_manual_review,beta2_c_and_b
K241681,False,False,False,False,True,False,True,True,False,False,False,False,,False,,beta1_c_only
K241684,False,False,False,True,True,False,True,False,True,False,False,False,,False,,beta2_c_and_b
K241696,False,False,False,False,True,False,True,True,True,False,False,True,,False,,beta1_c_only
K241719,False,True,True,False,True,False,True,True,False,False,False,False,,True,demographic_fairness,beta1_c_only
K241725,False,False,False,True,True,False,True,True,True,True,True,True,,False,,beta2_c_and_b
K241727,False,False,False,False,True,False,True,True,False,False,False,True,,False,,beta1_c_only
K241747,False,False,False,True,True,False,True,True,True,False,False,False,,False,,beta2_c_and_b
K241770,False,False,False,True,True,True,True,True,False,True,False,False,,False,,beta2_c_and_b
K241831,False,False,False,True,True,False,True,True,True,True,False,True,,False,,beta2_c_and_b
K241837,False,False,False,True,True,True,True,True,False,True,False,False,,False,,beta2_c_and_b
K241847,False,False,False,False,True,False,True,True,True,False,False,False,,False,,beta1_c_only
K241887,False,False,False,True,True,False,True,False,False,True,False,False,,False,,beta2_c_and_b
K241891,False,False,False,True,True,False,True,True,True,True,True,True,,False,,beta2_c_and_b
K241922,False,False,False,True,True,False,True,True,False,False,False,False,,False,,beta2_c_and_b
K241923,False,False,False,True,True,False,True,True,False,True,False,True,,False,,beta2_c_and_b
K241949,True,True,True,True,True,True,True,False,False,True,False,False,representativeness,False,,alpha_normative_anchor
K241960,False,False,False,True,True,False,True,False,True,False,False,False,,False,,beta2_c_and_b
K241961,False,False,False,False,True,False,True,False,False,False,True,False,,False,,beta1_c_only
K241971,False,False,False,True,True,False,True,False,False,False,True,True,,False,,beta2_c_and_b
K241982,False,False,False,False,True,False,True,True,False,False,False,False,,False,,beta1_c_only
K241984,False,False,False,False,True,True,True,False,True,False,False,False,,False,,beta1_c_only
K242005,False,False,False,True,True,False,True,False,False,False,False,False,,False,,beta2_c_and_b
K242020,False,False,False,True,True,False,True,True,False,False,False,False,,False,,beta2_c_and_b
K242054,False,False,False,True,True,False,True,True,False,False,False,False,,False,,beta2_c_and_b
K242062,False,False,False,True,True,False,True,False,True,False,False,True,,False,,beta2_c_and_b
K242094,False,False,False,False,True,False,True,False,True,False,False,False,,False,,beta1_c_only
K242123,False,True,True,True,True,False,True,True,True,False,True,True,,True,demographic_fairness,beta2_c_and_b
K242129,False,False,False,True,True,False,True,True,False,True,True,True,,False,,beta2_c_and_b
K242130,False,False,False,False,True,True,True,True,True,False,True,False,,False,,beta1_c_only
K242166,False,False,False,True,True,False,True,False,True,False,False,True,,False,,beta2_c_and_b
K242168,False,True,False,True,True,False,True,True,False,False,True,True,,True,dataset_population,beta2_c_and_b
K242171,False,False,False,True,True,True,True,True,True,True,False,True,,False,,beta2_c_and_b
K242188,False,True,False,True,True,False,True,True,False,True,False,False,,True,technical_ml,beta2_c_and_b
K242203,False,False,False,True,True,False,True,True,False,True,False,True,,False,,beta2_c_and_b
K242215,False,False,False,False,True,False,True,False,False,False,True,False,,False,,beta1_c_only
K242240,False,False,False,True,True,False,True,True,True,True,False,True,,False,,beta2_c_and_b
K242270,False,False,False,False,True,True,True,False,True,True,False,True,,False,,beta1_c_only
K242275,False,False,False,True,True,False,True,True,False,True,False,False,,False,,beta2_c_and_b
K242292,False,False,False,True,True,False,True,True,True,False,True,True,,False,,beta2_c_and_b
K242295,False,False,False,False,True,False,True,False,True,False,False,True,,False,,beta1_c_only
K242300,False,False,False,True,True,False,True,True,False,True,False,False,,False,,beta2_c_and_b
K242323,False,False,False,True,True,False,True,True,False,False,False,False,,False,,beta2_c_and_b
K242334,False,False,False,True,True,False,True,True,False,False,False,False,,False,,beta2_c_and_b
K242338,False,False,False,True,True,False,True,True,False,False,False,False,,False,,beta2_c_and_b
K242342,False,False,False,False,True,True,True,False,False,False,True,True,,False,,beta1_c_only
K242359,False,False,False,False,True,False,True,True,False,False,True,True,,False,,beta1_c_only
K242362,False,False,False,False,True,True,True,True,False,False,False,False,,False,,beta1_c_only
K242388,False,False,False,False,True,False,True,False,False,False,False,False,,False,,beta1_c_only
K242403,False,False,False,True,True,False,True,False,False,False,False,False,,False,,beta2_c_and_b
K242437,False,False,False,False,True,False,True,False,True,False,True,False,,False,,beta1_c_only
K242444,False,False,False,True,True,False,True,False,False,False,True,True,,False,,beta2_c_and_b
K242447,False,False,False,True,True,False,True,False,False,False,False,False,,False,,beta2_c_and_b
K242461,False,False,False,True,True,False,True,True,True,True,False,True,,False,,beta2_c_and_b
K242467,False,False,False,False,True,False,True,True,True,False,True,True,,False,,beta1_c_only
K242480,False,False,False,True,True,True,True,True,False,True,False,False,,False,,beta2_c_and_b
K242488,False,False,False,True,True,False,True,False,True,False,False,False,,False,,beta2_c_and_b
K242500,False,False,False,True,True,False,True,False,False,True,False,False,,False,,beta2_c_and_b
K242511,False,False,False,True,True,False,True,False,False,False,True,True,,False,,beta2_c_and_b
K242522,False,False,False,True,True,False,True,False,False,False,False,False,,False,,beta2_c_and_b
K242523,False,False,False,True,True,False,True,True,True,False,True,True,,False,,beta2_c_and_b
K242551,False,False,False,True,True,False,True,False,True,True,False,False,,False,,beta2_c_and_b
K242583,False,False,False,True,True,False,True,False,True,False,True,False,,False,,beta2_c_and_b
K242594,False,False,False,False,True,False,True,True,False,False,True,True,,False,,beta1_c_only
K242600,False,True,False,False,True,False,True,False,False,False,False,False,,True,unclear_manual_review,beta1_c_only
K242607,False,False,False,False,True,False,True,True,False,False,False,True,,False,,beta1_c_only
K242624,False,False,False,True,True,False,True,False,True,False,False,True,,False,,beta2_c_and_b
K242652,False,False,False,True,True,False,True,True,False,True,False,False,,False,,beta2_c_and_b
K242683,False,True,True,False,True,False,True,False,True,False,True,True,,True,demographic_fairness,beta1_c_only
K242729,False,False,False,True,True,False,True,False,False,True,False,False,,False,,beta2_c_and_b
K242737,False,False,False,True,True,False,True,False,False,True,True,False,,False,,beta2_c_and_b
K242745,False,False,False,True,True,False,True,True,False,True,False,False,,False,,beta2_c_and_b
K242748,False,False,False,False,True,False,True,True,False,False,True,False,,False,,beta1_c_only
K242781,False,False,False,True,True,False,True,True,True,True,True,False,,False,,beta2_c_and_b
K242798,False,False,False,True,True,False,True,True,True,True,False,False,,False,,beta2_c_and_b
K242800,False,False,False,True,True,False,True,True,False,False,True,False,,False,,beta2_c_and_b
K242807,False,False,False,True,True,True,True,False,True,True,True,True,,False,,beta2_c_and_b
K242821,False,False,False,True,True,False,True,True,False,False,False,True,,False,,beta2_c_and_b
K242822,False,False,False,False,True,False,True,True,False,False,False,False,,False,,beta1_c_only
K242825,False,False,False,False,False,False,True,False,False,False,False,False,,False,,beta0_no_fairness_lexicon
K242830,False,False,False,False,True,False,True,False,False,False,False,False,,False,,beta1_c_only
K242837,False,False,False,False,True,False,True,True,False,False,False,True,,False,,beta1_c_only
K242838,False,False,False,True,True,False,True,True,False,True,False,False,,False,,beta2_c_and_b
K242919,False,False,False,False,True,False,True,False,False,False,False,False,,False,,beta1_c_only
K242925,False,False,False,True,True,False,True,True,False,False,False,False,,False,,beta2_c_and_b
K242967,False,False,False,True,True,True,True,False,False,False,True,False,,False,,beta2_c_and_b
K242994,False,False,False,False,True,False,True,True,True,False,False,False,,False,,beta1_c_only
K243005,False,False,False,False,True,False,True,False,False,True,False,False,,False,,beta1_c_only
K243038,False,True,False,False,True,False,True,True,False,False,False,False,,True,unclear_manual_review,beta1_c_only
K243042,False,False,False,True,True,False,True,False,False,False,False,False,,False,,beta2_c_and_b
K243065,False,False,False,True,True,False,True,False,True,True,True,False,,False,,beta2_c_and_b
K243122,False,False,False,True,True,False,True,True,False,False,True,True,,False,,beta2_c_and_b
K243144,False,False,False,False,True,False,True,True,False,False,False,False,,False,,beta1_c_only
K243145,False,False,False,True,True,False,True,True,False,True,False,True,,False,,beta2_c_and_b
K243158,False,False,False,False,True,True,True,True,False,False,False,False,,False,,beta1_c_only
K243189,False,False,False,True,True,False,True,True,False,True,False,True,,False,,beta2_c_and_b
K243209,False,False,False,True,True,True,True,False,True,False,False,False,,False,,beta2_c_and_b
K243229,False,True,True,True,True,False,True,True,True,True,False,False,,True,demographic_fairness,beta2_c_and_b
K243230,False,False,False,False,True,False,True,False,False,False,True,False,,False,,beta1_c_only
K243234,False,False,False,False,True,False,True,False,False,True,False,True,,False,,beta1_c_only
K243235,False,False,False,False,True,False,True,False,True,False,False,False,,False,,beta1_c_only
K243239,False,True,False,False,True,False,True,True,True,False,True,True,,True,dataset_population,beta1_c_only
K243250,False,False,False,False,True,True,True,True,True,False,False,False,,False,,beta1_c_only
K243253,False,False,False,True,True,False,True,True,False,False,True,True,,False,,beta2_c_and_b
K243268,False,False,False,True,True,False,True,False,False,False,True,False,,False,,beta2_c_and_b
K243292,False,True,False,False,True,False,True,False,True,False,False,False,,True,technical_ml,beta1_c_only
K243294,False,True,False,True,True,False,True,True,True,True,True,True,,True,unclear_manual_review,beta2_c_and_b
K243331,False,False,False,False,True,False,True,False,False,False,False,False,,False,,beta1_c_only
K243335,False,False,False,True,True,False,True,False,False,True,False,False,,False,,beta2_c_and_b
K243341,False,False,False,True,True,False,True,True,True,True,False,False,,False,,beta2_c_and_b
K243350,False,False,False,True,True,False,True,False,False,False,True,False,,False,,beta2_c_and_b
K243363,False,False,False,False,True,False,True,True,True,False,True,False,,False,,beta1_c_only
K243376,False,False,False,False,True,True,True,True,True,False,False,False,,False,,beta1_c_only
K243378,False,True,False,True,True,False,True,False,True,True,True,False,,True,unclear_manual_review,beta2_c_and_b
K243397,False,False,False,True,True,False,True,True,False,True,True,True,,False,,beta2_c_and_b
K243446,False,False,False,True,True,False,True,True,True,False,False,False,,False,,beta2_c_and_b
K243449,False,False,False,True,True,False,True,True,False,True,False,False,,False,,beta2_c_and_b
K243481,False,True,False,True,True,False,True,False,False,True,False,False,,True,technical_ml,beta2_c_and_b
K243523,False,False,False,True,True,True,True,True,False,True,False,False,,False,,beta2_c_and_b
K243538,False,False,False,True,True,False,True,False,False,False,False,False,,False,,beta2_c_and_b
K243547,False,False,False,True,True,True,True,True,False,True,True,True,,False,,beta2_c_and_b
K243548,False,False,False,False,True,False,True,True,False,False,False,True,,False,,beta1_c_only
K243558,False,False,False,False,True,False,True,False,True,False,False,False,,False,,beta1_c_only
K243567,False,False,False,True,True,False,True,False,True,False,True,True,,False,,beta2_c_and_b
K243611,False,False,False,False,True,False,True,True,True,False,True,False,,False,,beta1_c_only
K243614,False,False,False,True,True,False,True,True,True,True,False,True,,False,,beta2_c_and_b
K243617,False,False,False,False,True,False,True,True,False,False,False,False,,False,,beta1_c_only
K243620,False,False,False,True,True,False,True,False,False,False,False,False,,False,,beta2_c_and_b
K243628,False,False,False,True,True,False,True,False,False,False,False,False,,False,,beta2_c_and_b
K243633,False,True,True,False,True,True,True,True,True,False,True,False,,True,demographic_fairness,beta1_c_only
K243647,False,False,False,False,True,False,True,False,False,False,True,True,,False,,beta1_c_only
K243651,False,False,False,True,True,True,True,True,False,False,False,False,,False,,beta2_c_and_b
K243657,False,False,False,True,True,False,True,True,False,False,False,False,,False,,beta2_c_and_b
K243667,False,False,False,True,True,True,True,True,True,True,False,True,,False,,beta2_c_and_b
K243672,False,False,False,True,True,True,True,True,False,False,False,False,,False,,beta2_c_and_b
K243679,False,False,False,True,True,False,True,False,False,True,False,True,,False,,beta2_c_and_b
K243681,True,True,True,False,True,True,True,True,True,True,True,False,representativeness,False,,alpha_normative_anchor
K243684,False,False,False,True,True,False,True,False,False,True,True,True,,False,,beta2_c_and_b
K243685,False,True,True,True,True,False,True,False,True,True,False,True,,True,demographic_fairness,beta2_c_and_b
K243687,False,False,False,True,True,False,True,True,False,False,False,True,,False,,beta2_c_and_b
K243688,False,False,False,True,True,False,True,True,True,False,False,False,,False,,beta2_c_and_b
K243689,False,False,False,False,False,False,True,False,False,False,False,False,,False,,beta0_no_fairness_lexicon
K243696,False,False,False,False,False,False,True,False,False,False,False,False,,False,,beta0_no_fairness_lexicon
K243702,False,False,False,True,True,False,True,False,False,False,True,True,,False,,beta2_c_and_b
K243705,False,False,False,False,True,False,True,True,True,False,False,False,,False,,beta1_c_only
K243743,False,True,False,True,True,False,True,True,False,True,False,True,,True,unclear_manual_review,beta2_c_and_b
K243762,False,False,False,True,True,False,True,False,True,True,False,True,,False,,beta2_c_and_b
K243769,False,False,False,True,True,False,True,True,False,True,False,False,,False,,beta2_c_and_b
K243779,False,False,False,False,True,False,True,True,True,False,False,True,,False,,beta1_c_only
K243793,False,False,False,True,True,False,True,True,False,True,True,False,,False,,beta2_c_and_b
K243794,False,False,False,True,True,False,True,True,False,False,True,False,,False,,beta2_c_and_b
K243808,False,False,False,True,True,False,True,True,False,True,False,False,,False,,beta2_c_and_b
K243810,False,False,False,True,True,False,True,True,False,True,False,False,,False,,beta2_c_and_b
K243812,False,False,False,True,True,False,True,False,False,False,False,False,,False,,beta2_c_and_b
K243831,False,False,False,True,True,True,True,True,True,True,False,True,,False,,beta2_c_and_b
K243851,False,False,False,True,True,False,True,True,False,False,False,True,,False,,beta2_c_and_b
K243853,False,False,False,True,True,True,True,True,True,True,False,False,,False,,beta2_c_and_b
K243859,False,False,False,True,True,False,True,False,False,True,True,False,,False,,beta2_c_and_b
K243862,False,False,False,False,True,False,True,False,True,False,False,False,,False,,beta1_c_only
K243863,False,False,False,False,True,False,True,False,True,False,False,False,,False,,beta1_c_only
K243866,False,False,False,True,True,False,True,False,False,True,False,True,,False,,beta2_c_and_b
K243878,False,False,False,True,True,False,True,False,False,False,False,False,,False,,beta2_c_and_b
K243884,False,False,False,True,True,False,True,True,True,False,False,False,,False,,beta2_c_and_b
K243891,False,False,False,True,True,False,True,False,False,False,False,False,,False,,beta2_c_and_b
K243893,False,False,False,True,True,False,True,False,True,False,False,False,,False,,beta2_c_and_b
K243919,False,False,False,False,True,False,True,True,False,False,False,False,,False,,beta1_c_only
K243933,False,False,False,False,True,False,True,False,True,False,False,True,,False,,beta1_c_only
K243937,False,False,False,True,True,False,True,True,True,False,True,True,,False,,beta2_c_and_b
K243950,False,False,False,False,True,False,True,True,False,False,False,False,,False,,beta1_c_only
K243955,False,False,False,False,True,False,True,False,False,False,False,False,,False,,beta1_c_only
K243989,False,False,False,True,True,False,True,True,True,False,False,False,,False,,beta2_c_and_b
K244002,False,False,False,True,True,False,True,False,False,False,True,True,,False,,beta2_c_and_b
K244023,False,False,False,False,True,False,True,False,False,False,False,False,,False,,beta1_c_only
K244027,False,False,False,True,True,False,True,False,False,True,False,False,,False,,beta2_c_and_b
K250003,False,False,False,True,True,False,True,True,True,False,False,False,,False,,beta2_c_and_b
K250005,False,False,False,True,True,False,True,True,True,False,False,False,,False,,beta2_c_and_b
K250023,False,False,False,False,True,False,True,False,False,False,True,True,,False,,beta1_c_only
K250035,False,False,False,True,True,False,True,False,False,True,False,False,,False,,beta2_c_and_b
K250042,False,True,False,True,True,False,True,True,True,True,True,True,,True,technical_ml,beta2_c_and_b
K250064,True,True,True,True,True,False,True,True,True,True,True,False,representativeness,True,demographic_fairness,alpha_normative_anchor
K250086,False,False,False,True,True,True,True,True,True,False,False,True,,False,,beta2_c_and_b
K250087,False,False,False,True,True,False,True,True,False,False,True,True,,False,,beta2_c_and_b
K250096,False,False,False,True,True,False,True,False,True,False,True,False,,False,,beta2_c_and_b
K250119,False,False,False,True,True,False,True,True,True,True,True,True,,False,,beta2_c_and_b
K250151,False,False,False,True,True,False,True,True,True,True,True,True,,False,,beta2_c_and_b
K250177,False,False,False,True,True,False,True,True,False,False,False,False,,False,,beta2_c_and_b
K250186,False,False,False,False,True,False,True,False,False,False,False,False,,False,,beta1_c_only
K250221,False,True,True,False,True,False,True,True,True,False,True,True,,True,demographic_fairness,beta1_c_only
K250226,False,False,False,True,True,True,True,True,True,True,False,False,,False,,beta2_c_and_b
K250236,False,False,False,False,True,False,True,False,True,False,True,True,,False,,beta1_c_only
K250237,False,False,False,False,True,False,True,True,False,False,False,False,,False,,beta1_c_only
K250246,False,False,False,True,True,False,True,True,False,False,True,True,,False,,beta2_c_and_b
K250248,False,False,False,False,True,False,True,True,False,False,False,True,,False,,beta1_c_only
K250255,False,False,False,True,True,False,True,True,False,False,False,False,,False,,beta2_c_and_b
K250264,False,True,True,True,True,False,True,False,False,True,False,False,,True,demographic_fairness,beta2_c_and_b
K250268,False,False,False,True,True,False,True,True,True,False,False,False,,False,,beta2_c_and_b
K250288,False,False,False,False,True,True,True,False,False,False,False,True,,False,,beta1_c_only
K250290,False,True,False,False,True,False,True,True,True,False,True,True,,True,technical_ml,beta1_c_only
K250328,False,False,False,False,True,False,True,False,False,False,False,False,,False,,beta1_c_only
K250330,False,False,False,True,True,False,True,True,False,True,False,False,,False,,beta2_c_and_b
K250337,False,False,False,True,True,False,True,True,False,True,True,False,,False,,beta2_c_and_b
K250354,False,False,False,False,True,False,True,True,False,False,True,False,,False,,beta1_c_only
K250367,False,False,False,False,True,False,True,True,True,False,False,False,,False,,beta1_c_only
K250369,False,False,False,True,True,False,True,False,True,True,False,False,,False,,beta2_c_and_b
K250370,False,False,False,False,True,False,True,True,False,False,False,False,,False,,beta1_c_only
K250379,False,False,False,True,True,False,True,False,False,False,False,False,,False,,beta2_c_and_b
K250416,False,False,False,False,True,False,True,True,False,False,False,False,,False,,beta1_c_only
K250427,False,False,False,True,True,False,True,True,False,False,True,True,,False,,beta2_c_and_b
K250436,False,False,False,True,True,False,True,True,False,True,True,True,,False,,beta2_c_and_b
K250440,False,True,True,False,True,False,True,True,False,False,False,False,,True,demographic_fairness,beta1_c_only
K250443,False,False,False,True,True,False,True,True,False,True,True,True,,False,,beta2_c_and_b
K250484,False,False,False,True,True,False,True,True,True,False,False,False,,False,,beta2_c_and_b
K250507,False,False,False,True,True,False,True,False,True,True,True,True,,False,,beta2_c_and_b
K250515,False,False,False,True,True,False,True,False,False,False,False,True,,False,,beta2_c_and_b
K250525,False,True,True,True,True,False,True,False,False,True,True,True,,True,demographic_fairness,beta2_c_and_b
K250543,False,False,False,True,True,False,True,False,False,False,False,False,,False,,beta2_c_and_b
K250569,False,False,False,True,True,False,True,False,False,False,False,False,,False,,beta2_c_and_b
K250649,False,False,False,True,True,False,True,True,False,False,True,True,,False,,beta2_c_and_b
K250650,False,False,False,False,True,True,True,False,True,False,False,True,,False,,beta1_c_only
K250652,False,False,False,True,True,False,True,False,True,False,False,False,,False,,beta2_c_and_b
K250660,False,False,False,True,True,False,True,False,False,False,False,False,,False,,beta2_c_and_b
K250662,False,True,False,True,True,False,True,True,True,True,False,False,,True,technical_ml,beta2_c_and_b
K250670,False,False,False,True,True,False,True,False,True,False,True,True,,False,,beta2_c_and_b
K250685,False,False,False,True,True,False,True,True,True,True,False,True,,False,,beta2_c_and_b
K250686,False,False,False,True,True,True,True,False,True,True,False,False,,False,,beta2_c_and_b
K250694,False,False,False,False,True,False,True,True,True,False,False,True,,False,,beta1_c_only
K250738,False,False,False,True,True,False,True,False,False,False,False,False,,False,,beta2_c_and_b
K250749,False,False,False,True,True,False,True,False,False,False,False,False,,False,,beta2_c_and_b
K250753,False,False,False,True,True,True,True,False,True,True,True,True,,False,,beta2_c_and_b
K250754,False,False,False,False,False,False,True,True,False,False,False,False,,False,,beta0_no_fairness_lexicon
K250755,False,False,False,False,True,False,True,False,False,False,False,True,,False,,beta1_c_only
K250766,False,False,False,True,True,True,True,True,False,True,False,False,,False,,beta2_c_and_b
K250780,False,False,False,False,True,False,True,False,False,False,False,True,,False,,beta1_c_only
K250788,False,False,False,True,True,False,True,True,False,False,False,False,,False,,beta2_c_and_b
K250818,False,False,False,True,True,False,True,True,False,True,False,False,,False,,beta2_c_and_b
K250831,False,True,True,False,True,False,True,True,True,False,True,True,,True,demographic_fairness,beta1_c_only
K250877,False,True,True,True,True,False,True,False,False,True,False,False,,True,demographic_fairness,beta2_c_and_b
K250882,False,False,False,True,True,False,True,False,False,False,False,False,,False,,beta2_c_and_b
K250886,False,False,False,True,True,False,True,True,False,False,True,False,,False,,beta2_c_and_b
K250901,False,False,False,True,True,False,True,False,False,True,False,False,,False,,beta2_c_and_b
K250902,False,False,False,False,True,False,True,False,True,False,False,False,,False,,beta1_c_only
K250914,False,False,False,True,True,False,True,True,False,True,False,False,,False,,beta2_c_and_b
K250932,False,False,False,True,True,False,True,False,True,False,False,False,,False,,beta2_c_and_b
K250941,False,False,False,True,True,True,True,True,True,False,False,False,,False,,beta2_c_and_b
K250959,False,False,False,False,True,False,True,False,True,False,False,True,,False,,beta1_c_only
K250984,False,False,False,True,True,False,True,True,False,False,False,False,,False,,beta2_c_and_b
K250999,False,False,False,True,True,False,True,False,False,False,True,True,,False,,beta2_c_and_b
K251002,False,False,False,True,True,False,True,False,True,False,True,False,,False,,beta2_c_and_b
K251009,False,False,False,True,True,False,True,False,False,False,True,False,,False,,beta2_c_and_b
K251027,False,False,False,True,True,False,True,True,False,False,False,True,,False,,beta2_c_and_b
K251029,False,False,False,True,True,False,True,True,False,False,False,False,,False,,beta2_c_and_b
K251059,False,True,False,True,True,True,True,True,True,True,True,True,,True,technical_ml,beta2_c_and_b
K251071,False,False,False,False,True,True,True,False,False,False,True,True,,False,,beta1_c_only
K251072,False,False,False,False,True,False,True,True,False,False,True,False,,False,,beta1_c_only
K251078,False,False,False,True,True,False,True,True,True,True,True,True,,False,,beta2_c_and_b
K251082,False,False,False,True,True,False,True,True,True,False,False,False,,False,,beta2_c_and_b
K251096,False,True,False,True,True,False,True,True,True,True,True,True,,True,technical_ml,beta2_c_and_b
K251106,False,False,False,True,True,False,True,False,False,False,True,True,,False,,beta2_c_and_b
K251110,False,False,False,True,True,False,True,False,False,False,False,False,,False,,beta2_c_and_b
K251126,False,False,False,True,True,False,True,False,False,False,False,False,,False,,beta2_c_and_b
K251151,False,False,False,True,True,False,True,True,True,True,True,False,,False,,beta2_c_and_b
K251153,False,True,False,True,True,True,True,False,True,False,True,False,,True,unclear_manual_review,beta2_c_and_b
K251167,False,False,False,False,True,False,True,True,False,False,False,True,,False,,beta1_c_only
K251169,False,False,False,True,True,False,True,True,False,False,True,True,,False,,beta2_c_and_b
K251203,False,False,False,False,True,False,True,False,False,False,False,False,,False,,beta1_c_only
K251221,False,False,False,True,True,True,True,True,True,True,False,True,,False,,beta2_c_and_b
K251276,False,False,False,False,True,True,True,False,True,False,True,True,,False,,beta1_c_only
K251293,False,False,False,True,True,True,True,True,True,False,True,True,,False,,beta2_c_and_b
K251316,False,False,False,False,True,False,True,True,False,False,True,False,,False,,beta1_c_only
K251322,False,False,False,True,True,False,True,True,False,False,True,True,,False,,beta2_c_and_b
K251342,False,False,False,True,True,False,True,True,False,False,True,True,,False,,beta2_c_and_b
K251355,False,False,False,True,True,False,True,False,False,True,False,False,,False,,beta2_c_and_b
K251368,False,True,True,True,True,False,True,True,True,True,False,True,,True,demographic_fairness,beta2_c_and_b
K251370,False,False,False,True,True,False,True,False,True,False,False,False,,False,,beta2_c_and_b
K251386,False,True,False,True,True,False,True,True,False,False,False,False,,True,unclear_manual_review,beta2_c_and_b
K251397,False,False,False,True,True,False,True,False,False,True,False,False,,False,,beta2_c_and_b
K251399,False,False,False,True,True,False,True,False,False,False,False,False,,False,,beta2_c_and_b
K251406,False,False,False,False,True,False,True,True,False,False,False,True,,False,,beta1_c_only
K251408,False,True,True,True,True,False,True,True,True,False,True,True,,True,demographic_fairness,beta2_c_and_b
K251416,False,False,False,False,True,False,True,True,True,False,True,True,,False,,beta1_c_only
K251455,False,False,False,True,True,False,True,True,False,False,True,False,,False,,beta2_c_and_b
K251456,False,False,False,True,True,False,True,False,False,True,True,True,,False,,beta2_c_and_b
K251481,False,False,False,True,True,False,True,True,False,False,False,False,,False,,beta2_c_and_b
K251483,False,False,False,False,True,False,True,False,False,False,True,False,,False,,beta1_c_only
K251494,False,False,False,True,True,False,True,False,True,False,True,True,,False,,beta2_c_and_b
K251506,False,False,False,True,True,False,True,False,False,False,False,False,,False,,beta2_c_and_b
K251514,False,False,False,True,True,False,True,True,True,False,True,False,,False,,beta2_c_and_b
K251518,False,False,False,True,True,False,True,False,False,False,False,True,,False,,beta2_c_and_b
K251527,False,False,False,True,True,False,True,True,True,False,False,False,,False,,beta2_c_and_b
K251528,False,False,False,True,True,False,True,True,False,False,False,False,,False,,beta2_c_and_b
K251532,False,False,False,False,True,True,True,False,False,False,False,False,,False,,beta1_c_only
K251533,False,True,False,True,True,True,True,True,True,False,True,False,,True,unclear_manual_review,beta2_c_and_b
K251590,False,False,False,True,True,False,True,True,True,True,False,True,,False,,beta2_c_and_b
K251602,False,False,False,True,True,False,True,False,False,True,False,True,,False,,beta2_c_and_b
K251610,False,False,False,False,True,False,True,True,False,False,False,False,,False,,beta1_c_only
K251629,False,False,False,False,True,False,True,True,False,False,True,False,,False,,beta1_c_only
K251639,False,False,False,False,True,True,True,False,False,False,False,False,,False,,beta1_c_only
K251651,False,False,False,False,True,False,True,False,False,False,False,False,,False,,beta1_c_only
K251656,False,False,False,True,True,False,True,False,False,True,False,False,,False,,beta2_c_and_b
K251657,False,False,False,False,True,False,True,False,False,False,False,False,,False,,beta1_c_only
K251673,False,False,False,False,True,False,True,False,False,False,False,False,,False,,beta1_c_only
K251682,False,False,False,True,True,False,True,False,True,True,True,True,,False,,beta2_c_and_b
K251747,False,False,False,True,True,False,True,True,True,True,True,True,,False,,beta2_c_and_b
K251763,False,False,False,True,True,False,True,True,False,True,False,False,,False,,beta2_c_and_b
K251766,False,False,False,True,True,False,True,True,False,True,False,True,,False,,beta2_c_and_b
K251822,False,False,False,True,True,False,True,True,False,True,False,True,,False,,beta2_c_and_b
K251837,False,True,False,False,True,False,True,False,False,False,False,False,,True,unclear_manual_review,beta1_c_only
K251839,False,False,False,True,True,True,True,True,False,True,True,True,,False,,beta2_c_and_b
K251873,False,False,False,True,True,False,True,True,True,False,False,True,,False,,beta2_c_and_b
K251931,False,False,False,False,True,False,True,True,False,True,True,False,,False,,beta1_c_only
K251936,False,False,False,True,True,False,True,True,True,True,True,True,,False,,beta2_c_and_b
K251963,False,False,False,True,True,False,True,False,False,False,True,True,,False,,beta2_c_and_b
K251983,False,False,False,True,True,False,True,True,True,True,False,True,,False,,beta2_c_and_b
K251985,False,False,False,True,True,False,True,False,False,False,True,True,,False,,beta2_c_and_b
K251987,False,False,False,True,True,False,True,False,False,False,True,False,,False,,beta2_c_and_b
K252007,False,False,False,False,True,False,True,True,True,True,True,False,,False,,beta1_c_only
K252029,False,False,False,True,True,False,True,False,True,True,False,False,,False,,beta2_c_and_b
K252041,False,False,False,True,True,False,True,True,False,True,False,False,,False,,beta2_c_and_b
K252054,True,True,True,True,True,False,True,True,False,True,True,True,representativeness,False,,alpha_normative_anchor
K252074,False,False,False,True,True,False,True,True,True,False,True,False,,False,,beta2_c_and_b
K252086,False,False,False,True,True,False,True,True,True,False,True,False,,False,,beta2_c_and_b
K252103,False,False,False,True,True,False,True,True,False,True,True,True,,False,,beta2_c_and_b
K252105,False,False,False,True,True,False,True,True,False,True,True,False,,False,,beta2_c_and_b
K252178,False,False,False,False,True,False,True,False,False,False,False,False,,False,,beta1_c_only
K252204,False,False,False,True,True,False,True,False,True,True,True,False,,False,,beta2_c_and_b
K252214,False,False,False,False,True,True,True,False,False,False,True,False,,False,,beta1_c_only
K252217,False,False,False,True,True,False,True,False,False,False,True,True,,False,,beta2_c_and_b
K252235,False,False,False,True,True,False,True,True,True,True,False,False,,False,,beta2_c_and_b
K252284,False,False,False,True,True,False,True,False,False,False,False,False,,False,,beta2_c_and_b
K252294,False,False,False,False,True,True,True,False,False,False,True,True,,False,,beta1_c_only
K252298,False,False,False,True,True,False,True,True,False,True,False,False,,False,,beta2_c_and_b
K252328,False,False,False,True,True,False,True,False,False,False,True,True,,False,,beta2_c_and_b
K252330,False,False,False,True,True,False,True,False,True,False,False,True,,False,,beta2_c_and_b
K252362,False,False,False,False,True,False,True,True,True,False,False,False,,False,,beta1_c_only
K252366,False,True,True,True,True,True,True,True,True,True,True,True,,True,demographic_fairness,beta2_c_and_b
K252371,False,False,False,True,True,False,True,False,False,False,False,False,,False,,beta2_c_and_b
K252379,False,False,False,True,True,True,True,True,False,True,False,False,,False,,beta2_c_and_b
K252452,False,True,False,True,True,False,True,True,True,True,True,True,,True,technical_ml,beta2_c_and_b
K252482,False,False,False,True,True,False,True,True,False,False,True,True,,False,,beta2_c_and_b
K252497,False,False,False,True,True,True,True,False,True,False,False,False,,False,,beta2_c_and_b
K252504,False,True,False,True,True,False,True,False,False,False,False,True,,True,technical_ml,beta2_c_and_b
K252539,False,False,False,False,True,False,True,True,True,True,False,False,,False,,beta1_c_only
K252557,False,False,False,True,True,False,True,True,False,True,False,False,,False,,beta2_c_and_b
K252586,False,False,False,True,True,False,True,True,True,False,False,False,,False,,beta2_c_and_b
K252665,False,True,False,False,True,False,True,False,True,False,False,False,,True,technical_ml,beta1_c_only
K252670,False,False,False,False,True,False,True,True,False,False,True,True,,False,,beta1_c_only
K252838,False,False,False,True,True,False,True,True,False,True,False,True,,False,,beta2_c_and_b
K252856,False,True,False,True,True,False,True,True,True,True,True,True,,True,technical_ml,beta2_c_and_b
K252922,False,False,False,False,True,False,True,True,False,False,True,True,,False,,beta1_c_only
K253091,False,False,False,True,True,False,True,True,False,False,False,False,,False,,beta2_c_and_b
K253141,False,False,False,True,True,False,True,False,True,False,False,True,,False,,beta2_c_and_b
K253265,False,False,False,False,True,False,True,True,False,False,False,True,,False,,beta1_c_only
K253269,False,False,False,True,True,True,True,False,False,False,True,True,,False,,beta2_c_and_b
K253310,False,False,False,True,True,False,True,False,False,False,False,False,,False,,beta2_c_and_b
K253489,False,False,False,False,True,True,True,False,True,False,True,True,,False,,beta1_c_only
K253516,False,False,False,True,True,False,True,False,False,False,False,False,,False,,beta2_c_and_b
K253532,False,False,False,True,True,False,True,True,False,True,True,False,,False,,beta2_c_and_b
K253664,False,False,False,True,True,False,True,False,False,False,False,False,,False,,beta2_c_and_b
K955841,False,False,False,True,True,False,True,True,False,True,False,False,,False,,beta2_c_and_b
P000041,False,False,False,False,True,False,True,False,False,False,False,False,,False,,beta1_c_only
P010034,False,False,False,False,True,False,True,False,False,False,False,False,,False,,beta1_c_only
P040028,False,False,False,False,True,False,True,False,False,False,False,False,,False,,beta1_c_only
P090012,False,False,False,False,True,False,True,False,False,False,False,False,,False,,beta1_c_only
P110014,False,False,False,True,True,False,False,False,False,False,False,False,,False,,beta2_c_and_b
P140011_S008,False,False,False,False,False,False,False,False,False,False,False,False,,False,,beta0_no_fairness_lexicon
P150043,False,False,False,False,False,False,False,False,False,False,False,False,,False,,beta0_no_fairness_lexicon
P150046,False,False,False,False,False,False,False,False,False,False,False,False,,False,,beta0_no_fairness_lexicon
P160009,False,False,False,False,False,False,False,False,False,False,False,False,,False,,beta0_no_fairness_lexicon
P200003,False,False,False,False,False,False,False,False,False,False,False,False,,False,,beta0_no_fairness_lexicon
P210011,False,False,False,False,False,False,False,False,False,False,False,False,,False,,beta0_no_fairness_lexicon
P210015,False,False,False,True,True,False,False,False,False,False,False,False,,False,,beta2_c_and_b
P230022,False,False,False,True,True,False,False,False,False,False,False,False,,False,,beta2_c_and_b
