device_id,text_path,total_words,tech_stat_terms_count,bio_label_terms_count,structural_social_terms_count,structural_core_count,mismatch_numerator,mismatch_denominator,mismatch_metric,mismatch_metric_is_inf,mismatch_metric_safe
K222176,/Users/winko/Library/Mobile Documents/com~apple~CloudDocs/Research/1.5-Policy/data/raw_text/K222176.txt,5897,92,0,5,0,92,5,18.4,0,18.400000
K221456,/Users/winko/Library/Mobile Documents/com~apple~CloudDocs/Research/1.5-Policy/data/raw_text/K221456.txt,3570,59,0,4,0,59,4,14.75,0,14.750000
K242130,/Users/winko/Library/Mobile Documents/com~apple~CloudDocs/Research/1.5-Policy/data/raw_text/K242130.txt,11326,160,0,11,0,160,11,14.545454545454545,0,14.545455
K212616,/Users/winko/Library/Mobile Documents/com~apple~CloudDocs/Research/1.5-Policy/data/raw_text/K212616.txt,9253,140,0,10,0,140,10,14.0,0,14.000000
K220499,/Users/winko/Library/Mobile Documents/com~apple~CloudDocs/Research/1.5-Policy/data/raw_text/K220499.txt,3569,43,0,4,0,43,4,10.75,0,10.750000
K212365,/Users/winko/Library/Mobile Documents/com~apple~CloudDocs/Research/1.5-Policy/data/raw_text/K212365.txt,4388,53,0,5,0,53,5,10.6,0,10.600000
K250685,/Users/winko/Library/Mobile Documents/com~apple~CloudDocs/Research/1.5-Policy/data/raw_text/K250685.txt,4957,94,0,9,0,94,9,10.444444444444445,0,10.444444
K240003,/Users/winko/Library/Mobile Documents/com~apple~CloudDocs/Research/1.5-Policy/data/raw_text/K240003.txt,5069,57,0,6,0,57,6,9.5,0,9.500000
K231871,/Users/winko/Library/Mobile Documents/com~apple~CloudDocs/Research/1.5-Policy/data/raw_text/K231871.txt,4267,54,0,6,0,54,6,9.0,0,9.000000
K152733,/Users/winko/Library/Mobile Documents/com~apple~CloudDocs/Research/1.5-Policy/data/raw_text/K152733.txt,6493,53,0,6,0,53,6,8.833333333333334,0,8.833333
K232436,/Users/winko/Library/Mobile Documents/com~apple~CloudDocs/Research/1.5-Policy/data/raw_text/K232436.txt,3807,35,0,4,0,35,4,8.75,0,8.750000
K192854,/Users/winko/Library/Mobile Documents/com~apple~CloudDocs/Research/1.5-Policy/data/raw_text/K192854.txt,6185,58,0,7,0,58,7,8.285714285714286,0,8.285714
K233590,/Users/winko/Library/Mobile Documents/com~apple~CloudDocs/Research/1.5-Policy/data/raw_text/K233590.txt,3120,31,0,4,0,31,4,7.75,0,7.750000
K230899,/Users/winko/Library/Mobile Documents/com~apple~CloudDocs/Research/1.5-Policy/data/raw_text/K230899.txt,4104,46,0,6,0,46,6,7.666666666666667,0,7.666667
K241439,/Users/winko/Library/Mobile Documents/com~apple~CloudDocs/Research/1.5-Policy/data/raw_text/K241439.txt,4764,46,0,6,0,46,6,7.666666666666667,0,7.666667
K210670,/Users/winko/Library/Mobile Documents/com~apple~CloudDocs/Research/1.5-Policy/data/raw_text/K210670.txt,6450,43,0,6,0,43,6,7.166666666666667,0,7.166667
K222884,/Users/winko/Library/Mobile Documents/com~apple~CloudDocs/Research/1.5-Policy/data/raw_text/K222884.txt,4253,26,0,4,0,26,4,6.5,0,6.500000
K241232,/Users/winko/Library/Mobile Documents/com~apple~CloudDocs/Research/1.5-Policy/data/raw_text/K241232.txt,5206,45,0,7,0,45,7,6.428571428571429,0,6.428571
K220164,/Users/winko/Library/Mobile Documents/com~apple~CloudDocs/Research/1.5-Policy/data/raw_text/K220164.txt,3920,32,0,5,0,32,5,6.4,0,6.400000
K223754,/Users/winko/Library/Mobile Documents/com~apple~CloudDocs/Research/1.5-Policy/data/raw_text/K223754.txt,4569,38,0,6,0,38,6,6.333333333333333,0,6.333333
K230074,/Users/winko/Library/Mobile Documents/com~apple~CloudDocs/Research/1.5-Policy/data/raw_text/K230074.txt,3801,25,0,4,0,25,4,6.25,0,6.250000
K242594,/Users/winko/Library/Mobile Documents/com~apple~CloudDocs/Research/1.5-Policy/data/raw_text/K242594.txt,4422,43,0,7,0,43,7,6.142857142857143,0,6.142857
K182149,/Users/winko/Library/Mobile Documents/com~apple~CloudDocs/Research/1.5-Policy/data/raw_text/K182149.txt,4057,30,0,5,0,30,5,6.0,0,6.000000
K223443,/Users/winko/Library/Mobile Documents/com~apple~CloudDocs/Research/1.5-Policy/data/raw_text/K223443.txt,4024,36,0,6,0,36,6,6.0,0,6.000000
K253265,/Users/winko/Library/Mobile Documents/com~apple~CloudDocs/Research/1.5-Policy/data/raw_text/K253265.txt,4630,47,0,8,0,47,8,5.875,0,5.875000
K222746,/Users/winko/Library/Mobile Documents/com~apple~CloudDocs/Research/1.5-Policy/data/raw_text/K222746.txt,3989,28,0,5,0,28,5,5.6,0,5.600000
K191994,/Users/winko/Library/Mobile Documents/com~apple~CloudDocs/Research/1.5-Policy/data/raw_text/K191994.txt,3790,22,0,4,0,22,4,5.5,0,5.500000
K230292,/Users/winko/Library/Mobile Documents/com~apple~CloudDocs/Research/1.5-Policy/data/raw_text/K230292.txt,3309,22,0,4,0,22,4,5.5,0,5.500000
K250003,/Users/winko/Library/Mobile Documents/com~apple~CloudDocs/Research/1.5-Policy/data/raw_text/K250003.txt,23450,38,0,7,0,38,7,5.428571428571429,0,5.428571
K182373,/Users/winko/Library/Mobile Documents/com~apple~CloudDocs/Research/1.5-Policy/data/raw_text/K182373.txt,4410,32,0,6,0,32,6,5.333333333333333,0,5.333333
K240845,/Users/winko/Library/Mobile Documents/com~apple~CloudDocs/Research/1.5-Policy/data/raw_text/K240845.txt,4408,32,0,6,0,32,6,5.333333333333333,0,5.333333
K183285,/Users/winko/Library/Mobile Documents/com~apple~CloudDocs/Research/1.5-Policy/data/raw_text/K183285.txt,3902,37,0,7,0,37,7,5.285714285714286,0,5.285714
K251590,/Users/winko/Library/Mobile Documents/com~apple~CloudDocs/Research/1.5-Policy/data/raw_text/K251590.txt,3903,46,0,9,0,46,9,5.111111111111111,0,5.111111
K243268,/Users/winko/Library/Mobile Documents/com~apple~CloudDocs/Research/1.5-Policy/data/raw_text/K243268.txt,3825,56,0,11,0,56,11,5.090909090909091,0,5.090909
K213353,/Users/winko/Library/Mobile Documents/com~apple~CloudDocs/Research/1.5-Policy/data/raw_text/K213353.txt,3306,25,0,5,0,25,5,5.0,0,5.000000
K240353,/Users/winko/Library/Mobile Documents/com~apple~CloudDocs/Research/1.5-Policy/data/raw_text/K240353.txt,4169,40,0,8,0,40,8,5.0,0,5.000000
K241620,/Users/winko/Library/Mobile Documents/com~apple~CloudDocs/Research/1.5-Policy/data/raw_text/K241620.txt,4220,30,0,6,0,30,6,5.0,0,5.000000
K220439,/Users/winko/Library/Mobile Documents/com~apple~CloudDocs/Research/1.5-Policy/data/raw_text/K220439.txt,3508,29,0,6,0,29,6,4.833333333333333,0,4.833333
K241725,/Users/winko/Library/Mobile Documents/com~apple~CloudDocs/Research/1.5-Policy/data/raw_text/K241725.txt,5299,48,0,10,0,48,10,4.8,0,4.800000
K242171,/Users/winko/Library/Mobile Documents/com~apple~CloudDocs/Research/1.5-Policy/data/raw_text/K242171.txt,6396,52,0,11,0,52,11,4.7272727272727275,0,4.727273
K240712,/Users/winko/Library/Mobile Documents/com~apple~CloudDocs/Research/1.5-Policy/data/raw_text/K240712.txt,7381,47,0,10,0,47,10,4.7,0,4.700000
K211733,/Users/winko/Library/Mobile Documents/com~apple~CloudDocs/Research/1.5-Policy/data/raw_text/K211733.txt,4448,46,0,10,0,46,10,4.6,0,4.600000
K231678,/Users/winko/Library/Mobile Documents/com~apple~CloudDocs/Research/1.5-Policy/data/raw_text/K231678.txt,2264,18,0,4,0,18,4,4.5,0,4.500000
K200667,/Users/winko/Library/Mobile Documents/com~apple~CloudDocs/Research/1.5-Policy/data/raw_text/K200667.txt,8152,26,0,6,0,26,6,4.333333333333333,0,4.333333
K213319,/Users/winko/Library/Mobile Documents/com~apple~CloudDocs/Research/1.5-Policy/data/raw_text/K213319.txt,3799,26,0,6,0,26,6,4.333333333333333,0,4.333333
K241719,/Users/winko/Library/Mobile Documents/com~apple~CloudDocs/Research/1.5-Policy/data/raw_text/K241719.txt,4526,30,0,7,0,30,7,4.285714285714286,0,4.285714
K243851,/Users/winko/Library/Mobile Documents/com~apple~CloudDocs/Research/1.5-Policy/data/raw_text/K243851.txt,5305,21,0,5,0,21,5,4.2,0,4.200000
K233247,/Users/winko/Library/Mobile Documents/com~apple~CloudDocs/Research/1.5-Policy/data/raw_text/K233247.txt,3430,25,0,6,0,25,6,4.166666666666667,0,4.166667
K251071,/Users/winko/Library/Mobile Documents/com~apple~CloudDocs/Research/1.5-Policy/data/raw_text/K251071.txt,3580,25,0,6,0,25,6,4.166666666666667,0,4.166667
K210365,/Users/winko/Library/Mobile Documents/com~apple~CloudDocs/Research/1.5-Policy/data/raw_text/K210365.txt,4131,29,0,7,0,29,7,4.142857142857143,0,4.142857
K252294,/Users/winko/Library/Mobile Documents/com~apple~CloudDocs/Research/1.5-Policy/data/raw_text/K252294.txt,3907,29,0,7,0,29,7,4.142857142857143,0,4.142857
K161382,/Users/winko/Library/Mobile Documents/com~apple~CloudDocs/Research/1.5-Policy/data/raw_text/K161382.txt,2958,16,0,4,0,16,4,4.0,0,4.000000
K210209,/Users/winko/Library/Mobile Documents/com~apple~CloudDocs/Research/1.5-Policy/data/raw_text/K210209.txt,3090,24,0,6,0,24,6,4.0,0,4.000000
K241676,/Users/winko/Library/Mobile Documents/com~apple~CloudDocs/Research/1.5-Policy/data/raw_text/K241676.txt,13292,28,0,7,0,28,7,4.0,0,4.000000
K240860,/Users/winko/Library/Mobile Documents/com~apple~CloudDocs/Research/1.5-Policy/data/raw_text/K240860.txt,8156,31,0,8,0,31,8,3.875,0,3.875000
K241831,/Users/winko/Library/Mobile Documents/com~apple~CloudDocs/Research/1.5-Policy/data/raw_text/K241831.txt,4311,27,0,7,0,27,7,3.857142857142857,0,3.857143
K223296,/Users/winko/Library/Mobile Documents/com~apple~CloudDocs/Research/1.5-Policy/data/raw_text/K223296.txt,3034,19,0,5,0,19,5,3.8,0,3.800000
K210666,/Users/winko/Library/Mobile Documents/com~apple~CloudDocs/Research/1.5-Policy/data/raw_text/K210666.txt,3431,26,0,7,0,26,7,3.7142857142857144,0,3.714286
K212519,/Users/winko/Library/Mobile Documents/com~apple~CloudDocs/Research/1.5-Policy/data/raw_text/K212519.txt,3908,26,0,7,0,26,7,3.7142857142857144,0,3.714286
K243808,/Users/winko/Library/Mobile Documents/com~apple~CloudDocs/Research/1.5-Policy/data/raw_text/K243808.txt,3989,26,0,7,0,26,7,3.7142857142857144,0,3.714286
K193658,/Users/winko/Library/Mobile Documents/com~apple~CloudDocs/Research/1.5-Policy/data/raw_text/K193658.txt,3083,22,0,6,0,22,6,3.6666666666666665,0,3.666667
K221183,/Users/winko/Library/Mobile Documents/com~apple~CloudDocs/Research/1.5-Policy/data/raw_text/K221183.txt,5291,44,0,12,0,44,12,3.6666666666666665,0,3.666667
K251408,/Users/winko/Library/Mobile Documents/com~apple~CloudDocs/Research/1.5-Policy/data/raw_text/K251408.txt,5756,40,0,11,0,40,11,3.6363636363636362,0,3.636364
K223811,/Users/winko/Library/Mobile Documents/com~apple~CloudDocs/Research/1.5-Policy/data/raw_text/K223811.txt,2909,18,0,5,0,18,5,3.6,0,3.600000
K230085,/Users/winko/Library/Mobile Documents/com~apple~CloudDocs/Research/1.5-Policy/data/raw_text/K230085.txt,3039,18,0,5,0,18,5,3.6,0,3.600000
K233253,/Users/winko/Library/Mobile Documents/com~apple~CloudDocs/Research/1.5-Policy/data/raw_text/K233253.txt,4925,18,0,5,0,18,5,3.6,0,3.600000
K202300,/Users/winko/Library/Mobile Documents/com~apple~CloudDocs/Research/1.5-Policy/data/raw_text/K202300.txt,9102,25,0,7,0,25,7,3.5714285714285716,0,3.571429
K203517,/Users/winko/Library/Mobile Documents/com~apple~CloudDocs/Research/1.5-Policy/data/raw_text/K203517.txt,3420,25,0,7,0,25,7,3.5714285714285716,0,3.571429
K240555,/Users/winko/Library/Mobile Documents/com~apple~CloudDocs/Research/1.5-Policy/data/raw_text/K240555.txt,6797,50,0,14,0,50,14,3.5714285714285716,0,3.571429
K242342,/Users/winko/Library/Mobile Documents/com~apple~CloudDocs/Research/1.5-Policy/data/raw_text/K242342.txt,3967,25,0,7,0,25,7,3.5714285714285716,0,3.571429
K220928,/Users/winko/Library/Mobile Documents/com~apple~CloudDocs/Research/1.5-Policy/data/raw_text/K220928.txt,3096,21,0,6,0,21,6,3.5,0,3.500000
K223357,/Users/winko/Library/Mobile Documents/com~apple~CloudDocs/Research/1.5-Policy/data/raw_text/K223357.txt,5307,21,0,6,0,21,6,3.5,0,3.500000
K243567,/Users/winko/Library/Mobile Documents/com~apple~CloudDocs/Research/1.5-Policy/data/raw_text/K243567.txt,4600,42,0,12,0,42,12,3.5,0,3.500000
K243611,/Users/winko/Library/Mobile Documents/com~apple~CloudDocs/Research/1.5-Policy/data/raw_text/K243611.txt,4244,27,0,8,0,27,8,3.375,0,3.375000
K211678,/Users/winko/Library/Mobile Documents/com~apple~CloudDocs/Research/1.5-Policy/data/raw_text/K211678.txt,4109,30,0,9,0,30,9,3.3333333333333335,0,3.333333
K241891,/Users/winko/Library/Mobile Documents/com~apple~CloudDocs/Research/1.5-Policy/data/raw_text/K241891.txt,4952,23,0,7,0,23,7,3.2857142857142856,0,3.285714
K161322,/Users/winko/Library/Mobile Documents/com~apple~CloudDocs/Research/1.5-Policy/data/raw_text/K161322.txt,2481,13,0,4,0,13,4,3.25,0,3.250000
K251983,/Users/winko/Library/Mobile Documents/com~apple~CloudDocs/Research/1.5-Policy/data/raw_text/K251983.txt,6219,39,0,12,0,39,12,3.25,0,3.250000
K193417,/Users/winko/Library/Mobile Documents/com~apple~CloudDocs/Research/1.5-Policy/data/raw_text/K193417.txt,2847,16,0,5,0,16,5,3.2,0,3.200000
K243831,/Users/winko/Library/Mobile Documents/com~apple~CloudDocs/Research/1.5-Policy/data/raw_text/K243831.txt,3432,22,0,7,0,22,7,3.142857142857143,0,3.142857
K251963,/Users/winko/Library/Mobile Documents/com~apple~CloudDocs/Research/1.5-Policy/data/raw_text/K251963.txt,4622,22,0,7,0,22,7,3.142857142857143,0,3.142857
K251985,/Users/winko/Library/Mobile Documents/com~apple~CloudDocs/Research/1.5-Policy/data/raw_text/K251985.txt,4588,22,0,7,0,22,7,3.142857142857143,0,3.142857
K181704,/Users/winko/Library/Mobile Documents/com~apple~CloudDocs/Research/1.5-Policy/data/raw_text/K181704.txt,3551,21,0,7,0,21,7,3.0,0,3.000000
K203235,/Users/winko/Library/Mobile Documents/com~apple~CloudDocs/Research/1.5-Policy/data/raw_text/K203235.txt,4089,12,0,4,0,12,4,3.0,0,3.000000
K223133,/Users/winko/Library/Mobile Documents/com~apple~CloudDocs/Research/1.5-Policy/data/raw_text/K223133.txt,3354,18,0,6,0,18,6,3.0,0,3.000000
K240285,/Users/winko/Library/Mobile Documents/com~apple~CloudDocs/Research/1.5-Policy/data/raw_text/K240285.txt,3505,24,0,8,0,24,8,3.0,0,3.000000
K183182,/Users/winko/Library/Mobile Documents/com~apple~CloudDocs/Research/1.5-Policy/data/raw_text/K183182.txt,3179,23,0,8,0,23,8,2.875,0,2.875000
K212783,/Users/winko/Library/Mobile Documents/com~apple~CloudDocs/Research/1.5-Policy/data/raw_text/K212783.txt,4678,20,0,7,0,20,7,2.857142857142857,0,2.857143
K213657,/Users/winko/Library/Mobile Documents/com~apple~CloudDocs/Research/1.5-Policy/data/raw_text/K213657.txt,2778,20,0,7,0,20,7,2.857142857142857,0,2.857143
K230020,/Users/winko/Library/Mobile Documents/com~apple~CloudDocs/Research/1.5-Policy/data/raw_text/K230020.txt,3579,20,0,7,0,20,7,2.857142857142857,0,2.857143
K230842,/Users/winko/Library/Mobile Documents/com~apple~CloudDocs/Research/1.5-Policy/data/raw_text/K230842.txt,4145,20,0,7,0,20,7,2.857142857142857,0,2.857143
K234141,/Users/winko/Library/Mobile Documents/com~apple~CloudDocs/Research/1.5-Policy/data/raw_text/K234141.txt,4321,20,0,7,0,20,7,2.857142857142857,0,2.857143
K241727,/Users/winko/Library/Mobile Documents/com~apple~CloudDocs/Research/1.5-Policy/data/raw_text/K241727.txt,3816,20,0,7,0,20,7,2.857142857142857,0,2.857143
K223659,/Users/winko/Library/Mobile Documents/com~apple~CloudDocs/Research/1.5-Policy/data/raw_text/K223659.txt,2322,14,0,5,0,14,5,2.8,0,2.800000
K242437,/Users/winko/Library/Mobile Documents/com~apple~CloudDocs/Research/1.5-Policy/data/raw_text/K242437.txt,5256,28,0,10,0,28,10,2.8,0,2.800000
K243548,/Users/winko/Library/Mobile Documents/com~apple~CloudDocs/Research/1.5-Policy/data/raw_text/K243548.txt,3767,19,0,7,0,19,7,2.7142857142857144,0,2.714286
K251494,/Users/winko/Library/Mobile Documents/com~apple~CloudDocs/Research/1.5-Policy/data/raw_text/K251494.txt,4288,19,0,7,0,19,7,2.7142857142857144,0,2.714286
K222277,/Users/winko/Library/Mobile Documents/com~apple~CloudDocs/Research/1.5-Policy/data/raw_text/K222277.txt,3604,16,0,6,0,16,6,2.6666666666666665,0,2.666667
K222329,/Users/winko/Library/Mobile Documents/com~apple~CloudDocs/Research/1.5-Policy/data/raw_text/K222329.txt,3431,16,0,6,0,16,6,2.6666666666666665,0,2.666667
K231001,/Users/winko/Library/Mobile Documents/com~apple~CloudDocs/Research/1.5-Policy/data/raw_text/K231001.txt,3977,16,0,6,0,16,6,2.6666666666666665,0,2.666667
K231837,/Users/winko/Library/Mobile Documents/com~apple~CloudDocs/Research/1.5-Policy/data/raw_text/K231837.txt,5345,31,0,12,0,31,12,2.5833333333333335,0,2.583333
K092116,/Users/winko/Library/Mobile Documents/com~apple~CloudDocs/Research/1.5-Policy/data/raw_text/K092116.txt,1787,10,0,4,0,10,4,2.5,0,2.500000
K161772,/Users/winko/Library/Mobile Documents/com~apple~CloudDocs/Research/1.5-Policy/data/raw_text/K161772.txt,2777,15,0,6,0,15,6,2.5,0,2.500000
K190442,/Users/winko/Library/Mobile Documents/com~apple~CloudDocs/Research/1.5-Policy/data/raw_text/K190442.txt,5363,20,0,8,0,20,8,2.5,0,2.500000
K213941,/Users/winko/Library/Mobile Documents/com~apple~CloudDocs/Research/1.5-Policy/data/raw_text/K213941.txt,2883,25,0,10,0,25,10,2.5,0,2.500000
K232384,/Users/winko/Library/Mobile Documents/com~apple~CloudDocs/Research/1.5-Policy/data/raw_text/K232384.txt,4979,15,0,6,0,15,6,2.5,0,2.500000
K233216,/Users/winko/Library/Mobile Documents/com~apple~CloudDocs/Research/1.5-Policy/data/raw_text/K233216.txt,3140,15,0,6,0,15,6,2.5,0,2.500000
K243363,/Users/winko/Library/Mobile Documents/com~apple~CloudDocs/Research/1.5-Policy/data/raw_text/K243363.txt,3884,20,0,8,0,20,8,2.5,0,2.500000
K200905,/Users/winko/Library/Mobile Documents/com~apple~CloudDocs/Research/1.5-Policy/data/raw_text/K200905.txt,3218,22,0,9,0,22,9,2.4444444444444446,0,2.444444
K220598,/Users/winko/Library/Mobile Documents/com~apple~CloudDocs/Research/1.5-Policy/data/raw_text/K220598.txt,4686,17,0,7,0,17,7,2.4285714285714284,0,2.428571
K221309,/Users/winko/Library/Mobile Documents/com~apple~CloudDocs/Research/1.5-Policy/data/raw_text/K221309.txt,5270,19,0,8,0,19,8,2.375,0,2.375000
K221564,/Users/winko/Library/Mobile Documents/com~apple~CloudDocs/Research/1.5-Policy/data/raw_text/K221564.txt,6808,19,0,8,0,19,8,2.375,0,2.375000
K213971,/Users/winko/Library/Mobile Documents/com~apple~CloudDocs/Research/1.5-Policy/data/raw_text/K213971.txt,3709,14,0,6,0,14,6,2.3333333333333335,0,2.333333
K231805,/Users/winko/Library/Mobile Documents/com~apple~CloudDocs/Research/1.5-Policy/data/raw_text/K231805.txt,3002,14,0,6,0,14,6,2.3333333333333335,0,2.333333
K231195,/Users/winko/Library/Mobile Documents/com~apple~CloudDocs/Research/1.5-Policy/data/raw_text/K231195.txt,4662,23,0,10,0,23,10,2.3,0,2.300000
K250882,/Users/winko/Library/Mobile Documents/com~apple~CloudDocs/Research/1.5-Policy/data/raw_text/K250882.txt,3300,16,0,7,0,16,7,2.2857142857142856,0,2.285714
K241770,/Users/winko/Library/Mobile Documents/com~apple~CloudDocs/Research/1.5-Policy/data/raw_text/K241770.txt,6915,18,0,8,0,18,8,2.25,0,2.250000
K242837,/Users/winko/Library/Mobile Documents/com~apple~CloudDocs/Research/1.5-Policy/data/raw_text/K242837.txt,4083,18,0,8,0,18,8,2.25,0,2.250000
K251368,/Users/winko/Library/Mobile Documents/com~apple~CloudDocs/Research/1.5-Policy/data/raw_text/K251368.txt,7921,18,0,8,0,18,8,2.25,0,2.250000
K250507,/Users/winko/Library/Mobile Documents/com~apple~CloudDocs/Research/1.5-Policy/data/raw_text/K250507.txt,5488,24,0,11,0,24,11,2.1818181818181817,0,2.181818
K232496,/Users/winko/Library/Mobile Documents/com~apple~CloudDocs/Research/1.5-Policy/data/raw_text/K232496.txt,5320,19,0,9,0,19,9,2.111111111111111,0,2.111111
K192320,/Users/winko/Library/Mobile Documents/com~apple~CloudDocs/Research/1.5-Policy/data/raw_text/K192320.txt,2830,21,0,10,0,21,10,2.1,0,2.100000
K232237,/Users/winko/Library/Mobile Documents/com~apple~CloudDocs/Research/1.5-Policy/data/raw_text/K232237.txt,4934,25,0,12,0,25,12,2.0833333333333335,0,2.083333
K252366,/Users/winko/Library/Mobile Documents/com~apple~CloudDocs/Research/1.5-Policy/data/raw_text/K252366.txt,4628,31,0,15,0,31,15,2.066666666666667,0,2.066667
K210187,/Users/winko/Library/Mobile Documents/com~apple~CloudDocs/Research/1.5-Policy/data/raw_text/K210187.txt,2406,10,0,5,0,10,5,2.0,0,2.000000
K221241,/Users/winko/Library/Mobile Documents/com~apple~CloudDocs/Research/1.5-Policy/data/raw_text/K221241.txt,3411,18,0,9,0,18,9,2.0,0,2.000000
K223287,/Users/winko/Library/Mobile Documents/com~apple~CloudDocs/Research/1.5-Policy/data/raw_text/K223287.txt,2266,8,0,4,0,8,4,2.0,0,2.000000
K231068,/Users/winko/Library/Mobile Documents/com~apple~CloudDocs/Research/1.5-Policy/data/raw_text/K231068.txt,8683,16,0,8,0,16,8,2.0,0,2.000000
K232699,/Users/winko/Library/Mobile Documents/com~apple~CloudDocs/Research/1.5-Policy/data/raw_text/K232699.txt,3825,14,0,7,0,14,7,2.0,0,2.000000
K240301,/Users/winko/Library/Mobile Documents/com~apple~CloudDocs/Research/1.5-Policy/data/raw_text/K240301.txt,5054,12,0,6,0,12,6,2.0,0,2.000000
K241390,/Users/winko/Library/Mobile Documents/com~apple~CloudDocs/Research/1.5-Policy/data/raw_text/K241390.txt,4842,12,0,6,0,12,6,2.0,0,2.000000
K242270,/Users/winko/Library/Mobile Documents/com~apple~CloudDocs/Research/1.5-Policy/data/raw_text/K242270.txt,4019,16,0,8,0,16,8,2.0,0,2.000000
K242600,/Users/winko/Library/Mobile Documents/com~apple~CloudDocs/Research/1.5-Policy/data/raw_text/K242600.txt,3931,16,0,8,0,16,8,2.0,0,2.000000
K243862,/Users/winko/Library/Mobile Documents/com~apple~CloudDocs/Research/1.5-Policy/data/raw_text/K243862.txt,2831,12,0,6,0,12,6,2.0,0,2.000000
K250248,/Users/winko/Library/Mobile Documents/com~apple~CloudDocs/Research/1.5-Policy/data/raw_text/K250248.txt,3662,14,0,7,0,14,7,2.0,0,2.000000
K222579,/Users/winko/Library/Mobile Documents/com~apple~CloudDocs/Research/1.5-Policy/data/raw_text/K222579.txt,3071,19,0,10,0,19,10,1.9,0,1.900000
K230751,/Users/winko/Library/Mobile Documents/com~apple~CloudDocs/Research/1.5-Policy/data/raw_text/K230751.txt,6384,15,0,8,0,15,8,1.875,0,1.875000
K250221,/Users/winko/Library/Mobile Documents/com~apple~CloudDocs/Research/1.5-Policy/data/raw_text/K250221.txt,5346,13,0,7,0,13,7,1.8571428571428572,0,1.857143
K252284,/Users/winko/Library/Mobile Documents/com~apple~CloudDocs/Research/1.5-Policy/data/raw_text/K252284.txt,3533,13,0,7,0,13,7,1.8571428571428572,0,1.857143
K182218,/Users/winko/Library/Mobile Documents/com~apple~CloudDocs/Research/1.5-Policy/data/raw_text/K182218.txt,3910,11,0,6,0,11,6,1.8333333333333333,0,1.833333
K220709,/Users/winko/Library/Mobile Documents/com~apple~CloudDocs/Research/1.5-Policy/data/raw_text/K220709.txt,3738,11,0,6,0,11,6,1.8333333333333333,0,1.833333
K230144,/Users/winko/Library/Mobile Documents/com~apple~CloudDocs/Research/1.5-Policy/data/raw_text/K230144.txt,2886,11,0,6,0,11,6,1.8333333333333333,0,1.833333
K250264,/Users/winko/Library/Mobile Documents/com~apple~CloudDocs/Research/1.5-Policy/data/raw_text/K250264.txt,2646,11,0,6,0,11,6,1.8333333333333333,0,1.833333
K251293,/Users/winko/Library/Mobile Documents/com~apple~CloudDocs/Research/1.5-Policy/data/raw_text/K251293.txt,3558,22,0,12,0,22,12,1.8333333333333333,0,1.833333
K240058,/Users/winko/Library/Mobile Documents/com~apple~CloudDocs/Research/1.5-Policy/data/raw_text/K240058.txt,4667,20,0,11,0,20,11,1.8181818181818181,0,1.818182
K223347,/Users/winko/Library/Mobile Documents/com~apple~CloudDocs/Research/1.5-Policy/data/raw_text/K223347.txt,4711,9,0,5,0,9,5,1.8,0,1.800000
K232410,/Users/winko/Library/Mobile Documents/com~apple~CloudDocs/Research/1.5-Policy/data/raw_text/K232410.txt,3114,9,0,5,0,9,5,1.8,0,1.800000
K241480,/Users/winko/Library/Mobile Documents/com~apple~CloudDocs/Research/1.5-Policy/data/raw_text/K241480.txt,3355,9,0,5,0,9,5,1.8,0,1.800000
K250151,/Users/winko/Library/Mobile Documents/com~apple~CloudDocs/Research/1.5-Policy/data/raw_text/K250151.txt,4143,18,0,10,0,18,10,1.8,0,1.800000
K211803,/Users/winko/Library/Mobile Documents/com~apple~CloudDocs/Research/1.5-Policy/data/raw_text/K211803.txt,2891,16,0,9,0,16,9,1.7777777777777777,0,1.777778
K243614,/Users/winko/Library/Mobile Documents/com~apple~CloudDocs/Research/1.5-Policy/data/raw_text/K243614.txt,3996,16,0,9,0,16,9,1.7777777777777777,0,1.777778
K092967,/Users/winko/Library/Mobile Documents/com~apple~CloudDocs/Research/1.5-Policy/data/raw_text/K092967.txt,6245,7,0,4,0,7,4,1.75,0,1.750000
K203822,/Users/winko/Library/Mobile Documents/com~apple~CloudDocs/Research/1.5-Policy/data/raw_text/K203822.txt,2958,7,0,4,0,7,4,1.75,0,1.750000
K223387,/Users/winko/Library/Mobile Documents/com~apple~CloudDocs/Research/1.5-Policy/data/raw_text/K223387.txt,4067,14,0,8,0,14,8,1.75,0,1.750000
K233738,/Users/winko/Library/Mobile Documents/com~apple~CloudDocs/Research/1.5-Policy/data/raw_text/K233738.txt,2406,7,0,4,0,7,4,1.75,0,1.750000
K240993,/Users/winko/Library/Mobile Documents/com~apple~CloudDocs/Research/1.5-Policy/data/raw_text/K240993.txt,18556,35,0,20,0,35,20,1.75,0,1.750000
K243234,/Users/winko/Library/Mobile Documents/com~apple~CloudDocs/Research/1.5-Policy/data/raw_text/K243234.txt,3836,14,0,8,0,14,8,1.75,0,1.750000
K243679,/Users/winko/Library/Mobile Documents/com~apple~CloudDocs/Research/1.5-Policy/data/raw_text/K243679.txt,4362,12,0,7,0,12,7,1.7142857142857142,0,1.714286
K192665,/Users/winko/Library/Mobile Documents/com~apple~CloudDocs/Research/1.5-Policy/data/raw_text/K192665.txt,7200,10,0,6,0,10,6,1.6666666666666667,0,1.666667
K192901,/Users/winko/Library/Mobile Documents/com~apple~CloudDocs/Research/1.5-Policy/data/raw_text/K192901.txt,2928,10,0,6,0,10,6,1.6666666666666667,0,1.666667
K210404,/Users/winko/Library/Mobile Documents/com~apple~CloudDocs/Research/1.5-Policy/data/raw_text/K210404.txt,3126,15,0,9,0,15,9,1.6666666666666667,0,1.666667
K222692,/Users/winko/Library/Mobile Documents/com~apple~CloudDocs/Research/1.5-Policy/data/raw_text/K222692.txt,3048,10,0,6,0,10,6,1.6666666666666667,0,1.666667
K223491,/Users/winko/Library/Mobile Documents/com~apple~CloudDocs/Research/1.5-Policy/data/raw_text/K223491.txt,3265,15,0,9,0,15,9,1.6666666666666667,0,1.666667
K223504,/Users/winko/Library/Mobile Documents/com~apple~CloudDocs/Research/1.5-Policy/data/raw_text/K223504.txt,4534,10,0,6,0,10,6,1.6666666666666667,0,1.666667
K251221,/Users/winko/Library/Mobile Documents/com~apple~CloudDocs/Research/1.5-Policy/data/raw_text/K251221.txt,3311,10,0,6,0,10,6,1.6666666666666667,0,1.666667
K252086,/Users/winko/Library/Mobile Documents/com~apple~CloudDocs/Research/1.5-Policy/data/raw_text/K252086.txt,3364,10,0,6,0,10,6,1.6666666666666667,0,1.666667
K192415,/Users/winko/Library/Mobile Documents/com~apple~CloudDocs/Research/1.5-Policy/data/raw_text/K192415.txt,2951,8,0,5,0,8,5,1.6,0,1.600000
K213566,/Users/winko/Library/Mobile Documents/com~apple~CloudDocs/Research/1.5-Policy/data/raw_text/K213566.txt,3206,11,0,7,0,11,7,1.5714285714285714,0,1.571429
K213882,/Users/winko/Library/Mobile Documents/com~apple~CloudDocs/Research/1.5-Policy/data/raw_text/K213882.txt,2889,11,0,7,0,11,7,1.5714285714285714,0,1.571429
K232751,/Users/winko/Library/Mobile Documents/com~apple~CloudDocs/Research/1.5-Policy/data/raw_text/K232751.txt,3937,11,0,7,0,11,7,1.5714285714285714,0,1.571429
K243893,/Users/winko/Library/Mobile Documents/com~apple~CloudDocs/Research/1.5-Policy/data/raw_text/K243893.txt,3405,11,0,7,0,11,7,1.5714285714285714,0,1.571429
K242511,/Users/winko/Library/Mobile Documents/com~apple~CloudDocs/Research/1.5-Policy/data/raw_text/K242511.txt,5631,14,0,9,0,14,9,1.5555555555555556,0,1.555556
K130831,/Users/winko/Library/Mobile Documents/com~apple~CloudDocs/Research/1.5-Policy/data/raw_text/K130831.txt,8344,3,0,2,0,3,2,1.5,0,1.500000
K190072,/Users/winko/Library/Mobile Documents/com~apple~CloudDocs/Research/1.5-Policy/data/raw_text/K190072.txt,3403,9,0,6,0,9,6,1.5,0,1.500000
K190815,/Users/winko/Library/Mobile Documents/com~apple~CloudDocs/Research/1.5-Policy/data/raw_text/K190815.txt,5251,6,0,4,0,6,4,1.5,0,1.500000
K192004,/Users/winko/Library/Mobile Documents/com~apple~CloudDocs/Research/1.5-Policy/data/raw_text/K192004.txt,2739,9,0,6,0,9,6,1.5,0,1.500000
K193287,/Users/winko/Library/Mobile Documents/com~apple~CloudDocs/Research/1.5-Policy/data/raw_text/K193287.txt,2369,6,0,4,0,6,4,1.5,0,1.500000
K193351,/Users/winko/Library/Mobile Documents/com~apple~CloudDocs/Research/1.5-Policy/data/raw_text/K193351.txt,2761,9,0,6,0,9,6,1.5,0,1.500000
K200921,/Users/winko/Library/Mobile Documents/com~apple~CloudDocs/Research/1.5-Policy/data/raw_text/K200921.txt,4243,9,0,6,0,9,6,1.5,0,1.500000
K211541,/Users/winko/Library/Mobile Documents/com~apple~CloudDocs/Research/1.5-Policy/data/raw_text/K211541.txt,2445,9,0,6,0,9,6,1.5,0,1.500000
K214081,/Users/winko/Library/Mobile Documents/com~apple~CloudDocs/Research/1.5-Policy/data/raw_text/K214081.txt,3643,15,0,10,0,15,10,1.5,0,1.500000
K221716,/Users/winko/Library/Mobile Documents/com~apple~CloudDocs/Research/1.5-Policy/data/raw_text/K221716.txt,3873,9,0,6,0,9,6,1.5,0,1.500000
K233409,/Users/winko/Library/Mobile Documents/com~apple~CloudDocs/Research/1.5-Policy/data/raw_text/K233409.txt,3530,9,0,6,0,9,6,1.5,0,1.500000
K250525,/Users/winko/Library/Mobile Documents/com~apple~CloudDocs/Research/1.5-Policy/data/raw_text/K250525.txt,4864,12,0,8,0,12,8,1.5,0,1.500000
K251002,/Users/winko/Library/Mobile Documents/com~apple~CloudDocs/Research/1.5-Policy/data/raw_text/K251002.txt,4145,9,0,6,0,9,6,1.5,0,1.500000
K251406,/Users/winko/Library/Mobile Documents/com~apple~CloudDocs/Research/1.5-Policy/data/raw_text/K251406.txt,3937,12,0,8,0,12,8,1.5,0,1.500000
K251416,/Users/winko/Library/Mobile Documents/com~apple~CloudDocs/Research/1.5-Policy/data/raw_text/K251416.txt,3991,9,0,6,0,9,6,1.5,0,1.500000
K200855,/Users/winko/Library/Mobile Documents/com~apple~CloudDocs/Research/1.5-Policy/data/raw_text/K200855.txt,4075,13,0,9,0,13,9,1.4444444444444444,0,1.444444
K221868,/Users/winko/Library/Mobile Documents/com~apple~CloudDocs/Research/1.5-Policy/data/raw_text/K221868.txt,3249,13,0,9,0,13,9,1.4444444444444444,0,1.444444
K223621,/Users/winko/Library/Mobile Documents/com~apple~CloudDocs/Research/1.5-Policy/data/raw_text/K223621.txt,2637,10,0,7,0,10,7,1.4285714285714286,0,1.428571
K230365,/Users/winko/Library/Mobile Documents/com~apple~CloudDocs/Research/1.5-Policy/data/raw_text/K230365.txt,3079,10,0,7,0,10,7,1.4285714285714286,0,1.428571
K252497,/Users/winko/Library/Mobile Documents/com~apple~CloudDocs/Research/1.5-Policy/data/raw_text/K252497.txt,3171,10,0,7,0,10,7,1.4285714285714286,0,1.428571
K232915,/Users/winko/Library/Mobile Documents/com~apple~CloudDocs/Research/1.5-Policy/data/raw_text/K232915.txt,5123,24,0,17,0,24,17,1.411764705882353,0,1.411765
K192442,/Users/winko/Library/Mobile Documents/com~apple~CloudDocs/Research/1.5-Policy/data/raw_text/K192442.txt,3709,7,0,5,0,7,5,1.4,0,1.400000
K192962,/Users/winko/Library/Mobile Documents/com~apple~CloudDocs/Research/1.5-Policy/data/raw_text/K192962.txt,3081,7,0,5,0,7,5,1.4,0,1.400000
K231010,/Users/winko/Library/Mobile Documents/com~apple~CloudDocs/Research/1.5-Policy/data/raw_text/K231010.txt,3401,7,0,5,0,7,5,1.4,0,1.400000
K233977,/Users/winko/Library/Mobile Documents/com~apple~CloudDocs/Research/1.5-Policy/data/raw_text/K233977.txt,3014,7,0,5,0,7,5,1.4,0,1.400000
K251987,/Users/winko/Library/Mobile Documents/com~apple~CloudDocs/Research/1.5-Policy/data/raw_text/K251987.txt,3849,7,0,5,0,7,5,1.4,0,1.400000
K232431,/Users/winko/Library/Mobile Documents/com~apple~CloudDocs/Research/1.5-Policy/data/raw_text/K232431.txt,2559,11,0,8,0,11,8,1.375,0,1.375000
K242683,/Users/winko/Library/Mobile Documents/com~apple~CloudDocs/Research/1.5-Policy/data/raw_text/K242683.txt,4120,11,0,8,0,11,8,1.375,0,1.375000
K182177,/Users/winko/Library/Mobile Documents/com~apple~CloudDocs/Research/1.5-Policy/data/raw_text/K182177.txt,1932,8,0,6,0,8,6,1.3333333333333333,0,1.333333
K183019,/Users/winko/Library/Mobile Documents/com~apple~CloudDocs/Research/1.5-Policy/data/raw_text/K183019.txt,3684,8,0,6,0,8,6,1.3333333333333333,0,1.333333
K201301,/Users/winko/Library/Mobile Documents/com~apple~CloudDocs/Research/1.5-Policy/data/raw_text/K201301.txt,2873,8,0,6,0,8,6,1.3333333333333333,0,1.333333
K231025,/Users/winko/Library/Mobile Documents/com~apple~CloudDocs/Research/1.5-Policy/data/raw_text/K231025.txt,2793,8,0,6,0,8,6,1.3333333333333333,0,1.333333
K233822,/Users/winko/Library/Mobile Documents/com~apple~CloudDocs/Research/1.5-Policy/data/raw_text/K233822.txt,3145,8,0,6,0,8,6,1.3333333333333333,0,1.333333
K240013,/Users/winko/Library/Mobile Documents/com~apple~CloudDocs/Research/1.5-Policy/data/raw_text/K240013.txt,4772,12,0,9,0,12,9,1.3333333333333333,0,1.333333
K243239,/Users/winko/Library/Mobile Documents/com~apple~CloudDocs/Research/1.5-Policy/data/raw_text/K243239.txt,3510,12,0,9,0,12,9,1.3333333333333333,0,1.333333
K193109,/Users/winko/Library/Mobile Documents/com~apple~CloudDocs/Research/1.5-Policy/data/raw_text/K193109.txt,3576,13,0,10,0,13,10,1.3,0,1.300000
K193229,/Users/winko/Library/Mobile Documents/com~apple~CloudDocs/Research/1.5-Policy/data/raw_text/K193229.txt,2821,9,0,7,0,9,7,1.2857142857142858,0,1.285714
K214043,/Users/winko/Library/Mobile Documents/com~apple~CloudDocs/Research/1.5-Policy/data/raw_text/K214043.txt,3221,9,0,7,0,9,7,1.2857142857142858,0,1.285714
K242444,/Users/winko/Library/Mobile Documents/com~apple~CloudDocs/Research/1.5-Policy/data/raw_text/K242444.txt,4092,9,0,7,0,9,7,1.2857142857142858,0,1.285714
K250999,/Users/winko/Library/Mobile Documents/com~apple~CloudDocs/Research/1.5-Policy/data/raw_text/K250999.txt,5905,18,0,14,0,18,14,1.2857142857142858,0,1.285714
K251514,/Users/winko/Library/Mobile Documents/com~apple~CloudDocs/Research/1.5-Policy/data/raw_text/K251514.txt,3639,9,0,7,0,9,7,1.2857142857142858,0,1.285714
K233108,/Users/winko/Library/Mobile Documents/com~apple~CloudDocs/Research/1.5-Policy/data/raw_text/K233108.txt,3907,14,0,11,0,14,11,1.2727272727272727,0,1.272727
K161068,/Users/winko/Library/Mobile Documents/com~apple~CloudDocs/Research/1.5-Policy/data/raw_text/K161068.txt,4539,5,0,4,0,5,4,1.25,0,1.250000
K200941,/Users/winko/Library/Mobile Documents/com~apple~CloudDocs/Research/1.5-Policy/data/raw_text/K200941.txt,3637,5,0,4,0,5,4,1.25,0,1.250000
K213037,/Users/winko/Library/Mobile Documents/com~apple~CloudDocs/Research/1.5-Policy/data/raw_text/K213037.txt,3758,10,0,8,0,10,8,1.25,0,1.250000
K213357,/Users/winko/Library/Mobile Documents/com~apple~CloudDocs/Research/1.5-Policy/data/raw_text/K213357.txt,2933,10,0,8,0,10,8,1.25,0,1.250000
K221921,/Users/winko/Library/Mobile Documents/com~apple~CloudDocs/Research/1.5-Policy/data/raw_text/K221921.txt,3760,10,0,8,0,10,8,1.25,0,1.250000
K222312,/Users/winko/Library/Mobile Documents/com~apple~CloudDocs/Research/1.5-Policy/data/raw_text/K222312.txt,5084,5,0,4,0,5,4,1.25,0,1.250000
K240062,/Users/winko/Library/Mobile Documents/com~apple~CloudDocs/Research/1.5-Policy/data/raw_text/K240062.txt,2478,5,0,4,0,5,4,1.25,0,1.250000
K241380,/Users/winko/Library/Mobile Documents/com~apple~CloudDocs/Research/1.5-Policy/data/raw_text/K241380.txt,7283,10,0,8,0,10,8,1.25,0,1.250000
K242168,/Users/winko/Library/Mobile Documents/com~apple~CloudDocs/Research/1.5-Policy/data/raw_text/K242168.txt,5606,10,0,8,0,10,8,1.25,0,1.250000
K251110,/Users/winko/Library/Mobile Documents/com~apple~CloudDocs/Research/1.5-Policy/data/raw_text/K251110.txt,5170,15,0,12,0,15,12,1.25,0,1.250000
K181988,/Users/winko/Library/Mobile Documents/com~apple~CloudDocs/Research/1.5-Policy/data/raw_text/K181988.txt,2761,11,0,9,0,11,9,1.2222222222222223,0,1.222222
K250649,/Users/winko/Library/Mobile Documents/com~apple~CloudDocs/Research/1.5-Policy/data/raw_text/K250649.txt,4363,11,0,9,0,11,9,1.2222222222222223,0,1.222222
K003301,/Users/winko/Library/Mobile Documents/com~apple~CloudDocs/Research/1.5-Policy/data/raw_text/K003301.txt,1556,6,0,5,0,6,5,1.2,0,1.200000
K190898,/Users/winko/Library/Mobile Documents/com~apple~CloudDocs/Research/1.5-Policy/data/raw_text/K190898.txt,7861,6,0,5,0,6,5,1.2,0,1.200000
K192945,/Users/winko/Library/Mobile Documents/com~apple~CloudDocs/Research/1.5-Policy/data/raw_text/K192945.txt,3366,6,0,5,0,6,5,1.2,0,1.200000
K221592,/Users/winko/Library/Mobile Documents/com~apple~CloudDocs/Research/1.5-Policy/data/raw_text/K221592.txt,4566,12,0,10,0,12,10,1.2,0,1.200000
K240417,/Users/winko/Library/Mobile Documents/com~apple~CloudDocs/Research/1.5-Policy/data/raw_text/K240417.txt,3352,6,0,5,0,6,5,1.2,0,1.200000
K240929,/Users/winko/Library/Mobile Documents/com~apple~CloudDocs/Research/1.5-Policy/data/raw_text/K240929.txt,4477,12,0,10,0,12,10,1.2,0,1.200000
K243376,/Users/winko/Library/Mobile Documents/com~apple~CloudDocs/Research/1.5-Policy/data/raw_text/K243376.txt,4550,12,0,10,0,12,10,1.2,0,1.200000
K250694,/Users/winko/Library/Mobile Documents/com~apple~CloudDocs/Research/1.5-Policy/data/raw_text/K250694.txt,3145,6,0,5,0,6,5,1.2,0,1.200000
K192167,/Users/winko/Library/Mobile Documents/com~apple~CloudDocs/Research/1.5-Policy/data/raw_text/K192167.txt,2271,7,0,6,0,7,6,1.1666666666666667,0,1.166667
K193271,/Users/winko/Library/Mobile Documents/com~apple~CloudDocs/Research/1.5-Policy/data/raw_text/K193271.txt,4021,7,0,6,0,7,6,1.1666666666666667,0,1.166667
K193300,/Users/winko/Library/Mobile Documents/com~apple~CloudDocs/Research/1.5-Policy/data/raw_text/K193300.txt,2669,7,0,6,0,7,6,1.1666666666666667,0,1.166667
K202487,/Users/winko/Library/Mobile Documents/com~apple~CloudDocs/Research/1.5-Policy/data/raw_text/K202487.txt,2463,7,0,6,0,7,6,1.1666666666666667,0,1.166667
K220105,/Users/winko/Library/Mobile Documents/com~apple~CloudDocs/Research/1.5-Policy/data/raw_text/K220105.txt,2679,7,0,6,0,7,6,1.1666666666666667,0,1.166667
K223771,/Users/winko/Library/Mobile Documents/com~apple~CloudDocs/Research/1.5-Policy/data/raw_text/K223771.txt,3707,7,0,6,0,7,6,1.1666666666666667,0,1.166667
K231677,/Users/winko/Library/Mobile Documents/com~apple~CloudDocs/Research/1.5-Policy/data/raw_text/K231677.txt,3330,7,0,6,0,7,6,1.1666666666666667,0,1.166667
K243341,/Users/winko/Library/Mobile Documents/com~apple~CloudDocs/Research/1.5-Policy/data/raw_text/K243341.txt,3813,14,0,12,0,14,12,1.1666666666666667,0,1.166667
K243743,/Users/winko/Library/Mobile Documents/com~apple~CloudDocs/Research/1.5-Policy/data/raw_text/K243743.txt,7839,7,0,6,0,7,6,1.1666666666666667,0,1.166667
K231965,/Users/winko/Library/Mobile Documents/com~apple~CloudDocs/Research/1.5-Policy/data/raw_text/K231965.txt,5205,8,0,7,0,8,7,1.1428571428571428,0,1.142857
K242292,/Users/winko/Library/Mobile Documents/com~apple~CloudDocs/Research/1.5-Policy/data/raw_text/K242292.txt,3479,8,0,7,0,8,7,1.1428571428571428,0,1.142857
K191370,/Users/winko/Library/Mobile Documents/com~apple~CloudDocs/Research/1.5-Policy/data/raw_text/K191370.txt,3797,9,0,8,0,9,8,1.125,0,1.125000
K233968,/Users/winko/Library/Mobile Documents/com~apple~CloudDocs/Research/1.5-Policy/data/raw_text/K233968.txt,4209,9,0,8,0,9,8,1.125,0,1.125000
K043341,/Users/winko/Library/Mobile Documents/com~apple~CloudDocs/Research/1.5-Policy/data/raw_text/K043341.txt,7174,10,0,9,0,10,9,1.1111111111111112,0,1.111111
K241481,/Users/winko/Library/Mobile Documents/com~apple~CloudDocs/Research/1.5-Policy/data/raw_text/K241481.txt,4030,10,0,9,0,10,9,1.1111111111111112,0,1.111111
K242480,/Users/winko/Library/Mobile Documents/com~apple~CloudDocs/Research/1.5-Policy/data/raw_text/K242480.txt,3348,10,0,9,0,10,9,1.1111111111111112,0,1.111111
K252482,/Users/winko/Library/Mobile Documents/com~apple~CloudDocs/Research/1.5-Policy/data/raw_text/K252482.txt,4283,11,0,10,0,11,10,1.1,0,1.100000
K222076,/Users/winko/Library/Mobile Documents/com~apple~CloudDocs/Research/1.5-Policy/data/raw_text/K222076.txt,2960,12,0,11,0,12,11,1.0909090909090908,0,1.090909
K242129,/Users/winko/Library/Mobile Documents/com~apple~CloudDocs/Research/1.5-Policy/data/raw_text/K242129.txt,5108,12,0,11,0,12,11,1.0909090909090908,0,1.090909
K033840,/Users/winko/Library/Mobile Documents/com~apple~CloudDocs/Research/1.5-Policy/data/raw_text/K033840.txt,1721,10,0,10,0,10,10,1.0,0,1.000000
K180647,/Users/winko/Library/Mobile Documents/com~apple~CloudDocs/Research/1.5-Policy/data/raw_text/K180647.txt,3364,5,0,5,0,5,5,1.0,0,1.000000
K192973,/Users/winko/Library/Mobile Documents/com~apple~CloudDocs/Research/1.5-Policy/data/raw_text/K192973.txt,2386,5,0,5,0,5,5,1.0,0,1.000000
K193087,/Users/winko/Library/Mobile Documents/com~apple~CloudDocs/Research/1.5-Policy/data/raw_text/K193087.txt,3745,4,0,4,0,4,4,1.0,0,1.000000
K201039,/Users/winko/Library/Mobile Documents/com~apple~CloudDocs/Research/1.5-Policy/data/raw_text/K201039.txt,3120,6,0,6,0,6,6,1.0,0,1.000000
K202927,/Users/winko/Library/Mobile Documents/com~apple~CloudDocs/Research/1.5-Policy/data/raw_text/K202927.txt,3194,8,0,8,0,8,8,1.0,0,1.000000
K202992,/Users/winko/Library/Mobile Documents/com~apple~CloudDocs/Research/1.5-Policy/data/raw_text/K202992.txt,3771,6,0,6,0,6,6,1.0,0,1.000000
K211179,/Users/winko/Library/Mobile Documents/com~apple~CloudDocs/Research/1.5-Policy/data/raw_text/K211179.txt,3364,7,0,7,0,7,7,1.0,0,1.000000
K211828,/Users/winko/Library/Mobile Documents/com~apple~CloudDocs/Research/1.5-Policy/data/raw_text/K211828.txt,2470,6,0,6,0,6,6,1.0,0,1.000000
K212261,/Users/winko/Library/Mobile Documents/com~apple~CloudDocs/Research/1.5-Policy/data/raw_text/K212261.txt,3574,8,0,8,0,8,8,1.0,0,1.000000
K213165,/Users/winko/Library/Mobile Documents/com~apple~CloudDocs/Research/1.5-Policy/data/raw_text/K213165.txt,4454,6,0,6,0,6,6,1.0,0,1.000000
K220358,/Users/winko/Library/Mobile Documents/com~apple~CloudDocs/Research/1.5-Policy/data/raw_text/K220358.txt,3247,7,0,7,0,7,7,1.0,0,1.000000
K220437,/Users/winko/Library/Mobile Documents/com~apple~CloudDocs/Research/1.5-Policy/data/raw_text/K220437.txt,2838,6,0,6,0,6,6,1.0,0,1.000000
K220899,/Users/winko/Library/Mobile Documents/com~apple~CloudDocs/Research/1.5-Policy/data/raw_text/K220899.txt,3451,5,0,5,0,5,5,1.0,0,1.000000
K221240,/Users/winko/Library/Mobile Documents/com~apple~CloudDocs/Research/1.5-Policy/data/raw_text/K221240.txt,3279,6,0,6,0,6,6,1.0,0,1.000000
K221330,/Users/winko/Library/Mobile Documents/com~apple~CloudDocs/Research/1.5-Policy/data/raw_text/K221330.txt,4278,6,0,6,0,6,6,1.0,0,1.000000
K221347,/Users/winko/Library/Mobile Documents/com~apple~CloudDocs/Research/1.5-Policy/data/raw_text/K221347.txt,2770,6,0,6,0,6,6,1.0,0,1.000000
K221624,/Users/winko/Library/Mobile Documents/com~apple~CloudDocs/Research/1.5-Policy/data/raw_text/K221624.txt,4474,4,0,4,0,4,4,1.0,0,1.000000
K221772,/Users/winko/Library/Mobile Documents/com~apple~CloudDocs/Research/1.5-Policy/data/raw_text/K221772.txt,2345,8,0,8,0,8,8,1.0,0,1.000000
K222819,/Users/winko/Library/Mobile Documents/com~apple~CloudDocs/Research/1.5-Policy/data/raw_text/K222819.txt,3413,6,0,6,0,6,6,1.0,0,1.000000
K223288,/Users/winko/Library/Mobile Documents/com~apple~CloudDocs/Research/1.5-Policy/data/raw_text/K223288.txt,3609,7,0,7,0,7,7,1.0,0,1.000000
K223734,/Users/winko/Library/Mobile Documents/com~apple~CloudDocs/Research/1.5-Policy/data/raw_text/K223734.txt,2830,7,0,7,0,7,7,1.0,0,1.000000
K223864,/Users/winko/Library/Mobile Documents/com~apple~CloudDocs/Research/1.5-Policy/data/raw_text/K223864.txt,3119,7,0,7,0,7,7,1.0,0,1.000000
K230337,/Users/winko/Library/Mobile Documents/com~apple~CloudDocs/Research/1.5-Policy/data/raw_text/K230337.txt,2653,6,0,6,0,6,6,1.0,0,1.000000
K230812,/Users/winko/Library/Mobile Documents/com~apple~CloudDocs/Research/1.5-Policy/data/raw_text/K230812.txt,4679,10,0,10,0,10,10,1.0,0,1.000000
K230823,/Users/winko/Library/Mobile Documents/com~apple~CloudDocs/Research/1.5-Policy/data/raw_text/K230823.txt,2804,6,0,6,0,6,6,1.0,0,1.000000
K231324,/Users/winko/Library/Mobile Documents/com~apple~CloudDocs/Research/1.5-Policy/data/raw_text/K231324.txt,3623,4,0,4,0,4,4,1.0,0,1.000000
K231335,/Users/winko/Library/Mobile Documents/com~apple~CloudDocs/Research/1.5-Policy/data/raw_text/K231335.txt,2883,6,0,6,0,6,6,1.0,0,1.000000
K233549,/Users/winko/Library/Mobile Documents/com~apple~CloudDocs/Research/1.5-Policy/data/raw_text/K233549.txt,3337,4,0,4,0,4,4,1.0,0,1.000000
K233657,/Users/winko/Library/Mobile Documents/com~apple~CloudDocs/Research/1.5-Policy/data/raw_text/K233657.txt,9140,12,0,12,0,12,12,1.0,0,1.000000
K233666,/Users/winko/Library/Mobile Documents/com~apple~CloudDocs/Research/1.5-Policy/data/raw_text/K233666.txt,3564,8,0,8,0,8,8,1.0,0,1.000000
K240516,/Users/winko/Library/Mobile Documents/com~apple~CloudDocs/Research/1.5-Policy/data/raw_text/K240516.txt,3613,7,0,7,0,7,7,1.0,0,1.000000
K240612,/Users/winko/Library/Mobile Documents/com~apple~CloudDocs/Research/1.5-Policy/data/raw_text/K240612.txt,3823,8,0,8,0,8,8,1.0,0,1.000000
K241971,/Users/winko/Library/Mobile Documents/com~apple~CloudDocs/Research/1.5-Policy/data/raw_text/K241971.txt,5240,9,0,9,0,9,9,1.0,0,1.000000
K242062,/Users/winko/Library/Mobile Documents/com~apple~CloudDocs/Research/1.5-Policy/data/raw_text/K242062.txt,2394,5,0,5,0,5,5,1.0,0,1.000000
K242215,/Users/winko/Library/Mobile Documents/com~apple~CloudDocs/Research/1.5-Policy/data/raw_text/K242215.txt,2814,7,0,7,0,7,7,1.0,0,1.000000
K243350,/Users/winko/Library/Mobile Documents/com~apple~CloudDocs/Research/1.5-Policy/data/raw_text/K243350.txt,4091,5,0,5,0,5,5,1.0,0,1.000000
K250255,/Users/winko/Library/Mobile Documents/com~apple~CloudDocs/Research/1.5-Policy/data/raw_text/K250255.txt,3595,8,0,8,0,8,8,1.0,0,1.000000
K250818,/Users/winko/Library/Mobile Documents/com~apple~CloudDocs/Research/1.5-Policy/data/raw_text/K250818.txt,4255,11,0,11,0,11,11,1.0,0,1.000000
K251533,/Users/winko/Library/Mobile Documents/com~apple~CloudDocs/Research/1.5-Policy/data/raw_text/K251533.txt,3144,5,0,5,0,5,5,1.0,0,1.000000
K251936,/Users/winko/Library/Mobile Documents/com~apple~CloudDocs/Research/1.5-Policy/data/raw_text/K251936.txt,4197,8,0,8,0,8,8,1.0,0,1.000000
K252379,/Users/winko/Library/Mobile Documents/com~apple~CloudDocs/Research/1.5-Policy/data/raw_text/K252379.txt,3475,5,0,5,0,5,5,1.0,0,1.000000
P210015,/Users/winko/Library/Mobile Documents/com~apple~CloudDocs/Research/1.5-Policy/data/raw_text/P210015.txt,2453,1,0,1,0,1,1,1.0,0,1.000000
K234047,/Users/winko/Library/Mobile Documents/com~apple~CloudDocs/Research/1.5-Policy/data/raw_text/K234047.txt,2373,10,0,11,0,10,11,0.9090909090909091,0,0.909091
K201310,/Users/winko/Library/Mobile Documents/com~apple~CloudDocs/Research/1.5-Policy/data/raw_text/K201310.txt,2868,9,0,10,0,9,10,0.9,0,0.900000
K240398,/Users/winko/Library/Mobile Documents/com~apple~CloudDocs/Research/1.5-Policy/data/raw_text/K240398.txt,11372,8,0,9,0,8,9,0.8888888888888888,0,0.888889
K240942,/Users/winko/Library/Mobile Documents/com~apple~CloudDocs/Research/1.5-Policy/data/raw_text/K240942.txt,4200,8,0,9,0,8,9,0.8888888888888888,0,0.888889
K251506,/Users/winko/Library/Mobile Documents/com~apple~CloudDocs/Research/1.5-Policy/data/raw_text/K251506.txt,3308,8,0,9,0,8,9,0.8888888888888888,0,0.888889
K192109,/Users/winko/Library/Mobile Documents/com~apple~CloudDocs/Research/1.5-Policy/data/raw_text/K192109.txt,2056,7,0,8,0,7,8,0.875,0,0.875000
K231355,/Users/winko/Library/Mobile Documents/com~apple~CloudDocs/Research/1.5-Policy/data/raw_text/K231355.txt,3926,7,0,8,0,7,8,0.875,0,0.875000
K231772,/Users/winko/Library/Mobile Documents/com~apple~CloudDocs/Research/1.5-Policy/data/raw_text/K231772.txt,3174,7,0,8,0,7,8,0.875,0,0.875000
K232686,/Users/winko/Library/Mobile Documents/com~apple~CloudDocs/Research/1.5-Policy/data/raw_text/K232686.txt,4178,7,0,8,0,7,8,0.875,0,0.875000
K240631,/Users/winko/Library/Mobile Documents/com~apple~CloudDocs/Research/1.5-Policy/data/raw_text/K240631.txt,3373,7,0,8,0,7,8,0.875,0,0.875000
K232096,/Users/winko/Library/Mobile Documents/com~apple~CloudDocs/Research/1.5-Policy/data/raw_text/K232096.txt,3644,6,0,7,0,6,7,0.8571428571428571,0,0.857143
K240465,/Users/winko/Library/Mobile Documents/com~apple~CloudDocs/Research/1.5-Policy/data/raw_text/K240465.txt,3875,6,0,7,0,6,7,0.8571428571428571,0,0.857143
K240697,/Users/winko/Library/Mobile Documents/com~apple~CloudDocs/Research/1.5-Policy/data/raw_text/K240697.txt,6600,12,0,14,0,12,14,0.8571428571428571,0,0.857143
K242295,/Users/winko/Library/Mobile Documents/com~apple~CloudDocs/Research/1.5-Policy/data/raw_text/K242295.txt,2324,6,0,7,0,6,7,0.8571428571428571,0,0.857143
K243005,/Users/winko/Library/Mobile Documents/com~apple~CloudDocs/Research/1.5-Policy/data/raw_text/K243005.txt,2861,6,0,7,0,6,7,0.8571428571428571,0,0.857143
K250902,/Users/winko/Library/Mobile Documents/com~apple~CloudDocs/Research/1.5-Policy/data/raw_text/K250902.txt,4316,6,0,7,0,6,7,0.8571428571428571,0,0.857143
K173872,/Users/winko/Library/Mobile Documents/com~apple~CloudDocs/Research/1.5-Policy/data/raw_text/K173872.txt,2443,5,0,6,0,5,6,0.8333333333333334,0,0.833333
K181939,/Users/winko/Library/Mobile Documents/com~apple~CloudDocs/Research/1.5-Policy/data/raw_text/K181939.txt,2612,5,0,6,0,5,6,0.8333333333333334,0,0.833333
K182384,/Users/winko/Library/Mobile Documents/com~apple~CloudDocs/Research/1.5-Policy/data/raw_text/K182384.txt,3717,5,0,6,0,5,6,0.8333333333333334,0,0.833333
K182875,/Users/winko/Library/Mobile Documents/com~apple~CloudDocs/Research/1.5-Policy/data/raw_text/K182875.txt,2884,5,0,6,0,5,6,0.8333333333333334,0,0.833333
K192880,/Users/winko/Library/Mobile Documents/com~apple~CloudDocs/Research/1.5-Policy/data/raw_text/K192880.txt,2942,5,0,6,0,5,6,0.8333333333333334,0,0.833333
K211222,/Users/winko/Library/Mobile Documents/com~apple~CloudDocs/Research/1.5-Policy/data/raw_text/K211222.txt,2567,5,0,6,0,5,6,0.8333333333333334,0,0.833333
K211326,/Users/winko/Library/Mobile Documents/com~apple~CloudDocs/Research/1.5-Policy/data/raw_text/K211326.txt,1784,5,0,6,0,5,6,0.8333333333333334,0,0.833333
K213794,/Users/winko/Library/Mobile Documents/com~apple~CloudDocs/Research/1.5-Policy/data/raw_text/K213794.txt,3063,5,0,6,0,5,6,0.8333333333333334,0,0.833333
K220034,/Users/winko/Library/Mobile Documents/com~apple~CloudDocs/Research/1.5-Policy/data/raw_text/K220034.txt,2890,5,0,6,0,5,6,0.8333333333333334,0,0.833333
K220956,/Users/winko/Library/Mobile Documents/com~apple~CloudDocs/Research/1.5-Policy/data/raw_text/K220956.txt,2534,5,0,6,0,5,6,0.8333333333333334,0,0.833333
K230370,/Users/winko/Library/Mobile Documents/com~apple~CloudDocs/Research/1.5-Policy/data/raw_text/K230370.txt,3760,5,0,6,0,5,6,0.8333333333333334,0,0.833333
K233618,/Users/winko/Library/Mobile Documents/com~apple~CloudDocs/Research/1.5-Policy/data/raw_text/K233618.txt,3620,5,0,6,0,5,6,0.8333333333333334,0,0.833333
K241984,/Users/winko/Library/Mobile Documents/com~apple~CloudDocs/Research/1.5-Policy/data/raw_text/K241984.txt,3545,5,0,6,0,5,6,0.8333333333333334,0,0.833333
K242830,/Users/winko/Library/Mobile Documents/com~apple~CloudDocs/Research/1.5-Policy/data/raw_text/K242830.txt,3410,5,0,6,0,5,6,0.8333333333333334,0,0.833333
K251316,/Users/winko/Library/Mobile Documents/com~apple~CloudDocs/Research/1.5-Policy/data/raw_text/K251316.txt,5029,10,0,12,0,10,12,0.8333333333333334,0,0.833333
K251610,/Users/winko/Library/Mobile Documents/com~apple~CloudDocs/Research/1.5-Policy/data/raw_text/K251610.txt,3215,10,0,12,0,10,12,0.8333333333333334,0,0.833333
K221552,/Users/winko/Library/Mobile Documents/com~apple~CloudDocs/Research/1.5-Policy/data/raw_text/K221552.txt,2703,9,0,11,0,9,11,0.8181818181818182,0,0.818182
K111776,/Users/winko/Library/Mobile Documents/com~apple~CloudDocs/Research/1.5-Policy/data/raw_text/K111776.txt,1567,4,0,5,0,4,5,0.8,0,0.800000
K181288,/Users/winko/Library/Mobile Documents/com~apple~CloudDocs/Research/1.5-Policy/data/raw_text/K181288.txt,4164,4,0,5,0,4,5,0.8,0,0.800000
K201745,/Users/winko/Library/Mobile Documents/com~apple~CloudDocs/Research/1.5-Policy/data/raw_text/K201745.txt,2827,4,0,5,0,4,5,0.8,0,0.800000
K202089,/Users/winko/Library/Mobile Documents/com~apple~CloudDocs/Research/1.5-Policy/data/raw_text/K202089.txt,2979,4,0,5,0,4,5,0.8,0,0.800000
K203314,/Users/winko/Library/Mobile Documents/com~apple~CloudDocs/Research/1.5-Policy/data/raw_text/K203314.txt,2923,4,0,5,0,4,5,0.8,0,0.800000
K210053,/Users/winko/Library/Mobile Documents/com~apple~CloudDocs/Research/1.5-Policy/data/raw_text/K210053.txt,1836,4,0,5,0,4,5,0.8,0,0.800000
K213155,/Users/winko/Library/Mobile Documents/com~apple~CloudDocs/Research/1.5-Policy/data/raw_text/K213155.txt,2518,4,0,5,0,4,5,0.8,0,0.800000
K213693,/Users/winko/Library/Mobile Documents/com~apple~CloudDocs/Research/1.5-Policy/data/raw_text/K213693.txt,3544,4,0,5,0,4,5,0.8,0,0.800000
K213795,/Users/winko/Library/Mobile Documents/com~apple~CloudDocs/Research/1.5-Policy/data/raw_text/K213795.txt,2982,4,0,5,0,4,5,0.8,0,0.800000
K241200,/Users/winko/Library/Mobile Documents/com~apple~CloudDocs/Research/1.5-Policy/data/raw_text/K241200.txt,5179,4,0,5,0,4,5,0.8,0,0.800000
K241949,/Users/winko/Library/Mobile Documents/com~apple~CloudDocs/Research/1.5-Policy/data/raw_text/K241949.txt,3211,4,0,5,0,4,5,0.8,0,0.800000
K250686,/Users/winko/Library/Mobile Documents/com~apple~CloudDocs/Research/1.5-Policy/data/raw_text/K250686.txt,6727,12,0,15,0,12,15,0.8,0,0.800000
K252298,/Users/winko/Library/Mobile Documents/com~apple~CloudDocs/Research/1.5-Policy/data/raw_text/K252298.txt,2852,4,0,5,0,4,5,0.8,0,0.800000
K193216,/Users/winko/Library/Mobile Documents/com~apple~CloudDocs/Research/1.5-Policy/data/raw_text/K193216.txt,4437,7,0,9,0,7,9,0.7777777777777778,0,0.777778
K201019,/Users/winko/Library/Mobile Documents/com~apple~CloudDocs/Research/1.5-Policy/data/raw_text/K201019.txt,3219,7,0,9,0,7,9,0.7777777777777778,0,0.777778
K210237,/Users/winko/Library/Mobile Documents/com~apple~CloudDocs/Research/1.5-Policy/data/raw_text/K210237.txt,4174,7,0,9,0,7,9,0.7777777777777778,0,0.777778
K221449,/Users/winko/Library/Mobile Documents/com~apple~CloudDocs/Research/1.5-Policy/data/raw_text/K221449.txt,3216,7,0,9,0,7,9,0.7777777777777778,0,0.777778
K240044,/Users/winko/Library/Mobile Documents/com~apple~CloudDocs/Research/1.5-Policy/data/raw_text/K240044.txt,7148,7,0,9,0,7,9,0.7777777777777778,0,0.777778
K243657,/Users/winko/Library/Mobile Documents/com~apple~CloudDocs/Research/1.5-Policy/data/raw_text/K243657.txt,4421,14,0,18,0,14,18,0.7777777777777778,0,0.777778
K250515,/Users/winko/Library/Mobile Documents/com~apple~CloudDocs/Research/1.5-Policy/data/raw_text/K250515.txt,4052,14,0,18,0,14,18,0.7777777777777778,0,0.777778
K251169,/Users/winko/Library/Mobile Documents/com~apple~CloudDocs/Research/1.5-Policy/data/raw_text/K251169.txt,4555,7,0,9,0,7,9,0.7777777777777778,0,0.777778
K080896,/Users/winko/Library/Mobile Documents/com~apple~CloudDocs/Research/1.5-Policy/data/raw_text/K080896.txt,3057,3,0,4,0,3,4,0.75,0,0.750000
K170540,/Users/winko/Library/Mobile Documents/com~apple~CloudDocs/Research/1.5-Policy/data/raw_text/K170540.txt,2259,3,0,4,0,3,4,0.75,0,0.750000
K203260,/Users/winko/Library/Mobile Documents/com~apple~CloudDocs/Research/1.5-Policy/data/raw_text/K203260.txt,2058,6,0,8,0,6,8,0.75,0,0.750000
K221248,/Users/winko/Library/Mobile Documents/com~apple~CloudDocs/Research/1.5-Policy/data/raw_text/K221248.txt,3125,3,0,4,0,3,4,0.75,0,0.750000
K231157,/Users/winko/Library/Mobile Documents/com~apple~CloudDocs/Research/1.5-Policy/data/raw_text/K231157.txt,5246,6,0,8,0,6,8,0.75,0,0.750000
K231765,/Users/winko/Library/Mobile Documents/com~apple~CloudDocs/Research/1.5-Policy/data/raw_text/K231765.txt,6985,3,0,4,0,3,4,0.75,0,0.750000
K232156,/Users/winko/Library/Mobile Documents/com~apple~CloudDocs/Research/1.5-Policy/data/raw_text/K232156.txt,4754,3,0,4,0,3,4,0.75,0,0.750000
K242522,/Users/winko/Library/Mobile Documents/com~apple~CloudDocs/Research/1.5-Policy/data/raw_text/K242522.txt,3957,6,0,8,0,6,8,0.75,0,0.750000
K250780,/Users/winko/Library/Mobile Documents/com~apple~CloudDocs/Research/1.5-Policy/data/raw_text/K250780.txt,3012,6,0,8,0,6,8,0.75,0,0.750000
K192051,/Users/winko/Library/Mobile Documents/com~apple~CloudDocs/Research/1.5-Policy/data/raw_text/K192051.txt,3093,8,0,11,0,8,11,0.7272727272727273,0,0.727273
K212624,/Users/winko/Library/Mobile Documents/com~apple~CloudDocs/Research/1.5-Policy/data/raw_text/K212624.txt,3240,8,0,11,0,8,11,0.7272727272727273,0,0.727273
K252665,/Users/winko/Library/Mobile Documents/com~apple~CloudDocs/Research/1.5-Policy/data/raw_text/K252665.txt,3390,8,0,11,0,8,11,0.7272727272727273,0,0.727273
K213504,/Users/winko/Library/Mobile Documents/com~apple~CloudDocs/Research/1.5-Policy/data/raw_text/K213504.txt,6439,5,0,7,0,5,7,0.7142857142857143,0,0.714286
K232440,/Users/winko/Library/Mobile Documents/com~apple~CloudDocs/Research/1.5-Policy/data/raw_text/K232440.txt,2508,5,0,7,0,5,7,0.7142857142857143,0,0.714286
K240680,/Users/winko/Library/Mobile Documents/com~apple~CloudDocs/Research/1.5-Policy/data/raw_text/K240680.txt,4533,5,0,7,0,5,7,0.7142857142857143,0,0.714286
K251639,/Users/winko/Library/Mobile Documents/com~apple~CloudDocs/Research/1.5-Policy/data/raw_text/K251639.txt,2586,5,0,7,0,5,7,0.7142857142857143,0,0.714286
K252670,/Users/winko/Library/Mobile Documents/com~apple~CloudDocs/Research/1.5-Policy/data/raw_text/K252670.txt,3602,5,0,7,0,5,7,0.7142857142857143,0,0.714286
K193248,/Users/winko/Library/Mobile Documents/com~apple~CloudDocs/Research/1.5-Policy/data/raw_text/K193248.txt,3043,7,0,10,0,7,10,0.7,0,0.700000
K240408,/Users/winko/Library/Mobile Documents/com~apple~CloudDocs/Research/1.5-Policy/data/raw_text/K240408.txt,5677,9,0,13,0,9,13,0.6923076923076923,0,0.692308
K171315,/Users/winko/Library/Mobile Documents/com~apple~CloudDocs/Research/1.5-Policy/data/raw_text/K171315.txt,2869,4,0,6,0,4,6,0.6666666666666666,0,0.666667
K190362,/Users/winko/Library/Mobile Documents/com~apple~CloudDocs/Research/1.5-Policy/data/raw_text/K190362.txt,2581,6,0,9,0,6,9,0.6666666666666666,0,0.666667
K190896,/Users/winko/Library/Mobile Documents/com~apple~CloudDocs/Research/1.5-Policy/data/raw_text/K190896.txt,3283,4,0,6,0,4,6,0.6666666666666666,0,0.666667
K192383,/Users/winko/Library/Mobile Documents/com~apple~CloudDocs/Research/1.5-Policy/data/raw_text/K192383.txt,4222,4,0,6,0,4,6,0.6666666666666666,0,0.666667
K192828,/Users/winko/Library/Mobile Documents/com~apple~CloudDocs/Research/1.5-Policy/data/raw_text/K192828.txt,2697,4,0,6,0,4,6,0.6666666666666666,0,0.666667
K193298,/Users/winko/Library/Mobile Documents/com~apple~CloudDocs/Research/1.5-Policy/data/raw_text/K193298.txt,3545,4,0,6,0,4,6,0.6666666666666666,0,0.666667
K201020,/Users/winko/Library/Mobile Documents/com~apple~CloudDocs/Research/1.5-Policy/data/raw_text/K201020.txt,3745,4,0,6,0,4,6,0.6666666666666666,0,0.666667
K212516,/Users/winko/Library/Mobile Documents/com~apple~CloudDocs/Research/1.5-Policy/data/raw_text/K212516.txt,3402,6,0,9,0,6,9,0.6666666666666666,0,0.666667
K212690,/Users/winko/Library/Mobile Documents/com~apple~CloudDocs/Research/1.5-Policy/data/raw_text/K212690.txt,2401,4,0,6,0,4,6,0.6666666666666666,0,0.666667
K213721,/Users/winko/Library/Mobile Documents/com~apple~CloudDocs/Research/1.5-Policy/data/raw_text/K213721.txt,3504,4,0,6,0,4,6,0.6666666666666666,0,0.666667
K213886,/Users/winko/Library/Mobile Documents/com~apple~CloudDocs/Research/1.5-Policy/data/raw_text/K213886.txt,3525,4,0,6,0,4,6,0.6666666666666666,0,0.666667
K220986,/Users/winko/Library/Mobile Documents/com~apple~CloudDocs/Research/1.5-Policy/data/raw_text/K220986.txt,2767,4,0,6,0,4,6,0.6666666666666666,0,0.666667
K221314,/Users/winko/Library/Mobile Documents/com~apple~CloudDocs/Research/1.5-Policy/data/raw_text/K221314.txt,3331,4,0,6,0,4,6,0.6666666666666666,0,0.666667
K221599,/Users/winko/Library/Mobile Documents/com~apple~CloudDocs/Research/1.5-Policy/data/raw_text/K221599.txt,3082,4,0,6,0,4,6,0.6666666666666666,0,0.666667
K221762,/Users/winko/Library/Mobile Documents/com~apple~CloudDocs/Research/1.5-Policy/data/raw_text/K221762.txt,2720,4,0,6,0,4,6,0.6666666666666666,0,0.666667
K230084,/Users/winko/Library/Mobile Documents/com~apple~CloudDocs/Research/1.5-Policy/data/raw_text/K230084.txt,3325,4,0,6,0,4,6,0.6666666666666666,0,0.666667
K233112,/Users/winko/Library/Mobile Documents/com~apple~CloudDocs/Research/1.5-Policy/data/raw_text/K233112.txt,3317,4,0,6,0,4,6,0.6666666666666666,0,0.666667
K240291,/Users/winko/Library/Mobile Documents/com~apple~CloudDocs/Research/1.5-Policy/data/raw_text/K240291.txt,2824,4,0,6,0,4,6,0.6666666666666666,0,0.666667
K240406,/Users/winko/Library/Mobile Documents/com~apple~CloudDocs/Research/1.5-Policy/data/raw_text/K240406.txt,4023,4,0,6,0,4,6,0.6666666666666666,0,0.666667
K241098,/Users/winko/Library/Mobile Documents/com~apple~CloudDocs/Research/1.5-Policy/data/raw_text/K241098.txt,3077,4,0,6,0,4,6,0.6666666666666666,0,0.666667
K242323,/Users/winko/Library/Mobile Documents/com~apple~CloudDocs/Research/1.5-Policy/data/raw_text/K242323.txt,3057,4,0,6,0,4,6,0.6666666666666666,0,0.666667
K242388,/Users/winko/Library/Mobile Documents/com~apple~CloudDocs/Research/1.5-Policy/data/raw_text/K242388.txt,2755,4,0,6,0,4,6,0.6666666666666666,0,0.666667
K242729,/Users/winko/Library/Mobile Documents/com~apple~CloudDocs/Research/1.5-Policy/data/raw_text/K242729.txt,8130,4,0,6,0,4,6,0.6666666666666666,0,0.666667
K242807,/Users/winko/Library/Mobile Documents/com~apple~CloudDocs/Research/1.5-Policy/data/raw_text/K242807.txt,7277,4,0,6,0,4,6,0.6666666666666666,0,0.666667
K243866,/Users/winko/Library/Mobile Documents/com~apple~CloudDocs/Research/1.5-Policy/data/raw_text/K243866.txt,2507,4,0,6,0,4,6,0.6666666666666666,0,0.666667
K252041,/Users/winko/Library/Mobile Documents/com~apple~CloudDocs/Research/1.5-Policy/data/raw_text/K252041.txt,3658,4,0,6,0,4,6,0.6666666666666666,0,0.666667
K252105,/Users/winko/Library/Mobile Documents/com~apple~CloudDocs/Research/1.5-Policy/data/raw_text/K252105.txt,2647,4,0,6,0,4,6,0.6666666666666666,0,0.666667
K231779,/Users/winko/Library/Mobile Documents/com~apple~CloudDocs/Research/1.5-Policy/data/raw_text/K231779.txt,4217,9,0,14,0,9,14,0.6428571428571429,0,0.642857
K191556,/Users/winko/Library/Mobile Documents/com~apple~CloudDocs/Research/1.5-Policy/data/raw_text/K191556.txt,3271,7,0,11,0,7,11,0.6363636363636364,0,0.636364
K222179,/Users/winko/Library/Mobile Documents/com~apple~CloudDocs/Research/1.5-Policy/data/raw_text/K222179.txt,2991,7,0,11,0,7,11,0.6363636363636364,0,0.636364
K250831,/Users/winko/Library/Mobile Documents/com~apple~CloudDocs/Research/1.5-Policy/data/raw_text/K250831.txt,3649,7,0,11,0,7,11,0.6363636363636364,0,0.636364
K102778,/Users/winko/Library/Mobile Documents/com~apple~CloudDocs/Research/1.5-Policy/data/raw_text/K102778.txt,1893,5,0,8,0,5,8,0.625,0,0.625000
K181352,/Users/winko/Library/Mobile Documents/com~apple~CloudDocs/Research/1.5-Policy/data/raw_text/K181352.txt,3142,10,0,16,0,10,16,0.625,0,0.625000
K200873,/Users/winko/Library/Mobile Documents/com~apple~CloudDocs/Research/1.5-Policy/data/raw_text/K200873.txt,2256,5,0,8,0,5,8,0.625,0,0.625000
K211379,/Users/winko/Library/Mobile Documents/com~apple~CloudDocs/Research/1.5-Policy/data/raw_text/K211379.txt,2877,5,0,8,0,5,8,0.625,0,0.625000
K211788,/Users/winko/Library/Mobile Documents/com~apple~CloudDocs/Research/1.5-Policy/data/raw_text/K211788.txt,2241,5,0,8,0,5,8,0.625,0,0.625000
K212442,/Users/winko/Library/Mobile Documents/com~apple~CloudDocs/Research/1.5-Policy/data/raw_text/K212442.txt,5017,5,0,8,0,5,8,0.625,0,0.625000
K222174,/Users/winko/Library/Mobile Documents/com~apple~CloudDocs/Research/1.5-Policy/data/raw_text/K222174.txt,2698,5,0,8,0,5,8,0.625,0,0.625000
K230850,/Users/winko/Library/Mobile Documents/com~apple~CloudDocs/Research/1.5-Policy/data/raw_text/K230850.txt,3627,5,0,8,0,5,8,0.625,0,0.625000
K240943,/Users/winko/Library/Mobile Documents/com~apple~CloudDocs/Research/1.5-Policy/data/raw_text/K240943.txt,2716,5,0,8,0,5,8,0.625,0,0.625000
K242967,/Users/winko/Library/Mobile Documents/com~apple~CloudDocs/Research/1.5-Policy/data/raw_text/K242967.txt,4505,5,0,8,0,5,8,0.625,0,0.625000
K250753,/Users/winko/Library/Mobile Documents/com~apple~CloudDocs/Research/1.5-Policy/data/raw_text/K250753.txt,3303,5,0,8,0,5,8,0.625,0,0.625000
K183133,/Users/winko/Library/Mobile Documents/com~apple~CloudDocs/Research/1.5-Policy/data/raw_text/K183133.txt,5243,8,0,13,0,8,13,0.6153846153846154,0,0.615385
K190424,/Users/winko/Library/Mobile Documents/com~apple~CloudDocs/Research/1.5-Policy/data/raw_text/K190424.txt,2785,6,0,10,0,6,10,0.6,0,0.600000
K201555,/Users/winko/Library/Mobile Documents/com~apple~CloudDocs/Research/1.5-Policy/data/raw_text/K201555.txt,3034,3,0,5,0,3,5,0.6,0,0.600000
K211906,/Users/winko/Library/Mobile Documents/com~apple~CloudDocs/Research/1.5-Policy/data/raw_text/K211906.txt,3056,3,0,5,0,3,5,0.6,0,0.600000
K213272,/Users/winko/Library/Mobile Documents/com~apple~CloudDocs/Research/1.5-Policy/data/raw_text/K213272.txt,2952,3,0,5,0,3,5,0.6,0,0.600000
K230685,/Users/winko/Library/Mobile Documents/com~apple~CloudDocs/Research/1.5-Policy/data/raw_text/K230685.txt,7790,3,0,5,0,3,5,0.6,0,0.600000
K231955,/Users/winko/Library/Mobile Documents/com~apple~CloudDocs/Research/1.5-Policy/data/raw_text/K231955.txt,2034,3,0,5,0,3,5,0.6,0,0.600000
K242919,/Users/winko/Library/Mobile Documents/com~apple~CloudDocs/Research/1.5-Policy/data/raw_text/K242919.txt,3828,6,0,10,0,6,10,0.6,0,0.600000
K243294,/Users/winko/Library/Mobile Documents/com~apple~CloudDocs/Research/1.5-Policy/data/raw_text/K243294.txt,6853,9,0,15,0,9,15,0.6,0,0.600000
K250035,/Users/winko/Library/Mobile Documents/com~apple~CloudDocs/Research/1.5-Policy/data/raw_text/K250035.txt,5362,3,0,5,0,3,5,0.6,0,0.600000
K251151,/Users/winko/Library/Mobile Documents/com~apple~CloudDocs/Research/1.5-Policy/data/raw_text/K251151.txt,3186,3,0,5,0,3,5,0.6,0,0.600000
K251483,/Users/winko/Library/Mobile Documents/com~apple~CloudDocs/Research/1.5-Policy/data/raw_text/K251483.txt,2914,6,0,10,0,6,10,0.6,0,0.600000
K220800,/Users/winko/Library/Mobile Documents/com~apple~CloudDocs/Research/1.5-Policy/data/raw_text/K220800.txt,3252,7,0,12,0,7,12,0.5833333333333334,0,0.583333
K220848,/Users/winko/Library/Mobile Documents/com~apple~CloudDocs/Research/1.5-Policy/data/raw_text/K220848.txt,3259,7,0,12,0,7,12,0.5833333333333334,0,0.583333
K220851,/Users/winko/Library/Mobile Documents/com~apple~CloudDocs/Research/1.5-Policy/data/raw_text/K220851.txt,3298,7,0,12,0,7,12,0.5833333333333334,0,0.583333
K200828,/Users/winko/Library/Mobile Documents/com~apple~CloudDocs/Research/1.5-Policy/data/raw_text/K200828.txt,7815,4,0,7,0,4,7,0.5714285714285714,0,0.571429
K230197,/Users/winko/Library/Mobile Documents/com~apple~CloudDocs/Research/1.5-Policy/data/raw_text/K230197.txt,2850,4,0,7,0,4,7,0.5714285714285714,0,0.571429
K231966,/Users/winko/Library/Mobile Documents/com~apple~CloudDocs/Research/1.5-Policy/data/raw_text/K231966.txt,3129,4,0,7,0,4,7,0.5714285714285714,0,0.571429
K231989,/Users/winko/Library/Mobile Documents/com~apple~CloudDocs/Research/1.5-Policy/data/raw_text/K231989.txt,3099,4,0,7,0,4,7,0.5714285714285714,0,0.571429
K233030,/Users/winko/Library/Mobile Documents/com~apple~CloudDocs/Research/1.5-Policy/data/raw_text/K233030.txt,4003,4,0,7,0,4,7,0.5714285714285714,0,0.571429
K241923,/Users/winko/Library/Mobile Documents/com~apple~CloudDocs/Research/1.5-Policy/data/raw_text/K241923.txt,3435,4,0,7,0,4,7,0.5714285714285714,0,0.571429
K242500,/Users/winko/Library/Mobile Documents/com~apple~CloudDocs/Research/1.5-Policy/data/raw_text/K242500.txt,3501,4,0,7,0,4,7,0.5714285714285714,0,0.571429
K242821,/Users/winko/Library/Mobile Documents/com~apple~CloudDocs/Research/1.5-Policy/data/raw_text/K242821.txt,3594,4,0,7,0,4,7,0.5714285714285714,0,0.571429
K242822,/Users/winko/Library/Mobile Documents/com~apple~CloudDocs/Research/1.5-Policy/data/raw_text/K242822.txt,3343,4,0,7,0,4,7,0.5714285714285714,0,0.571429
K243891,/Users/winko/Library/Mobile Documents/com~apple~CloudDocs/Research/1.5-Policy/data/raw_text/K243891.txt,2516,4,0,7,0,4,7,0.5714285714285714,0,0.571429
K243989,/Users/winko/Library/Mobile Documents/com~apple~CloudDocs/Research/1.5-Policy/data/raw_text/K243989.txt,3370,4,0,7,0,4,7,0.5714285714285714,0,0.571429
K244027,/Users/winko/Library/Mobile Documents/com~apple~CloudDocs/Research/1.5-Policy/data/raw_text/K244027.txt,2574,4,0,7,0,4,7,0.5714285714285714,0,0.571429
K250427,/Users/winko/Library/Mobile Documents/com~apple~CloudDocs/Research/1.5-Policy/data/raw_text/K250427.txt,3605,4,0,7,0,4,7,0.5714285714285714,0,0.571429
K251106,/Users/winko/Library/Mobile Documents/com~apple~CloudDocs/Research/1.5-Policy/data/raw_text/K251106.txt,4751,4,0,7,0,4,7,0.5714285714285714,0,0.571429
K173327,/Users/winko/Library/Mobile Documents/com~apple~CloudDocs/Research/1.5-Policy/data/raw_text/K173327.txt,3890,5,0,9,0,5,9,0.5555555555555556,0,0.555556
K180343,/Users/winko/Library/Mobile Documents/com~apple~CloudDocs/Research/1.5-Policy/data/raw_text/K180343.txt,3531,5,0,9,0,5,9,0.5555555555555556,0,0.555556
K220080,/Users/winko/Library/Mobile Documents/com~apple~CloudDocs/Research/1.5-Policy/data/raw_text/K220080.txt,2895,5,0,9,0,5,9,0.5555555555555556,0,0.555556
K231929,/Users/winko/Library/Mobile Documents/com~apple~CloudDocs/Research/1.5-Policy/data/raw_text/K231929.txt,5400,5,0,9,0,5,9,0.5555555555555556,0,0.555556
K233788,/Users/winko/Library/Mobile Documents/com~apple~CloudDocs/Research/1.5-Policy/data/raw_text/K233788.txt,4539,5,0,9,0,5,9,0.5555555555555556,0,0.555556
K241585,/Users/winko/Library/Mobile Documents/com~apple~CloudDocs/Research/1.5-Policy/data/raw_text/K241585.txt,3593,5,0,9,0,5,9,0.5555555555555556,0,0.555556
K243122,/Users/winko/Library/Mobile Documents/com~apple~CloudDocs/Research/1.5-Policy/data/raw_text/K243122.txt,5583,5,0,9,0,5,9,0.5555555555555556,0,0.555556
K243547,/Users/winko/Library/Mobile Documents/com~apple~CloudDocs/Research/1.5-Policy/data/raw_text/K243547.txt,13095,5,0,9,0,5,9,0.5555555555555556,0,0.555556
K243702,/Users/winko/Library/Mobile Documents/com~apple~CloudDocs/Research/1.5-Policy/data/raw_text/K243702.txt,3226,5,0,9,0,5,9,0.5555555555555556,0,0.555556
K193631,/Users/winko/Library/Mobile Documents/com~apple~CloudDocs/Research/1.5-Policy/data/raw_text/K193631.txt,4192,6,0,11,0,6,11,0.5454545454545454,0,0.545455
K240795,/Users/winko/Library/Mobile Documents/com~apple~CloudDocs/Research/1.5-Policy/data/raw_text/K240795.txt,5024,6,0,11,0,6,11,0.5454545454545454,0,0.545455
K241029,/Users/winko/Library/Mobile Documents/com~apple~CloudDocs/Research/1.5-Policy/data/raw_text/K241029.txt,4539,6,0,11,0,6,11,0.5454545454545454,0,0.545455
K252103,/Users/winko/Library/Mobile Documents/com~apple~CloudDocs/Research/1.5-Policy/data/raw_text/K252103.txt,5793,6,0,11,0,6,11,0.5454545454545454,0,0.545455
K242737,/Users/winko/Library/Mobile Documents/com~apple~CloudDocs/Research/1.5-Policy/data/raw_text/K242737.txt,5558,8,0,15,0,8,15,0.5333333333333333,0,0.533333
K150817,/Users/winko/Library/Mobile Documents/com~apple~CloudDocs/Research/1.5-Policy/data/raw_text/K150817.txt,3314,3,0,6,0,3,6,0.5,0,0.500000
K160088,/Users/winko/Library/Mobile Documents/com~apple~CloudDocs/Research/1.5-Policy/data/raw_text/K160088.txt,2937,3,0,6,0,3,6,0.5,0,0.500000
K161148,/Users/winko/Library/Mobile Documents/com~apple~CloudDocs/Research/1.5-Policy/data/raw_text/K161148.txt,2252,2,0,4,0,2,4,0.5,0,0.500000
K163623,/Users/winko/Library/Mobile Documents/com~apple~CloudDocs/Research/1.5-Policy/data/raw_text/K163623.txt,1862,4,0,8,0,4,8,0.5,0,0.500000
K170981,/Users/winko/Library/Mobile Documents/com~apple~CloudDocs/Research/1.5-Policy/data/raw_text/K170981.txt,2272,3,0,6,0,3,6,0.5,0,0.500000
K181574,/Users/winko/Library/Mobile Documents/com~apple~CloudDocs/Research/1.5-Policy/data/raw_text/K181574.txt,2256,2,0,4,0,2,4,0.5,0,0.500000
K192130,/Users/winko/Library/Mobile Documents/com~apple~CloudDocs/Research/1.5-Policy/data/raw_text/K192130.txt,2686,2,0,4,0,2,4,0.5,0,0.500000
K193178,/Users/winko/Library/Mobile Documents/com~apple~CloudDocs/Research/1.5-Policy/data/raw_text/K193178.txt,3154,4,0,8,0,4,8,0.5,0,0.500000
K200717,/Users/winko/Library/Mobile Documents/com~apple~CloudDocs/Research/1.5-Policy/data/raw_text/K200717.txt,2086,3,0,6,0,3,6,0.5,0,0.500000
K202404,/Users/winko/Library/Mobile Documents/com~apple~CloudDocs/Research/1.5-Policy/data/raw_text/K202404.txt,2365,3,0,6,0,3,6,0.5,0,0.500000
K210645,/Users/winko/Library/Mobile Documents/com~apple~CloudDocs/Research/1.5-Policy/data/raw_text/K210645.txt,2651,2,0,4,0,2,4,0.5,0,0.500000
K212466,/Users/winko/Library/Mobile Documents/com~apple~CloudDocs/Research/1.5-Policy/data/raw_text/K212466.txt,1871,3,0,6,0,3,6,0.5,0,0.500000
K213706,/Users/winko/Library/Mobile Documents/com~apple~CloudDocs/Research/1.5-Policy/data/raw_text/K213706.txt,3791,4,0,8,0,4,8,0.5,0,0.500000
K220141,/Users/winko/Library/Mobile Documents/com~apple~CloudDocs/Research/1.5-Policy/data/raw_text/K220141.txt,2157,2,0,4,0,2,4,0.5,0,0.500000
K220975,/Users/winko/Library/Mobile Documents/com~apple~CloudDocs/Research/1.5-Policy/data/raw_text/K220975.txt,2665,4,0,8,0,4,8,0.5,0,0.500000
K223523,/Users/winko/Library/Mobile Documents/com~apple~CloudDocs/Research/1.5-Policy/data/raw_text/K223523.txt,2156,2,0,4,0,2,4,0.5,0,0.500000
K231459,/Users/winko/Library/Mobile Documents/com~apple~CloudDocs/Research/1.5-Policy/data/raw_text/K231459.txt,4985,3,0,6,0,3,6,0.5,0,0.500000
K232148,/Users/winko/Library/Mobile Documents/com~apple~CloudDocs/Research/1.5-Policy/data/raw_text/K232148.txt,6100,4,0,8,0,4,8,0.5,0,0.500000
K232787,/Users/winko/Library/Mobile Documents/com~apple~CloudDocs/Research/1.5-Policy/data/raw_text/K232787.txt,2282,4,0,8,0,4,8,0.5,0,0.500000
K233243,/Users/winko/Library/Mobile Documents/com~apple~CloudDocs/Research/1.5-Policy/data/raw_text/K233243.txt,4543,7,0,14,0,7,14,0.5,0,0.500000
K233984,/Users/winko/Library/Mobile Documents/com~apple~CloudDocs/Research/1.5-Policy/data/raw_text/K233984.txt,2278,2,0,4,0,2,4,0.5,0,0.500000
K242188,/Users/winko/Library/Mobile Documents/com~apple~CloudDocs/Research/1.5-Policy/data/raw_text/K242188.txt,3548,4,0,8,0,4,8,0.5,0,0.500000
K242467,/Users/winko/Library/Mobile Documents/com~apple~CloudDocs/Research/1.5-Policy/data/raw_text/K242467.txt,3484,3,0,6,0,3,6,0.5,0,0.500000
K242523,/Users/winko/Library/Mobile Documents/com~apple~CloudDocs/Research/1.5-Policy/data/raw_text/K242523.txt,4989,3,0,6,0,3,6,0.5,0,0.500000
K242925,/Users/winko/Library/Mobile Documents/com~apple~CloudDocs/Research/1.5-Policy/data/raw_text/K242925.txt,5204,3,0,6,0,3,6,0.5,0,0.500000
K243397,/Users/winko/Library/Mobile Documents/com~apple~CloudDocs/Research/1.5-Policy/data/raw_text/K243397.txt,7723,5,0,10,0,5,10,0.5,0,0.500000
K243481,/Users/winko/Library/Mobile Documents/com~apple~CloudDocs/Research/1.5-Policy/data/raw_text/K243481.txt,4291,3,0,6,0,3,6,0.5,0,0.500000
K243884,/Users/winko/Library/Mobile Documents/com~apple~CloudDocs/Research/1.5-Policy/data/raw_text/K243884.txt,4766,8,0,16,0,8,16,0.5,0,0.500000
K250086,/Users/winko/Library/Mobile Documents/com~apple~CloudDocs/Research/1.5-Policy/data/raw_text/K250086.txt,4159,4,0,8,0,4,8,0.5,0,0.500000
K250652,/Users/winko/Library/Mobile Documents/com~apple~CloudDocs/Research/1.5-Policy/data/raw_text/K250652.txt,3370,4,0,8,0,4,8,0.5,0,0.500000
K250877,/Users/winko/Library/Mobile Documents/com~apple~CloudDocs/Research/1.5-Policy/data/raw_text/K250877.txt,4168,3,0,6,0,3,6,0.5,0,0.500000
K251167,/Users/winko/Library/Mobile Documents/com~apple~CloudDocs/Research/1.5-Policy/data/raw_text/K251167.txt,4846,4,0,8,0,4,8,0.5,0,0.500000
K251682,/Users/winko/Library/Mobile Documents/com~apple~CloudDocs/Research/1.5-Policy/data/raw_text/K251682.txt,12407,4,0,8,0,4,8,0.5,0,0.500000
K252557,/Users/winko/Library/Mobile Documents/com~apple~CloudDocs/Research/1.5-Policy/data/raw_text/K252557.txt,3877,4,0,8,0,4,8,0.5,0,0.500000
K233650,/Users/winko/Library/Mobile Documents/com~apple~CloudDocs/Research/1.5-Policy/data/raw_text/K233650.txt,11817,7,0,15,0,7,15,0.4666666666666667,0,0.466667
K250959,/Users/winko/Library/Mobile Documents/com~apple~CloudDocs/Research/1.5-Policy/data/raw_text/K250959.txt,4483,7,0,15,0,7,15,0.4666666666666667,0,0.466667
K243937,/Users/winko/Library/Mobile Documents/com~apple~CloudDocs/Research/1.5-Policy/data/raw_text/K243937.txt,2995,6,0,13,0,6,13,0.46153846153846156,0,0.461538
K200595,/Users/winko/Library/Mobile Documents/com~apple~CloudDocs/Research/1.5-Policy/data/raw_text/K200595.txt,5467,5,0,11,0,5,11,0.45454545454545453,0,0.454545
K222268,/Users/winko/Library/Mobile Documents/com~apple~CloudDocs/Research/1.5-Policy/data/raw_text/K222268.txt,2750,5,0,11,0,5,11,0.45454545454545453,0,0.454545
K243292,/Users/winko/Library/Mobile Documents/com~apple~CloudDocs/Research/1.5-Policy/data/raw_text/K243292.txt,3128,5,0,11,0,5,11,0.45454545454545453,0,0.454545
K193220,/Users/winko/Library/Mobile Documents/com~apple~CloudDocs/Research/1.5-Policy/data/raw_text/K193220.txt,4861,4,0,9,0,4,9,0.4444444444444444,0,0.444444
K234009,/Users/winko/Library/Mobile Documents/com~apple~CloudDocs/Research/1.5-Policy/data/raw_text/K234009.txt,4086,4,0,9,0,4,9,0.4444444444444444,0,0.444444
K243145,/Users/winko/Library/Mobile Documents/com~apple~CloudDocs/Research/1.5-Policy/data/raw_text/K243145.txt,2910,4,0,9,0,4,9,0.4444444444444444,0,0.444444
K243687,/Users/winko/Library/Mobile Documents/com~apple~CloudDocs/Research/1.5-Policy/data/raw_text/K243687.txt,3092,4,0,9,0,4,9,0.4444444444444444,0,0.444444
K250984,/Users/winko/Library/Mobile Documents/com~apple~CloudDocs/Research/1.5-Policy/data/raw_text/K250984.txt,3171,4,0,9,0,4,9,0.4444444444444444,0,0.444444
K251078,/Users/winko/Library/Mobile Documents/com~apple~CloudDocs/Research/1.5-Policy/data/raw_text/K251078.txt,4102,4,0,9,0,4,9,0.4444444444444444,0,0.444444
K191125,/Users/winko/Library/Mobile Documents/com~apple~CloudDocs/Research/1.5-Policy/data/raw_text/K191125.txt,4407,3,0,7,0,3,7,0.42857142857142855,0,0.428571
K192531,/Users/winko/Library/Mobile Documents/com~apple~CloudDocs/Research/1.5-Policy/data/raw_text/K192531.txt,2281,3,0,7,0,3,7,0.42857142857142855,0,0.428571
K210719,/Users/winko/Library/Mobile Documents/com~apple~CloudDocs/Research/1.5-Policy/data/raw_text/K210719.txt,2546,3,0,7,0,3,7,0.42857142857142855,0,0.428571
K211966,/Users/winko/Library/Mobile Documents/com~apple~CloudDocs/Research/1.5-Policy/data/raw_text/K211966.txt,2595,3,0,7,0,3,7,0.42857142857142855,0,0.428571
K212012,/Users/winko/Library/Mobile Documents/com~apple~CloudDocs/Research/1.5-Policy/data/raw_text/K212012.txt,2571,3,0,7,0,3,7,0.42857142857142855,0,0.428571
K220408,/Users/winko/Library/Mobile Documents/com~apple~CloudDocs/Research/1.5-Policy/data/raw_text/K220408.txt,8524,3,0,7,0,3,7,0.42857142857142855,0,0.428571
K230497,/Users/winko/Library/Mobile Documents/com~apple~CloudDocs/Research/1.5-Policy/data/raw_text/K230497.txt,1989,3,0,7,0,3,7,0.42857142857142855,0,0.428571
K241561,/Users/winko/Library/Mobile Documents/com~apple~CloudDocs/Research/1.5-Policy/data/raw_text/K241561.txt,5196,6,0,14,0,6,14,0.42857142857142855,0,0.428571
K251342,/Users/winko/Library/Mobile Documents/com~apple~CloudDocs/Research/1.5-Policy/data/raw_text/K251342.txt,3471,3,0,7,0,3,7,0.42857142857142855,0,0.428571
K252054,/Users/winko/Library/Mobile Documents/com~apple~CloudDocs/Research/1.5-Policy/data/raw_text/K252054.txt,3927,6,0,14,0,6,14,0.42857142857142855,0,0.428571
K252217,/Users/winko/Library/Mobile Documents/com~apple~CloudDocs/Research/1.5-Policy/data/raw_text/K252217.txt,4111,3,0,7,0,3,7,0.42857142857142855,0,0.428571
K252328,/Users/winko/Library/Mobile Documents/com~apple~CloudDocs/Research/1.5-Policy/data/raw_text/K252328.txt,3673,3,0,7,0,3,7,0.42857142857142855,0,0.428571
K243449,/Users/winko/Library/Mobile Documents/com~apple~CloudDocs/Research/1.5-Policy/data/raw_text/K243449.txt,4191,7,0,17,0,7,17,0.4117647058823529,0,0.411765
K182798,/Users/winko/Library/Mobile Documents/com~apple~CloudDocs/Research/1.5-Policy/data/raw_text/K182798.txt,2962,2,0,5,0,2,5,0.4,0,0.400000
K183202,/Users/winko/Library/Mobile Documents/com~apple~CloudDocs/Research/1.5-Policy/data/raw_text/K183202.txt,2458,2,0,5,0,2,5,0.4,0,0.400000
K191928,/Users/winko/Library/Mobile Documents/com~apple~CloudDocs/Research/1.5-Policy/data/raw_text/K191928.txt,2214,2,0,5,0,2,5,0.4,0,0.400000
K200621,/Users/winko/Library/Mobile Documents/com~apple~CloudDocs/Research/1.5-Policy/data/raw_text/K200621.txt,2116,2,0,5,0,2,5,0.4,0,0.400000
K203696,/Users/winko/Library/Mobile Documents/com~apple~CloudDocs/Research/1.5-Policy/data/raw_text/K203696.txt,2318,4,0,10,0,4,10,0.4,0,0.400000
K213999,/Users/winko/Library/Mobile Documents/com~apple~CloudDocs/Research/1.5-Policy/data/raw_text/K213999.txt,2486,2,0,5,0,2,5,0.4,0,0.400000
K220939,/Users/winko/Library/Mobile Documents/com~apple~CloudDocs/Research/1.5-Policy/data/raw_text/K220939.txt,3671,2,0,5,0,2,5,0.4,0,0.400000
K223180,/Users/winko/Library/Mobile Documents/com~apple~CloudDocs/Research/1.5-Policy/data/raw_text/K223180.txt,2466,2,0,5,0,2,5,0.4,0,0.400000
K223212,/Users/winko/Library/Mobile Documents/com~apple~CloudDocs/Research/1.5-Policy/data/raw_text/K223212.txt,2187,2,0,5,0,2,5,0.4,0,0.400000
K223240,/Users/winko/Library/Mobile Documents/com~apple~CloudDocs/Research/1.5-Policy/data/raw_text/K223240.txt,3014,4,0,10,0,4,10,0.4,0,0.400000
K223905,/Users/winko/Library/Mobile Documents/com~apple~CloudDocs/Research/1.5-Policy/data/raw_text/K223905.txt,2704,2,0,5,0,2,5,0.4,0,0.400000
K230346,/Users/winko/Library/Mobile Documents/com~apple~CloudDocs/Research/1.5-Policy/data/raw_text/K230346.txt,2874,2,0,5,0,2,5,0.4,0,0.400000
K231094,/Users/winko/Library/Mobile Documents/com~apple~CloudDocs/Research/1.5-Policy/data/raw_text/K231094.txt,3048,4,0,10,0,4,10,0.4,0,0.400000
K231130,/Users/winko/Library/Mobile Documents/com~apple~CloudDocs/Research/1.5-Policy/data/raw_text/K231130.txt,3711,2,0,5,0,2,5,0.4,0,0.400000
K231384,/Users/winko/Library/Mobile Documents/com~apple~CloudDocs/Research/1.5-Policy/data/raw_text/K231384.txt,2715,4,0,10,0,4,10,0.4,0,0.400000
K231587,/Users/winko/Library/Mobile Documents/com~apple~CloudDocs/Research/1.5-Policy/data/raw_text/K231587.txt,4219,2,0,5,0,2,5,0.4,0,0.400000
K231767,/Users/winko/Library/Mobile Documents/com~apple~CloudDocs/Research/1.5-Policy/data/raw_text/K231767.txt,2694,4,0,10,0,4,10,0.4,0,0.400000
K232145,/Users/winko/Library/Mobile Documents/com~apple~CloudDocs/Research/1.5-Policy/data/raw_text/K232145.txt,5603,2,0,5,0,2,5,0.4,0,0.400000
K232305,/Users/winko/Library/Mobile Documents/com~apple~CloudDocs/Research/1.5-Policy/data/raw_text/K232305.txt,5217,4,0,10,0,4,10,0.4,0,0.400000
K232381,/Users/winko/Library/Mobile Documents/com~apple~CloudDocs/Research/1.5-Policy/data/raw_text/K232381.txt,2837,2,0,5,0,2,5,0.4,0,0.400000
K232765,/Users/winko/Library/Mobile Documents/com~apple~CloudDocs/Research/1.5-Policy/data/raw_text/K232765.txt,4189,2,0,5,0,2,5,0.4,0,0.400000
K240704,/Users/winko/Library/Mobile Documents/com~apple~CloudDocs/Research/1.5-Policy/data/raw_text/K240704.txt,4315,2,0,5,0,2,5,0.4,0,0.400000
K241633,/Users/winko/Library/Mobile Documents/com~apple~CloudDocs/Research/1.5-Policy/data/raw_text/K241633.txt,3054,4,0,10,0,4,10,0.4,0,0.400000
K241961,/Users/winko/Library/Mobile Documents/com~apple~CloudDocs/Research/1.5-Policy/data/raw_text/K241961.txt,2390,2,0,5,0,2,5,0.4,0,0.400000
K243617,/Users/winko/Library/Mobile Documents/com~apple~CloudDocs/Research/1.5-Policy/data/raw_text/K243617.txt,4166,4,0,10,0,4,10,0.4,0,0.400000
K250119,/Users/winko/Library/Mobile Documents/com~apple~CloudDocs/Research/1.5-Policy/data/raw_text/K250119.txt,3442,2,0,5,0,2,5,0.4,0,0.400000
K250330,/Users/winko/Library/Mobile Documents/com~apple~CloudDocs/Research/1.5-Policy/data/raw_text/K250330.txt,3988,4,0,10,0,4,10,0.4,0,0.400000
K251532,/Users/winko/Library/Mobile Documents/com~apple~CloudDocs/Research/1.5-Policy/data/raw_text/K251532.txt,4742,4,0,10,0,4,10,0.4,0,0.400000
K251673,/Users/winko/Library/Mobile Documents/com~apple~CloudDocs/Research/1.5-Policy/data/raw_text/K251673.txt,2648,2,0,5,0,2,5,0.4,0,0.400000
K252586,/Users/winko/Library/Mobile Documents/com~apple~CloudDocs/Research/1.5-Policy/data/raw_text/K252586.txt,3604,4,0,10,0,4,10,0.4,0,0.400000
K183089,/Users/winko/Library/Mobile Documents/com~apple~CloudDocs/Research/1.5-Policy/data/raw_text/K183089.txt,2884,3,0,8,0,3,8,0.375,0,0.375000
K203610,/Users/winko/Library/Mobile Documents/com~apple~CloudDocs/Research/1.5-Policy/data/raw_text/K203610.txt,2552,3,0,8,0,3,8,0.375,0,0.375000
K210069,/Users/winko/Library/Mobile Documents/com~apple~CloudDocs/Research/1.5-Policy/data/raw_text/K210069.txt,2591,3,0,8,0,3,8,0.375,0,0.375000
K231855,/Users/winko/Library/Mobile Documents/com~apple~CloudDocs/Research/1.5-Policy/data/raw_text/K231855.txt,3590,3,0,8,0,3,8,0.375,0,0.375000
K240791,/Users/winko/Library/Mobile Documents/com~apple~CloudDocs/Research/1.5-Policy/data/raw_text/K240791.txt,4864,3,0,8,0,3,8,0.375,0,0.375000
K241245,/Users/winko/Library/Mobile Documents/com~apple~CloudDocs/Research/1.5-Policy/data/raw_text/K241245.txt,3932,3,0,8,0,3,8,0.375,0,0.375000
K243684,/Users/winko/Library/Mobile Documents/com~apple~CloudDocs/Research/1.5-Policy/data/raw_text/K243684.txt,3544,3,0,8,0,3,8,0.375,0,0.375000
K250288,/Users/winko/Library/Mobile Documents/com~apple~CloudDocs/Research/1.5-Policy/data/raw_text/K250288.txt,3262,3,0,8,0,3,8,0.375,0,0.375000
K251029,/Users/winko/Library/Mobile Documents/com~apple~CloudDocs/Research/1.5-Policy/data/raw_text/K251029.txt,5243,3,0,8,0,3,8,0.375,0,0.375000
K251456,/Users/winko/Library/Mobile Documents/com~apple~CloudDocs/Research/1.5-Policy/data/raw_text/K251456.txt,3484,3,0,8,0,3,8,0.375,0,0.375000
K220497,/Users/winko/Library/Mobile Documents/com~apple~CloudDocs/Research/1.5-Policy/data/raw_text/K220497.txt,4593,4,0,11,0,4,11,0.36363636363636365,0,0.363636
K233342,/Users/winko/Library/Mobile Documents/com~apple~CloudDocs/Research/1.5-Policy/data/raw_text/K233342.txt,4583,4,0,11,0,4,11,0.36363636363636365,0,0.363636
K250369,/Users/winko/Library/Mobile Documents/com~apple~CloudDocs/Research/1.5-Policy/data/raw_text/K250369.txt,4501,4,0,11,0,4,11,0.36363636363636365,0,0.363636
K153351,/Users/winko/Library/Mobile Documents/com~apple~CloudDocs/Research/1.5-Policy/data/raw_text/K153351.txt,2213,2,0,6,0,2,6,0.3333333333333333,0,0.333333
K182901,/Users/winko/Library/Mobile Documents/com~apple~CloudDocs/Research/1.5-Policy/data/raw_text/K182901.txt,2286,2,0,6,0,2,6,0.3333333333333333,0,0.333333
K183046,/Users/winko/Library/Mobile Documents/com~apple~CloudDocs/Research/1.5-Policy/data/raw_text/K183046.txt,2428,2,0,6,0,2,6,0.3333333333333333,0,0.333333
K192832,/Users/winko/Library/Mobile Documents/com~apple~CloudDocs/Research/1.5-Policy/data/raw_text/K192832.txt,2346,2,0,6,0,2,6,0.3333333333333333,0,0.333333
K193170,/Users/winko/Library/Mobile Documents/com~apple~CloudDocs/Research/1.5-Policy/data/raw_text/K193170.txt,2499,2,0,6,0,2,6,0.3333333333333333,0,0.333333
K200232,/Users/winko/Library/Mobile Documents/com~apple~CloudDocs/Research/1.5-Policy/data/raw_text/K200232.txt,3774,2,0,6,0,2,6,0.3333333333333333,0,0.333333
K201836,/Users/winko/Library/Mobile Documents/com~apple~CloudDocs/Research/1.5-Policy/data/raw_text/K201836.txt,2401,2,0,6,0,2,6,0.3333333333333333,0,0.333333
K202170,/Users/winko/Library/Mobile Documents/com~apple~CloudDocs/Research/1.5-Policy/data/raw_text/K202170.txt,4836,4,0,12,0,4,12,0.3333333333333333,0,0.333333
K203042,/Users/winko/Library/Mobile Documents/com~apple~CloudDocs/Research/1.5-Policy/data/raw_text/K203042.txt,2667,2,0,6,0,2,6,0.3333333333333333,0,0.333333
K203225,/Users/winko/Library/Mobile Documents/com~apple~CloudDocs/Research/1.5-Policy/data/raw_text/K203225.txt,2642,2,0,6,0,2,6,0.3333333333333333,0,0.333333
K203258,/Users/winko/Library/Mobile Documents/com~apple~CloudDocs/Research/1.5-Policy/data/raw_text/K203258.txt,5227,3,0,9,0,3,9,0.3333333333333333,0,0.333333
K203617,/Users/winko/Library/Mobile Documents/com~apple~CloudDocs/Research/1.5-Policy/data/raw_text/K203617.txt,2347,2,0,6,0,2,6,0.3333333333333333,0,0.333333
K210484,/Users/winko/Library/Mobile Documents/com~apple~CloudDocs/Research/1.5-Policy/data/raw_text/K210484.txt,2380,2,0,6,0,2,6,0.3333333333333333,0,0.333333
K211161,/Users/winko/Library/Mobile Documents/com~apple~CloudDocs/Research/1.5-Policy/data/raw_text/K211161.txt,2646,3,0,9,0,3,9,0.3333333333333333,0,0.333333
K213645,/Users/winko/Library/Mobile Documents/com~apple~CloudDocs/Research/1.5-Policy/data/raw_text/K213645.txt,2011,2,0,6,0,2,6,0.3333333333333333,0,0.333333
K220624,/Users/winko/Library/Mobile Documents/com~apple~CloudDocs/Research/1.5-Policy/data/raw_text/K220624.txt,3295,2,0,6,0,2,6,0.3333333333333333,0,0.333333
K220766,/Users/winko/Library/Mobile Documents/com~apple~CloudDocs/Research/1.5-Policy/data/raw_text/K220766.txt,2390,2,0,6,0,2,6,0.3333333333333333,0,0.333333
K221892,/Users/winko/Library/Mobile Documents/com~apple~CloudDocs/Research/1.5-Policy/data/raw_text/K221892.txt,2895,2,0,6,0,2,6,0.3333333333333333,0,0.333333
K222593,/Users/winko/Library/Mobile Documents/com~apple~CloudDocs/Research/1.5-Policy/data/raw_text/K222593.txt,3675,2,0,6,0,2,6,0.3333333333333333,0,0.333333
K223724,/Users/winko/Library/Mobile Documents/com~apple~CloudDocs/Research/1.5-Policy/data/raw_text/K223724.txt,3865,2,0,6,0,2,6,0.3333333333333333,0,0.333333
K223726,/Users/winko/Library/Mobile Documents/com~apple~CloudDocs/Research/1.5-Policy/data/raw_text/K223726.txt,2403,2,0,6,0,2,6,0.3333333333333333,0,0.333333
K230807,/Users/winko/Library/Mobile Documents/com~apple~CloudDocs/Research/1.5-Policy/data/raw_text/K230807.txt,2363,2,0,6,0,2,6,0.3333333333333333,0,0.333333
K231173,/Users/winko/Library/Mobile Documents/com~apple~CloudDocs/Research/1.5-Policy/data/raw_text/K231173.txt,2750,2,0,6,0,2,6,0.3333333333333333,0,0.333333
K231396,/Users/winko/Library/Mobile Documents/com~apple~CloudDocs/Research/1.5-Policy/data/raw_text/K231396.txt,2598,2,0,6,0,2,6,0.3333333333333333,0,0.333333
K232140,/Users/winko/Library/Mobile Documents/com~apple~CloudDocs/Research/1.5-Policy/data/raw_text/K232140.txt,4072,3,0,9,0,3,9,0.3333333333333333,0,0.333333
K232835,/Users/winko/Library/Mobile Documents/com~apple~CloudDocs/Research/1.5-Policy/data/raw_text/K232835.txt,3110,2,0,6,0,2,6,0.3333333333333333,0,0.333333
K233334,/Users/winko/Library/Mobile Documents/com~apple~CloudDocs/Research/1.5-Policy/data/raw_text/K233334.txt,2556,2,0,6,0,2,6,0.3333333333333333,0,0.333333
K241009,/Users/winko/Library/Mobile Documents/com~apple~CloudDocs/Research/1.5-Policy/data/raw_text/K241009.txt,2735,2,0,6,0,2,6,0.3333333333333333,0,0.333333
K241280,/Users/winko/Library/Mobile Documents/com~apple~CloudDocs/Research/1.5-Policy/data/raw_text/K241280.txt,3024,2,0,6,0,2,6,0.3333333333333333,0,0.333333
K242583,/Users/winko/Library/Mobile Documents/com~apple~CloudDocs/Research/1.5-Policy/data/raw_text/K242583.txt,5682,6,0,18,0,6,18,0.3333333333333333,0,0.333333
K242798,/Users/winko/Library/Mobile Documents/com~apple~CloudDocs/Research/1.5-Policy/data/raw_text/K242798.txt,3123,2,0,6,0,2,6,0.3333333333333333,0,0.333333
K243189,/Users/winko/Library/Mobile Documents/com~apple~CloudDocs/Research/1.5-Policy/data/raw_text/K243189.txt,3752,2,0,6,0,2,6,0.3333333333333333,0,0.333333
K243558,/Users/winko/Library/Mobile Documents/com~apple~CloudDocs/Research/1.5-Policy/data/raw_text/K243558.txt,2884,3,0,9,0,3,9,0.3333333333333333,0,0.333333
K250416,/Users/winko/Library/Mobile Documents/com~apple~CloudDocs/Research/1.5-Policy/data/raw_text/K250416.txt,3971,3,0,9,0,3,9,0.3333333333333333,0,0.333333
K251072,/Users/winko/Library/Mobile Documents/com~apple~CloudDocs/Research/1.5-Policy/data/raw_text/K251072.txt,3028,3,0,9,0,3,9,0.3333333333333333,0,0.333333
K251766,/Users/winko/Library/Mobile Documents/com~apple~CloudDocs/Research/1.5-Policy/data/raw_text/K251766.txt,3622,2,0,6,0,2,6,0.3333333333333333,0,0.333333
K251839,/Users/winko/Library/Mobile Documents/com~apple~CloudDocs/Research/1.5-Policy/data/raw_text/K251839.txt,5777,3,0,9,0,3,9,0.3333333333333333,0,0.333333
K231398,/Users/winko/Library/Mobile Documents/com~apple~CloudDocs/Research/1.5-Policy/data/raw_text/K231398.txt,3133,4,0,13,0,4,13,0.3076923076923077,0,0.307692
K242800,/Users/winko/Library/Mobile Documents/com~apple~CloudDocs/Research/1.5-Policy/data/raw_text/K242800.txt,7073,4,0,13,0,4,13,0.3076923076923077,0,0.307692
K250087,/Users/winko/Library/Mobile Documents/com~apple~CloudDocs/Research/1.5-Policy/data/raw_text/K250087.txt,3367,4,0,13,0,4,13,0.3076923076923077,0,0.307692
K252007,/Users/winko/Library/Mobile Documents/com~apple~CloudDocs/Research/1.5-Policy/data/raw_text/K252007.txt,3038,4,0,13,0,4,13,0.3076923076923077,0,0.307692
K232000,/Users/winko/Library/Mobile Documents/com~apple~CloudDocs/Research/1.5-Policy/data/raw_text/K232000.txt,3345,3,0,10,0,3,10,0.3,0,0.300000
K252362,/Users/winko/Library/Mobile Documents/com~apple~CloudDocs/Research/1.5-Policy/data/raw_text/K252362.txt,4018,3,0,10,0,3,10,0.3,0,0.300000
K121617,/Users/winko/Library/Mobile Documents/com~apple~CloudDocs/Research/1.5-Policy/data/raw_text/K121617.txt,1784,2,0,7,0,2,7,0.2857142857142857,0,0.285714
K182344,/Users/winko/Library/Mobile Documents/com~apple~CloudDocs/Research/1.5-Policy/data/raw_text/K182344.txt,2385,2,0,7,0,2,7,0.2857142857142857,0,0.285714
K210034,/Users/winko/Library/Mobile Documents/com~apple~CloudDocs/Research/1.5-Policy/data/raw_text/K210034.txt,8462,2,0,7,0,2,7,0.2857142857142857,0,0.285714
K223556,/Users/winko/Library/Mobile Documents/com~apple~CloudDocs/Research/1.5-Policy/data/raw_text/K223556.txt,3350,2,0,7,0,2,7,0.2857142857142857,0,0.285714
K232501,/Users/winko/Library/Mobile Documents/com~apple~CloudDocs/Research/1.5-Policy/data/raw_text/K232501.txt,2450,2,0,7,0,2,7,0.2857142857142857,0,0.285714
K232712,/Users/winko/Library/Mobile Documents/com~apple~CloudDocs/Research/1.5-Policy/data/raw_text/K232712.txt,2912,2,0,7,0,2,7,0.2857142857142857,0,0.285714
K240553,/Users/winko/Library/Mobile Documents/com~apple~CloudDocs/Research/1.5-Policy/data/raw_text/K240553.txt,2427,2,0,7,0,2,7,0.2857142857142857,0,0.285714
K240744,/Users/winko/Library/Mobile Documents/com~apple~CloudDocs/Research/1.5-Policy/data/raw_text/K240744.txt,2462,2,0,7,0,2,7,0.2857142857142857,0,0.285714
K241747,/Users/winko/Library/Mobile Documents/com~apple~CloudDocs/Research/1.5-Policy/data/raw_text/K241747.txt,3108,2,0,7,0,2,7,0.2857142857142857,0,0.285714
K241837,/Users/winko/Library/Mobile Documents/com~apple~CloudDocs/Research/1.5-Policy/data/raw_text/K241837.txt,9758,2,0,7,0,2,7,0.2857142857142857,0,0.285714
K242166,/Users/winko/Library/Mobile Documents/com~apple~CloudDocs/Research/1.5-Policy/data/raw_text/K242166.txt,4741,2,0,7,0,2,7,0.2857142857142857,0,0.285714
K242403,/Users/winko/Library/Mobile Documents/com~apple~CloudDocs/Research/1.5-Policy/data/raw_text/K242403.txt,2983,2,0,7,0,2,7,0.2857142857142857,0,0.285714
K250436,/Users/winko/Library/Mobile Documents/com~apple~CloudDocs/Research/1.5-Policy/data/raw_text/K250436.txt,4658,2,0,7,0,2,7,0.2857142857142857,0,0.285714
K252235,/Users/winko/Library/Mobile Documents/com~apple~CloudDocs/Research/1.5-Policy/data/raw_text/K252235.txt,3240,2,0,7,0,2,7,0.2857142857142857,0,0.285714
K222275,/Users/winko/Library/Mobile Documents/com~apple~CloudDocs/Research/1.5-Policy/data/raw_text/K222275.txt,2302,3,0,11,0,3,11,0.2727272727272727,0,0.272727
K252922,/Users/winko/Library/Mobile Documents/com~apple~CloudDocs/Research/1.5-Policy/data/raw_text/K252922.txt,3304,3,0,11,0,3,11,0.2727272727272727,0,0.272727
K120489,/Users/winko/Library/Mobile Documents/com~apple~CloudDocs/Research/1.5-Policy/data/raw_text/K120489.txt,3117,1,0,4,0,1,4,0.25,0,0.250000
K131044,/Users/winko/Library/Mobile Documents/com~apple~CloudDocs/Research/1.5-Policy/data/raw_text/K131044.txt,2068,2,0,8,0,2,8,0.25,0,0.250000
K161201,/Users/winko/Library/Mobile Documents/com~apple~CloudDocs/Research/1.5-Policy/data/raw_text/K161201.txt,1466,2,0,8,0,2,8,0.25,0,0.250000
K161959,/Users/winko/Library/Mobile Documents/com~apple~CloudDocs/Research/1.5-Policy/data/raw_text/K161959.txt,2538,1,0,4,0,1,4,0.25,0,0.250000
K173810,/Users/winko/Library/Mobile Documents/com~apple~CloudDocs/Research/1.5-Policy/data/raw_text/K173810.txt,1679,1,0,4,0,1,4,0.25,0,0.250000
K200760,/Users/winko/Library/Mobile Documents/com~apple~CloudDocs/Research/1.5-Policy/data/raw_text/K200760.txt,4315,1,0,4,0,1,4,0.25,0,0.250000
K203280,/Users/winko/Library/Mobile Documents/com~apple~CloudDocs/Research/1.5-Policy/data/raw_text/K203280.txt,5321,3,0,12,0,3,12,0.25,0,0.250000
K210831,/Users/winko/Library/Mobile Documents/com~apple~CloudDocs/Research/1.5-Policy/data/raw_text/K210831.txt,3131,2,0,8,0,2,8,0.25,0,0.250000
K211655,/Users/winko/Library/Mobile Documents/com~apple~CloudDocs/Research/1.5-Policy/data/raw_text/K211655.txt,3445,2,0,8,0,2,8,0.25,0,0.250000
K213583,/Users/winko/Library/Mobile Documents/com~apple~CloudDocs/Research/1.5-Policy/data/raw_text/K213583.txt,3333,2,0,8,0,2,8,0.25,0,0.250000
K213686,/Users/winko/Library/Mobile Documents/com~apple~CloudDocs/Research/1.5-Policy/data/raw_text/K213686.txt,4947,1,0,4,0,1,4,0.25,0,0.250000
K213717,/Users/winko/Library/Mobile Documents/com~apple~CloudDocs/Research/1.5-Policy/data/raw_text/K213717.txt,2195,1,0,4,0,1,4,0.25,0,0.250000
K213779,/Users/winko/Library/Mobile Documents/com~apple~CloudDocs/Research/1.5-Policy/data/raw_text/K213779.txt,1694,1,0,4,0,1,4,0.25,0,0.250000
K221432,/Users/winko/Library/Mobile Documents/com~apple~CloudDocs/Research/1.5-Policy/data/raw_text/K221432.txt,1953,1,0,4,0,1,4,0.25,0,0.250000
K222361,/Users/winko/Library/Mobile Documents/com~apple~CloudDocs/Research/1.5-Policy/data/raw_text/K222361.txt,3245,2,0,8,0,2,8,0.25,0,0.250000
K230150,/Users/winko/Library/Mobile Documents/com~apple~CloudDocs/Research/1.5-Policy/data/raw_text/K230150.txt,1840,1,0,4,0,1,4,0.25,0,0.250000
K232841,/Users/winko/Library/Mobile Documents/com~apple~CloudDocs/Research/1.5-Policy/data/raw_text/K232841.txt,3619,2,0,8,0,2,8,0.25,0,0.250000
K233676,/Users/winko/Library/Mobile Documents/com~apple~CloudDocs/Research/1.5-Policy/data/raw_text/K233676.txt,3027,2,0,8,0,2,8,0.25,0,0.250000
K233753,/Users/winko/Library/Mobile Documents/com~apple~CloudDocs/Research/1.5-Policy/data/raw_text/K233753.txt,4075,2,0,8,0,2,8,0.25,0,0.250000
K234068,/Users/winko/Library/Mobile Documents/com~apple~CloudDocs/Research/1.5-Policy/data/raw_text/K234068.txt,3502,1,0,4,0,1,4,0.25,0,0.250000
K240642,/Users/winko/Library/Mobile Documents/com~apple~CloudDocs/Research/1.5-Policy/data/raw_text/K240642.txt,2553,2,0,8,0,2,8,0.25,0,0.250000
K240793,/Users/winko/Library/Mobile Documents/com~apple~CloudDocs/Research/1.5-Policy/data/raw_text/K240793.txt,4789,3,0,12,0,3,12,0.25,0,0.250000
K241331,/Users/winko/Library/Mobile Documents/com~apple~CloudDocs/Research/1.5-Policy/data/raw_text/K241331.txt,4685,2,0,8,0,2,8,0.25,0,0.250000
K241543,/Users/winko/Library/Mobile Documents/com~apple~CloudDocs/Research/1.5-Policy/data/raw_text/K241543.txt,2833,2,0,8,0,2,8,0.25,0,0.250000
K241596,/Users/winko/Library/Mobile Documents/com~apple~CloudDocs/Research/1.5-Policy/data/raw_text/K241596.txt,2824,2,0,8,0,2,8,0.25,0,0.250000
K241684,/Users/winko/Library/Mobile Documents/com~apple~CloudDocs/Research/1.5-Policy/data/raw_text/K241684.txt,2673,1,0,4,0,1,4,0.25,0,0.250000
K242275,/Users/winko/Library/Mobile Documents/com~apple~CloudDocs/Research/1.5-Policy/data/raw_text/K242275.txt,3162,2,0,8,0,2,8,0.25,0,0.250000
K242359,/Users/winko/Library/Mobile Documents/com~apple~CloudDocs/Research/1.5-Policy/data/raw_text/K242359.txt,2145,2,0,8,0,2,8,0.25,0,0.250000
K250005,/Users/winko/Library/Mobile Documents/com~apple~CloudDocs/Research/1.5-Policy/data/raw_text/K250005.txt,3623,3,0,12,0,3,12,0.25,0,0.250000
K202928,/Users/winko/Library/Mobile Documents/com~apple~CloudDocs/Research/1.5-Policy/data/raw_text/K202928.txt,3653,3,0,13,0,3,13,0.23076923076923078,0,0.230769
K243859,/Users/winko/Library/Mobile Documents/com~apple~CloudDocs/Research/1.5-Policy/data/raw_text/K243859.txt,4094,3,0,13,0,3,13,0.23076923076923078,0,0.230769
K171328,/Users/winko/Library/Mobile Documents/com~apple~CloudDocs/Research/1.5-Policy/data/raw_text/K171328.txt,2519,2,0,9,0,2,9,0.2222222222222222,0,0.222222
K210791,/Users/winko/Library/Mobile Documents/com~apple~CloudDocs/Research/1.5-Policy/data/raw_text/K210791.txt,2872,2,0,9,0,2,9,0.2222222222222222,0,0.222222
K223639,/Users/winko/Library/Mobile Documents/com~apple~CloudDocs/Research/1.5-Policy/data/raw_text/K223639.txt,3379,4,0,18,0,4,18,0.2222222222222222,0,0.222222
K223646,/Users/winko/Library/Mobile Documents/com~apple~CloudDocs/Research/1.5-Policy/data/raw_text/K223646.txt,3586,2,0,9,0,2,9,0.2222222222222222,0,0.222222
K223757,/Users/winko/Library/Mobile Documents/com~apple~CloudDocs/Research/1.5-Policy/data/raw_text/K223757.txt,2790,2,0,9,0,2,9,0.2222222222222222,0,0.222222
K232416,/Users/winko/Library/Mobile Documents/com~apple~CloudDocs/Research/1.5-Policy/data/raw_text/K232416.txt,6354,2,0,9,0,2,9,0.2222222222222222,0,0.222222
K234154,/Users/winko/Library/Mobile Documents/com~apple~CloudDocs/Research/1.5-Policy/data/raw_text/K234154.txt,4844,2,0,9,0,2,9,0.2222222222222222,0,0.222222
K240582,/Users/winko/Library/Mobile Documents/com~apple~CloudDocs/Research/1.5-Policy/data/raw_text/K240582.txt,5620,4,0,18,0,4,18,0.2222222222222222,0,0.222222
K240953,/Users/winko/Library/Mobile Documents/com~apple~CloudDocs/Research/1.5-Policy/data/raw_text/K240953.txt,3700,2,0,9,0,2,9,0.2222222222222222,0,0.222222
K241430,/Users/winko/Library/Mobile Documents/com~apple~CloudDocs/Research/1.5-Policy/data/raw_text/K241430.txt,3321,2,0,9,0,2,9,0.2222222222222222,0,0.222222
K242748,/Users/winko/Library/Mobile Documents/com~apple~CloudDocs/Research/1.5-Policy/data/raw_text/K242748.txt,5087,2,0,9,0,2,9,0.2222222222222222,0,0.222222
K251370,/Users/winko/Library/Mobile Documents/com~apple~CloudDocs/Research/1.5-Policy/data/raw_text/K251370.txt,3929,2,0,9,0,2,9,0.2222222222222222,0,0.222222
K251397,/Users/winko/Library/Mobile Documents/com~apple~CloudDocs/Research/1.5-Policy/data/raw_text/K251397.txt,3357,2,0,9,0,2,9,0.2222222222222222,0,0.222222
K251656,/Users/winko/Library/Mobile Documents/com~apple~CloudDocs/Research/1.5-Policy/data/raw_text/K251656.txt,2599,2,0,9,0,2,9,0.2222222222222222,0,0.222222
K240740,/Users/winko/Library/Mobile Documents/com~apple~CloudDocs/Research/1.5-Policy/data/raw_text/K240740.txt,3759,3,0,14,0,3,14,0.21428571428571427,0,0.214286
K243853,/Users/winko/Library/Mobile Documents/com~apple~CloudDocs/Research/1.5-Policy/data/raw_text/K243853.txt,5588,3,0,14,0,3,14,0.21428571428571427,0,0.214286
K250914,/Users/winko/Library/Mobile Documents/com~apple~CloudDocs/Research/1.5-Policy/data/raw_text/K250914.txt,2969,3,0,14,0,3,14,0.21428571428571427,0,0.214286
K172356,/Users/winko/Library/Mobile Documents/com~apple~CloudDocs/Research/1.5-Policy/data/raw_text/K172356.txt,2685,1,0,5,0,1,5,0.2,0,0.200000
K173839,/Users/winko/Library/Mobile Documents/com~apple~CloudDocs/Research/1.5-Policy/data/raw_text/K173839.txt,2410,1,0,5,0,1,5,0.2,0,0.200000
K181916,/Users/winko/Library/Mobile Documents/com~apple~CloudDocs/Research/1.5-Policy/data/raw_text/K181916.txt,5353,1,0,5,0,1,5,0.2,0,0.200000
K183489,/Users/winko/Library/Mobile Documents/com~apple~CloudDocs/Research/1.5-Policy/data/raw_text/K183489.txt,1766,1,0,5,0,1,5,0.2,0,0.200000
K191171,/Users/winko/Library/Mobile Documents/com~apple~CloudDocs/Research/1.5-Policy/data/raw_text/K191171.txt,2523,1,0,5,0,1,5,0.2,0,0.200000
K200980,/Users/winko/Library/Mobile Documents/com~apple~CloudDocs/Research/1.5-Policy/data/raw_text/K200980.txt,2173,1,0,5,0,1,5,0.2,0,0.200000
K201298,/Users/winko/Library/Mobile Documents/com~apple~CloudDocs/Research/1.5-Policy/data/raw_text/K201298.txt,3874,1,0,5,0,1,5,0.2,0,0.200000
K201369,/Users/winko/Library/Mobile Documents/com~apple~CloudDocs/Research/1.5-Policy/data/raw_text/K201369.txt,3671,2,0,10,0,2,10,0.2,0,0.200000
K203443,/Users/winko/Library/Mobile Documents/com~apple~CloudDocs/Research/1.5-Policy/data/raw_text/K203443.txt,3919,1,0,5,0,1,5,0.2,0,0.200000
K203744,/Users/winko/Library/Mobile Documents/com~apple~CloudDocs/Research/1.5-Policy/data/raw_text/K203744.txt,2639,1,0,5,0,1,5,0.2,0,0.200000
K203785,/Users/winko/Library/Mobile Documents/com~apple~CloudDocs/Research/1.5-Policy/data/raw_text/K203785.txt,2713,1,0,5,0,1,5,0.2,0,0.200000
K210747,/Users/winko/Library/Mobile Documents/com~apple~CloudDocs/Research/1.5-Policy/data/raw_text/K210747.txt,2350,1,0,5,0,1,5,0.2,0,0.200000
K211846,/Users/winko/Library/Mobile Documents/com~apple~CloudDocs/Research/1.5-Policy/data/raw_text/K211846.txt,2879,1,0,5,0,1,5,0.2,0,0.200000
K213960,/Users/winko/Library/Mobile Documents/com~apple~CloudDocs/Research/1.5-Policy/data/raw_text/K213960.txt,4431,2,0,10,0,2,10,0.2,0,0.200000
K213998,/Users/winko/Library/Mobile Documents/com~apple~CloudDocs/Research/1.5-Policy/data/raw_text/K213998.txt,3925,2,0,10,0,2,10,0.2,0,0.200000
K221706,/Users/winko/Library/Mobile Documents/com~apple~CloudDocs/Research/1.5-Policy/data/raw_text/K221706.txt,2662,1,0,5,0,1,5,0.2,0,0.200000
K223073,/Users/winko/Library/Mobile Documents/com~apple~CloudDocs/Research/1.5-Policy/data/raw_text/K223073.txt,2512,1,0,5,0,1,5,0.2,0,0.200000
K223552,/Users/winko/Library/Mobile Documents/com~apple~CloudDocs/Research/1.5-Policy/data/raw_text/K223552.txt,3015,1,0,5,0,1,5,0.2,0,0.200000
K223855,/Users/winko/Library/Mobile Documents/com~apple~CloudDocs/Research/1.5-Policy/data/raw_text/K223855.txt,3687,1,0,5,0,1,5,0.2,0,0.200000
K230082,/Users/winko/Library/Mobile Documents/com~apple~CloudDocs/Research/1.5-Policy/data/raw_text/K230082.txt,3200,1,0,5,0,1,5,0.2,0,0.200000
K230355,/Users/winko/Library/Mobile Documents/com~apple~CloudDocs/Research/1.5-Policy/data/raw_text/K230355.txt,4226,1,0,5,0,1,5,0.2,0,0.200000
K231207,/Users/winko/Library/Mobile Documents/com~apple~CloudDocs/Research/1.5-Policy/data/raw_text/K231207.txt,2732,1,0,5,0,1,5,0.2,0,0.200000
K231748,/Users/winko/Library/Mobile Documents/com~apple~CloudDocs/Research/1.5-Policy/data/raw_text/K231748.txt,3118,1,0,5,0,1,5,0.2,0,0.200000
K231833,/Users/winko/Library/Mobile Documents/com~apple~CloudDocs/Research/1.5-Policy/data/raw_text/K231833.txt,2730,2,0,10,0,2,10,0.2,0,0.200000
K232035,/Users/winko/Library/Mobile Documents/com~apple~CloudDocs/Research/1.5-Policy/data/raw_text/K232035.txt,3160,1,0,5,0,1,5,0.2,0,0.200000
K232331,/Users/winko/Library/Mobile Documents/com~apple~CloudDocs/Research/1.5-Policy/data/raw_text/K232331.txt,2085,1,0,5,0,1,5,0.2,0,0.200000
K232535,/Users/winko/Library/Mobile Documents/com~apple~CloudDocs/Research/1.5-Policy/data/raw_text/K232535.txt,3807,1,0,5,0,1,5,0.2,0,0.200000
K233677,/Users/winko/Library/Mobile Documents/com~apple~CloudDocs/Research/1.5-Policy/data/raw_text/K233677.txt,2785,2,0,10,0,2,10,0.2,0,0.200000
K233992,/Users/winko/Library/Mobile Documents/com~apple~CloudDocs/Research/1.5-Policy/data/raw_text/K233992.txt,2253,1,0,5,0,1,5,0.2,0,0.200000
K240094,/Users/winko/Library/Mobile Documents/com~apple~CloudDocs/Research/1.5-Policy/data/raw_text/K240094.txt,5433,2,0,10,0,2,10,0.2,0,0.200000
K240238,/Users/winko/Library/Mobile Documents/com~apple~CloudDocs/Research/1.5-Policy/data/raw_text/K240238.txt,4820,1,0,5,0,1,5,0.2,0,0.200000
K241312,/Users/winko/Library/Mobile Documents/com~apple~CloudDocs/Research/1.5-Policy/data/raw_text/K241312.txt,3365,1,0,5,0,1,5,0.2,0,0.200000
K241665,/Users/winko/Library/Mobile Documents/com~apple~CloudDocs/Research/1.5-Policy/data/raw_text/K241665.txt,2859,1,0,5,0,1,5,0.2,0,0.200000
K241982,/Users/winko/Library/Mobile Documents/com~apple~CloudDocs/Research/1.5-Policy/data/raw_text/K241982.txt,2477,1,0,5,0,1,5,0.2,0,0.200000
K243950,/Users/winko/Library/Mobile Documents/com~apple~CloudDocs/Research/1.5-Policy/data/raw_text/K243950.txt,2294,1,0,5,0,1,5,0.2,0,0.200000
K250337,/Users/winko/Library/Mobile Documents/com~apple~CloudDocs/Research/1.5-Policy/data/raw_text/K250337.txt,4353,3,0,15,0,3,15,0.2,0,0.200000
K250370,/Users/winko/Library/Mobile Documents/com~apple~CloudDocs/Research/1.5-Policy/data/raw_text/K250370.txt,3697,1,0,5,0,1,5,0.2,0,0.200000
K250569,/Users/winko/Library/Mobile Documents/com~apple~CloudDocs/Research/1.5-Policy/data/raw_text/K250569.txt,2271,1,0,5,0,1,5,0.2,0,0.200000
K250670,/Users/winko/Library/Mobile Documents/com~apple~CloudDocs/Research/1.5-Policy/data/raw_text/K250670.txt,2722,1,0,5,0,1,5,0.2,0,0.200000
K250766,/Users/winko/Library/Mobile Documents/com~apple~CloudDocs/Research/1.5-Policy/data/raw_text/K250766.txt,2838,2,0,10,0,2,10,0.2,0,0.200000
K252214,/Users/winko/Library/Mobile Documents/com~apple~CloudDocs/Research/1.5-Policy/data/raw_text/K252214.txt,2418,1,0,5,0,1,5,0.2,0,0.200000
K243523,/Users/winko/Library/Mobile Documents/com~apple~CloudDocs/Research/1.5-Policy/data/raw_text/K243523.txt,12491,3,0,16,0,3,16,0.1875,0,0.187500
K203514,/Users/winko/Library/Mobile Documents/com~apple~CloudDocs/Research/1.5-Policy/data/raw_text/K203514.txt,2633,2,0,11,0,2,11,0.18181818181818182,0,0.181818
K230045,/Users/winko/Library/Mobile Documents/com~apple~CloudDocs/Research/1.5-Policy/data/raw_text/K230045.txt,3481,2,0,11,0,2,11,0.18181818181818182,0,0.181818
K232250,/Users/winko/Library/Mobile Documents/com~apple~CloudDocs/Research/1.5-Policy/data/raw_text/K232250.txt,3170,2,0,11,0,2,11,0.18181818181818182,0,0.181818
K233457,/Users/winko/Library/Mobile Documents/com~apple~CloudDocs/Research/1.5-Policy/data/raw_text/K233457.txt,3989,2,0,11,0,2,11,0.18181818181818182,0,0.181818
K240773,/Users/winko/Library/Mobile Documents/com~apple~CloudDocs/Research/1.5-Policy/data/raw_text/K240773.txt,3882,4,0,22,0,4,22,0.18181818181818182,0,0.181818
K243681,/Users/winko/Library/Mobile Documents/com~apple~CloudDocs/Research/1.5-Policy/data/raw_text/K243681.txt,3560,2,0,11,0,2,11,0.18181818181818182,0,0.181818
K251931,/Users/winko/Library/Mobile Documents/com~apple~CloudDocs/Research/1.5-Policy/data/raw_text/K251931.txt,4251,4,0,23,0,4,23,0.17391304347826086,0,0.173913
K080595,/Users/winko/Library/Mobile Documents/com~apple~CloudDocs/Research/1.5-Policy/data/raw_text/K080595.txt,1514,1,0,6,0,1,6,0.16666666666666666,0,0.166667
K142037,/Users/winko/Library/Mobile Documents/com~apple~CloudDocs/Research/1.5-Policy/data/raw_text/K142037.txt,1643,1,0,6,0,1,6,0.16666666666666666,0,0.166667
K170250,/Users/winko/Library/Mobile Documents/com~apple~CloudDocs/Research/1.5-Policy/data/raw_text/K170250.txt,3203,1,0,6,0,1,6,0.16666666666666666,0,0.166667
K171122,/Users/winko/Library/Mobile Documents/com~apple~CloudDocs/Research/1.5-Policy/data/raw_text/K171122.txt,2377,1,0,6,0,1,6,0.16666666666666666,0,0.166667
K172983,/Users/winko/Library/Mobile Documents/com~apple~CloudDocs/Research/1.5-Policy/data/raw_text/K172983.txt,2080,1,0,6,0,1,6,0.16666666666666666,0,0.166667
K190593,/Users/winko/Library/Mobile Documents/com~apple~CloudDocs/Research/1.5-Policy/data/raw_text/K190593.txt,1793,1,0,6,0,1,6,0.16666666666666666,0,0.166667
K191262,/Users/winko/Library/Mobile Documents/com~apple~CloudDocs/Research/1.5-Policy/data/raw_text/K191262.txt,2848,1,0,6,0,1,6,0.16666666666666666,0,0.166667
K193306,/Users/winko/Library/Mobile Documents/com~apple~CloudDocs/Research/1.5-Policy/data/raw_text/K193306.txt,1994,1,0,6,0,1,6,0.16666666666666666,0,0.166667
K201560,/Users/winko/Library/Mobile Documents/com~apple~CloudDocs/Research/1.5-Policy/data/raw_text/K201560.txt,2295,1,0,6,0,1,6,0.16666666666666666,0,0.166667
K201615,/Users/winko/Library/Mobile Documents/com~apple~CloudDocs/Research/1.5-Policy/data/raw_text/K201615.txt,2125,1,0,6,0,1,6,0.16666666666666666,0,0.166667
K203103,/Users/winko/Library/Mobile Documents/com~apple~CloudDocs/Research/1.5-Policy/data/raw_text/K203103.txt,2887,1,0,6,0,1,6,0.16666666666666666,0,0.166667
K210071,/Users/winko/Library/Mobile Documents/com~apple~CloudDocs/Research/1.5-Policy/data/raw_text/K210071.txt,2514,1,0,6,0,1,6,0.16666666666666666,0,0.166667
K210458,/Users/winko/Library/Mobile Documents/com~apple~CloudDocs/Research/1.5-Policy/data/raw_text/K210458.txt,3622,1,0,6,0,1,6,0.16666666666666666,0,0.166667
K211824,/Users/winko/Library/Mobile Documents/com~apple~CloudDocs/Research/1.5-Policy/data/raw_text/K211824.txt,3163,1,0,6,0,1,6,0.16666666666666666,0,0.166667
K211951,/Users/winko/Library/Mobile Documents/com~apple~CloudDocs/Research/1.5-Policy/data/raw_text/K211951.txt,2439,1,0,6,0,1,6,0.16666666666666666,0,0.166667
K212067,/Users/winko/Library/Mobile Documents/com~apple~CloudDocs/Research/1.5-Policy/data/raw_text/K212067.txt,2479,1,0,6,0,1,6,0.16666666666666666,0,0.166667
K223032,/Users/winko/Library/Mobile Documents/com~apple~CloudDocs/Research/1.5-Policy/data/raw_text/K223032.txt,2445,1,0,6,0,1,6,0.16666666666666666,0,0.166667
K223442,/Users/winko/Library/Mobile Documents/com~apple~CloudDocs/Research/1.5-Policy/data/raw_text/K223442.txt,3471,2,0,12,0,2,12,0.16666666666666666,0,0.166667
K223458,/Users/winko/Library/Mobile Documents/com~apple~CloudDocs/Research/1.5-Policy/data/raw_text/K223458.txt,3564,2,0,12,0,2,12,0.16666666666666666,0,0.166667
K230252,/Users/winko/Library/Mobile Documents/com~apple~CloudDocs/Research/1.5-Policy/data/raw_text/K230252.txt,2041,1,0,6,0,1,6,0.16666666666666666,0,0.166667
K230977,/Users/winko/Library/Mobile Documents/com~apple~CloudDocs/Research/1.5-Policy/data/raw_text/K230977.txt,1833,1,0,6,0,1,6,0.16666666666666666,0,0.166667
K231143,/Users/winko/Library/Mobile Documents/com~apple~CloudDocs/Research/1.5-Policy/data/raw_text/K231143.txt,3159,1,0,6,0,1,6,0.16666666666666666,0,0.166667
K231642,/Users/winko/Library/Mobile Documents/com~apple~CloudDocs/Research/1.5-Policy/data/raw_text/K231642.txt,2276,1,0,6,0,1,6,0.16666666666666666,0,0.166667
K231683,/Users/winko/Library/Mobile Documents/com~apple~CloudDocs/Research/1.5-Policy/data/raw_text/K231683.txt,3070,1,0,6,0,1,6,0.16666666666666666,0,0.166667
K232322,/Users/winko/Library/Mobile Documents/com~apple~CloudDocs/Research/1.5-Policy/data/raw_text/K232322.txt,5657,1,0,6,0,1,6,0.16666666666666666,0,0.166667
K232479,/Users/winko/Library/Mobile Documents/com~apple~CloudDocs/Research/1.5-Policy/data/raw_text/K232479.txt,11689,1,0,6,0,1,6,0.16666666666666666,0,0.166667
K232613,/Users/winko/Library/Mobile Documents/com~apple~CloudDocs/Research/1.5-Policy/data/raw_text/K232613.txt,4203,2,0,12,0,2,12,0.16666666666666666,0,0.166667
K232928,/Users/winko/Library/Mobile Documents/com~apple~CloudDocs/Research/1.5-Policy/data/raw_text/K232928.txt,5909,1,0,6,0,1,6,0.16666666666666666,0,0.166667
K233755,/Users/winko/Library/Mobile Documents/com~apple~CloudDocs/Research/1.5-Policy/data/raw_text/K233755.txt,3428,2,0,12,0,2,12,0.16666666666666666,0,0.166667
K233964,/Users/winko/Library/Mobile Documents/com~apple~CloudDocs/Research/1.5-Policy/data/raw_text/K233964.txt,2961,1,0,6,0,1,6,0.16666666666666666,0,0.166667
K241083,/Users/winko/Library/Mobile Documents/com~apple~CloudDocs/Research/1.5-Policy/data/raw_text/K241083.txt,2150,1,0,6,0,1,6,0.16666666666666666,0,0.166667
K241593,/Users/winko/Library/Mobile Documents/com~apple~CloudDocs/Research/1.5-Policy/data/raw_text/K241593.txt,3767,1,0,6,0,1,6,0.16666666666666666,0,0.166667
K241887,/Users/winko/Library/Mobile Documents/com~apple~CloudDocs/Research/1.5-Policy/data/raw_text/K241887.txt,3583,1,0,6,0,1,6,0.16666666666666666,0,0.166667
K242054,/Users/winko/Library/Mobile Documents/com~apple~CloudDocs/Research/1.5-Policy/data/raw_text/K242054.txt,2209,1,0,6,0,1,6,0.16666666666666666,0,0.166667
K243158,/Users/winko/Library/Mobile Documents/com~apple~CloudDocs/Research/1.5-Policy/data/raw_text/K243158.txt,3763,1,0,6,0,1,6,0.16666666666666666,0,0.166667
K243667,/Users/winko/Library/Mobile Documents/com~apple~CloudDocs/Research/1.5-Policy/data/raw_text/K243667.txt,3856,1,0,6,0,1,6,0.16666666666666666,0,0.166667
K243810,/Users/winko/Library/Mobile Documents/com~apple~CloudDocs/Research/1.5-Policy/data/raw_text/K243810.txt,3099,1,0,6,0,1,6,0.16666666666666666,0,0.166667
K243863,/Users/winko/Library/Mobile Documents/com~apple~CloudDocs/Research/1.5-Policy/data/raw_text/K243863.txt,2442,1,0,6,0,1,6,0.16666666666666666,0,0.166667
K243955,/Users/winko/Library/Mobile Documents/com~apple~CloudDocs/Research/1.5-Policy/data/raw_text/K243955.txt,3277,1,0,6,0,1,6,0.16666666666666666,0,0.166667
K250023,/Users/winko/Library/Mobile Documents/com~apple~CloudDocs/Research/1.5-Policy/data/raw_text/K250023.txt,3303,2,0,12,0,2,12,0.16666666666666666,0,0.166667
K250226,/Users/winko/Library/Mobile Documents/com~apple~CloudDocs/Research/1.5-Policy/data/raw_text/K250226.txt,6087,2,0,12,0,2,12,0.16666666666666666,0,0.166667
K250440,/Users/winko/Library/Mobile Documents/com~apple~CloudDocs/Research/1.5-Policy/data/raw_text/K250440.txt,4301,1,0,6,0,1,6,0.16666666666666666,0,0.166667
K251657,/Users/winko/Library/Mobile Documents/com~apple~CloudDocs/Research/1.5-Policy/data/raw_text/K251657.txt,4089,2,0,12,0,2,12,0.16666666666666666,0,0.166667
K252204,/Users/winko/Library/Mobile Documents/com~apple~CloudDocs/Research/1.5-Policy/data/raw_text/K252204.txt,3275,2,0,12,0,2,12,0.16666666666666666,0,0.166667
K242781,/Users/winko/Library/Mobile Documents/com~apple~CloudDocs/Research/1.5-Policy/data/raw_text/K242781.txt,7190,2,0,13,0,2,13,0.15384615384615385,0,0.153846
K123526,/Users/winko/Library/Mobile Documents/com~apple~CloudDocs/Research/1.5-Policy/data/raw_text/K123526.txt,1364,1,0,7,0,1,7,0.14285714285714285,0,0.142857
K180038,/Users/winko/Library/Mobile Documents/com~apple~CloudDocs/Research/1.5-Policy/data/raw_text/K180038.txt,5616,1,0,7,0,1,7,0.14285714285714285,0,0.142857
K190017,/Users/winko/Library/Mobile Documents/com~apple~CloudDocs/Research/1.5-Policy/data/raw_text/K190017.txt,5808,2,0,14,0,2,14,0.14285714285714285,0,0.142857
K191278,/Users/winko/Library/Mobile Documents/com~apple~CloudDocs/Research/1.5-Policy/data/raw_text/K191278.txt,2064,1,0,7,0,1,7,0.14285714285714285,0,0.142857
K191550,/Users/winko/Library/Mobile Documents/com~apple~CloudDocs/Research/1.5-Policy/data/raw_text/K191550.txt,3161,1,0,7,0,1,7,0.14285714285714285,0,0.142857
K192287,/Users/winko/Library/Mobile Documents/com~apple~CloudDocs/Research/1.5-Policy/data/raw_text/K192287.txt,2361,1,0,7,0,1,7,0.14285714285714285,0,0.142857
K203256,/Users/winko/Library/Mobile Documents/com~apple~CloudDocs/Research/1.5-Policy/data/raw_text/K203256.txt,1889,1,0,7,0,1,7,0.14285714285714285,0,0.142857
K220815,/Users/winko/Library/Mobile Documents/com~apple~CloudDocs/Research/1.5-Policy/data/raw_text/K220815.txt,2063,1,0,7,0,1,7,0.14285714285714285,0,0.142857
K222036,/Users/winko/Library/Mobile Documents/com~apple~CloudDocs/Research/1.5-Policy/data/raw_text/K222036.txt,3577,1,0,7,0,1,7,0.14285714285714285,0,0.142857
K223268,/Users/winko/Library/Mobile Documents/com~apple~CloudDocs/Research/1.5-Policy/data/raw_text/K223268.txt,2347,1,0,7,0,1,7,0.14285714285714285,0,0.142857
K230209,/Users/winko/Library/Mobile Documents/com~apple~CloudDocs/Research/1.5-Policy/data/raw_text/K230209.txt,3328,1,0,7,0,1,7,0.14285714285714285,0,0.142857
K231149,/Users/winko/Library/Mobile Documents/com~apple~CloudDocs/Research/1.5-Policy/data/raw_text/K231149.txt,2715,1,0,7,0,1,7,0.14285714285714285,0,0.142857
K232923,/Users/winko/Library/Mobile Documents/com~apple~CloudDocs/Research/1.5-Policy/data/raw_text/K232923.txt,2802,1,0,7,0,1,7,0.14285714285714285,0,0.142857
K240645,/Users/winko/Library/Mobile Documents/com~apple~CloudDocs/Research/1.5-Policy/data/raw_text/K240645.txt,3128,1,0,7,0,1,7,0.14285714285714285,0,0.142857
K241211,/Users/winko/Library/Mobile Documents/com~apple~CloudDocs/Research/1.5-Policy/data/raw_text/K241211.txt,3469,1,0,7,0,1,7,0.14285714285714285,0,0.142857
K242838,/Users/winko/Library/Mobile Documents/com~apple~CloudDocs/Research/1.5-Policy/data/raw_text/K242838.txt,3642,2,0,14,0,2,14,0.14285714285714285,0,0.142857
K251027,/Users/winko/Library/Mobile Documents/com~apple~CloudDocs/Research/1.5-Policy/data/raw_text/K251027.txt,4361,1,0,7,0,1,7,0.14285714285714285,0,0.142857
K232045,/Users/winko/Library/Mobile Documents/com~apple~CloudDocs/Research/1.5-Policy/data/raw_text/K232045.txt,6824,2,0,15,0,2,15,0.13333333333333333,0,0.133333
K250290,/Users/winko/Library/Mobile Documents/com~apple~CloudDocs/Research/1.5-Policy/data/raw_text/K250290.txt,4070,2,0,15,0,2,15,0.13333333333333333,0,0.133333
K153427,/Users/winko/Library/Mobile Documents/com~apple~CloudDocs/Research/1.5-Policy/data/raw_text/K153427.txt,2546,1,0,8,0,1,8,0.125,0,0.125000
K163622,/Users/winko/Library/Mobile Documents/com~apple~CloudDocs/Research/1.5-Policy/data/raw_text/K163622.txt,2008,1,0,8,0,1,8,0.125,0,0.125000
K191493,/Users/winko/Library/Mobile Documents/com~apple~CloudDocs/Research/1.5-Policy/data/raw_text/K191493.txt,2431,1,0,8,0,1,8,0.125,0,0.125000
K193562,/Users/winko/Library/Mobile Documents/com~apple~CloudDocs/Research/1.5-Policy/data/raw_text/K193562.txt,4306,1,0,8,0,1,8,0.125,0,0.125000
K202414,/Users/winko/Library/Mobile Documents/com~apple~CloudDocs/Research/1.5-Policy/data/raw_text/K202414.txt,1992,1,0,8,0,1,8,0.125,0,0.125000
K211841,/Users/winko/Library/Mobile Documents/com~apple~CloudDocs/Research/1.5-Policy/data/raw_text/K211841.txt,2913,1,0,8,0,1,8,0.125,0,0.125000
K213713,/Users/winko/Library/Mobile Documents/com~apple~CloudDocs/Research/1.5-Policy/data/raw_text/K213713.txt,3304,1,0,8,0,1,8,0.125,0,0.125000
K220590,/Users/winko/Library/Mobile Documents/com~apple~CloudDocs/Research/1.5-Policy/data/raw_text/K220590.txt,3188,1,0,8,0,1,8,0.125,0,0.125000
K232412,/Users/winko/Library/Mobile Documents/com~apple~CloudDocs/Research/1.5-Policy/data/raw_text/K232412.txt,3159,1,0,8,0,1,8,0.125,0,0.125000
K232899,/Users/winko/Library/Mobile Documents/com~apple~CloudDocs/Research/1.5-Policy/data/raw_text/K232899.txt,6578,2,0,16,0,2,16,0.125,0,0.125000
K241108,/Users/winko/Library/Mobile Documents/com~apple~CloudDocs/Research/1.5-Policy/data/raw_text/K241108.txt,4523,1,0,8,0,1,8,0.125,0,0.125000
K250096,/Users/winko/Library/Mobile Documents/com~apple~CloudDocs/Research/1.5-Policy/data/raw_text/K250096.txt,10278,1,0,8,0,1,8,0.125,0,0.125000
K251481,/Users/winko/Library/Mobile Documents/com~apple~CloudDocs/Research/1.5-Policy/data/raw_text/K251481.txt,3483,1,0,8,0,1,8,0.125,0,0.125000
K251527,/Users/winko/Library/Mobile Documents/com~apple~CloudDocs/Research/1.5-Policy/data/raw_text/K251527.txt,2592,1,0,8,0,1,8,0.125,0,0.125000
K253489,/Users/winko/Library/Mobile Documents/com~apple~CloudDocs/Research/1.5-Policy/data/raw_text/K253489.txt,3568,1,0,8,0,1,8,0.125,0,0.125000
K223830,/Users/winko/Library/Mobile Documents/com~apple~CloudDocs/Research/1.5-Policy/data/raw_text/K223830.txt,4454,2,0,17,0,2,17,0.11764705882352941,0,0.117647
K242447,/Users/winko/Library/Mobile Documents/com~apple~CloudDocs/Research/1.5-Policy/data/raw_text/K242447.txt,4130,2,0,17,0,2,17,0.11764705882352941,0,0.117647
K181771,/Users/winko/Library/Mobile Documents/com~apple~CloudDocs/Research/1.5-Policy/data/raw_text/K181771.txt,1905,1,0,9,0,1,9,0.1111111111111111,0,0.111111
K190334,/Users/winko/Library/Mobile Documents/com~apple~CloudDocs/Research/1.5-Policy/data/raw_text/K190334.txt,2420,1,0,9,0,1,9,0.1111111111111111,0,0.111111
K192956,/Users/winko/Library/Mobile Documents/com~apple~CloudDocs/Research/1.5-Policy/data/raw_text/K192956.txt,3143,1,0,9,0,1,9,0.1111111111111111,0,0.111111
K193283,/Users/winko/Library/Mobile Documents/com~apple~CloudDocs/Research/1.5-Policy/data/raw_text/K193283.txt,2962,1,0,9,0,1,9,0.1111111111111111,0,0.111111
K201411,/Users/winko/Library/Mobile Documents/com~apple~CloudDocs/Research/1.5-Policy/data/raw_text/K201411.txt,1888,1,0,9,0,1,9,0.1111111111111111,0,0.111111
K202013,/Users/winko/Library/Mobile Documents/com~apple~CloudDocs/Research/1.5-Policy/data/raw_text/K202013.txt,2270,1,0,9,0,1,9,0.1111111111111111,0,0.111111
K203582,/Users/winko/Library/Mobile Documents/com~apple~CloudDocs/Research/1.5-Policy/data/raw_text/K203582.txt,3519,1,0,9,0,1,9,0.1111111111111111,0,0.111111
K220940,/Users/winko/Library/Mobile Documents/com~apple~CloudDocs/Research/1.5-Policy/data/raw_text/K220940.txt,2333,1,0,9,0,1,9,0.1111111111111111,0,0.111111
K221179,/Users/winko/Library/Mobile Documents/com~apple~CloudDocs/Research/1.5-Policy/data/raw_text/K221179.txt,3726,1,0,9,0,1,9,0.1111111111111111,0,0.111111
K222360,/Users/winko/Library/Mobile Documents/com~apple~CloudDocs/Research/1.5-Policy/data/raw_text/K222360.txt,3729,1,0,9,0,1,9,0.1111111111111111,0,0.111111
K222458,/Users/winko/Library/Mobile Documents/com~apple~CloudDocs/Research/1.5-Policy/data/raw_text/K222458.txt,2816,1,0,9,0,1,9,0.1111111111111111,0,0.111111
K223325,/Users/winko/Library/Mobile Documents/com~apple~CloudDocs/Research/1.5-Policy/data/raw_text/K223325.txt,2739,1,0,9,0,1,9,0.1111111111111111,0,0.111111
K223622,/Users/winko/Library/Mobile Documents/com~apple~CloudDocs/Research/1.5-Policy/data/raw_text/K223622.txt,3786,1,0,9,0,1,9,0.1111111111111111,0,0.111111
K240554,/Users/winko/Library/Mobile Documents/com~apple~CloudDocs/Research/1.5-Policy/data/raw_text/K240554.txt,3277,1,0,9,0,1,9,0.1111111111111111,0,0.111111
K241222,/Users/winko/Library/Mobile Documents/com~apple~CloudDocs/Research/1.5-Policy/data/raw_text/K241222.txt,3815,1,0,9,0,1,9,0.1111111111111111,0,0.111111
K242607,/Users/winko/Library/Mobile Documents/com~apple~CloudDocs/Research/1.5-Policy/data/raw_text/K242607.txt,3408,1,0,9,0,1,9,0.1111111111111111,0,0.111111
K243762,/Users/winko/Library/Mobile Documents/com~apple~CloudDocs/Research/1.5-Policy/data/raw_text/K243762.txt,4098,1,0,9,0,1,9,0.1111111111111111,0,0.111111
K250738,/Users/winko/Library/Mobile Documents/com~apple~CloudDocs/Research/1.5-Policy/data/raw_text/K250738.txt,3984,1,0,9,0,1,9,0.1111111111111111,0,0.111111
K253141,/Users/winko/Library/Mobile Documents/com~apple~CloudDocs/Research/1.5-Policy/data/raw_text/K253141.txt,3198,1,0,9,0,1,9,0.1111111111111111,0,0.111111
K192763,/Users/winko/Library/Mobile Documents/com~apple~CloudDocs/Research/1.5-Policy/data/raw_text/K192763.txt,2648,1,0,10,0,1,10,0.1,0,0.100000
K233196,/Users/winko/Library/Mobile Documents/com~apple~CloudDocs/Research/1.5-Policy/data/raw_text/K233196.txt,3819,1,0,10,0,1,10,0.1,0,0.100000
K233568,/Users/winko/Library/Mobile Documents/com~apple~CloudDocs/Research/1.5-Policy/data/raw_text/K233568.txt,2748,1,0,10,0,1,10,0.1,0,0.100000
K233955,/Users/winko/Library/Mobile Documents/com~apple~CloudDocs/Research/1.5-Policy/data/raw_text/K233955.txt,5276,1,0,10,0,1,10,0.1,0,0.100000
K242461,/Users/winko/Library/Mobile Documents/com~apple~CloudDocs/Research/1.5-Policy/data/raw_text/K242461.txt,3386,1,0,10,0,1,10,0.1,0,0.100000
K253269,/Users/winko/Library/Mobile Documents/com~apple~CloudDocs/Research/1.5-Policy/data/raw_text/K253269.txt,5208,1,0,10,0,1,10,0.1,0,0.100000
K221147,/Users/winko/Library/Mobile Documents/com~apple~CloudDocs/Research/1.5-Policy/data/raw_text/K221147.txt,3024,1,0,11,0,1,11,0.09090909090909091,0,0.090909
K221148,/Users/winko/Library/Mobile Documents/com~apple~CloudDocs/Research/1.5-Policy/data/raw_text/K221148.txt,2898,1,0,11,0,1,11,0.09090909090909091,0,0.090909
K230096,/Users/winko/Library/Mobile Documents/com~apple~CloudDocs/Research/1.5-Policy/data/raw_text/K230096.txt,3210,1,0,11,0,1,11,0.09090909090909091,0,0.090909
K231757,/Users/winko/Library/Mobile Documents/com~apple~CloudDocs/Research/1.5-Policy/data/raw_text/K231757.txt,2404,1,0,11,0,1,11,0.09090909090909091,0,0.090909
K241659,/Users/winko/Library/Mobile Documents/com~apple~CloudDocs/Research/1.5-Policy/data/raw_text/K241659.txt,7189,1,0,11,0,1,11,0.09090909090909091,0,0.090909
K242362,/Users/winko/Library/Mobile Documents/com~apple~CloudDocs/Research/1.5-Policy/data/raw_text/K242362.txt,3606,1,0,11,0,1,11,0.09090909090909091,0,0.090909
K243933,/Users/winko/Library/Mobile Documents/com~apple~CloudDocs/Research/1.5-Policy/data/raw_text/K243933.txt,2942,1,0,11,0,1,11,0.09090909090909091,0,0.090909
K220882,/Users/winko/Library/Mobile Documents/com~apple~CloudDocs/Research/1.5-Policy/data/raw_text/K220882.txt,2468,1,0,12,0,1,12,0.08333333333333333,0,0.083333
K231917,/Users/winko/Library/Mobile Documents/com~apple~CloudDocs/Research/1.5-Policy/data/raw_text/K231917.txt,3086,1,0,12,0,1,12,0.08333333333333333,0,0.083333
K243633,/Users/winko/Library/Mobile Documents/com~apple~CloudDocs/Research/1.5-Policy/data/raw_text/K243633.txt,7628,1,0,12,0,1,12,0.08333333333333333,0,0.083333
K220619,/Users/winko/Library/Mobile Documents/com~apple~CloudDocs/Research/1.5-Policy/data/raw_text/K220619.txt,2740,1,0,13,0,1,13,0.07692307692307693,0,0.076923
K221305,/Users/winko/Library/Mobile Documents/com~apple~CloudDocs/Research/1.5-Policy/data/raw_text/K221305.txt,4925,1,0,13,0,1,13,0.07692307692307693,0,0.076923
K222406,/Users/winko/Library/Mobile Documents/com~apple~CloudDocs/Research/1.5-Policy/data/raw_text/K222406.txt,4484,1,0,13,0,1,13,0.07692307692307693,0,0.076923
K251322,/Users/winko/Library/Mobile Documents/com~apple~CloudDocs/Research/1.5-Policy/data/raw_text/K251322.txt,3941,1,0,15,0,1,15,0.06666666666666667,0,0.066667
K240980,/Users/winko/Library/Mobile Documents/com~apple~CloudDocs/Research/1.5-Policy/data/raw_text/K240980.txt,6320,1,0,16,0,1,16,0.0625,0,0.062500
K240926,/Users/winko/Library/Mobile Documents/com~apple~CloudDocs/Research/1.5-Policy/data/raw_text/K240926.txt,4211,1,0,17,0,1,17,0.058823529411764705,0,0.058824
K251747,/Users/winko/Library/Mobile Documents/com~apple~CloudDocs/Research/1.5-Policy/data/raw_text/K251747.txt,4864,1,0,17,0,1,17,0.058823529411764705,0,0.058824
K223501,/Users/winko/Library/Mobile Documents/com~apple~CloudDocs/Research/1.5-Policy/data/raw_text/K223501.txt,3928,1,0,19,0,1,19,0.05263157894736842,0,0.052632
K243042,/Users/winko/Library/Mobile Documents/com~apple~CloudDocs/Research/1.5-Policy/data/raw_text/K243042.txt,5474,1,0,19,0,1,19,0.05263157894736842,0,0.052632
K250042,/Users/winko/Library/Mobile Documents/com~apple~CloudDocs/Research/1.5-Policy/data/raw_text/K250042.txt,4269,1,0,23,0,1,23,0.043478260869565216,0,0.043478
K251096,/Users/winko/Library/Mobile Documents/com~apple~CloudDocs/Research/1.5-Policy/data/raw_text/K251096.txt,4032,1,0,23,0,1,23,0.043478260869565216,0,0.043478
K252452,/Users/winko/Library/Mobile Documents/com~apple~CloudDocs/Research/1.5-Policy/data/raw_text/K252452.txt,4405,1,0,23,0,1,23,0.043478260869565216,0,0.043478
K252856,/Users/winko/Library/Mobile Documents/com~apple~CloudDocs/Research/1.5-Policy/data/raw_text/K252856.txt,4809,1,0,23,0,1,23,0.043478260869565216,0,0.043478
K080762,/Users/winko/Library/Mobile Documents/com~apple~CloudDocs/Research/1.5-Policy/data/raw_text/K080762.txt,1456,0,0,5,0,0,5,0.0,0,0.000000
K081140,/Users/winko/Library/Mobile Documents/com~apple~CloudDocs/Research/1.5-Policy/data/raw_text/K081140.txt,1734,0,0,4,0,0,4,0.0,0,0.000000
K082483,/Users/winko/Library/Mobile Documents/com~apple~CloudDocs/Research/1.5-Policy/data/raw_text/K082483.txt,1317,0,0,6,0,0,6,0.0,0,0.000000
K120161,/Users/winko/Library/Mobile Documents/com~apple~CloudDocs/Research/1.5-Policy/data/raw_text/K120161.txt,1331,0,0,4,0,0,4,0.0,0,0.000000
K120771,/Users/winko/Library/Mobile Documents/com~apple~CloudDocs/Research/1.5-Policy/data/raw_text/K120771.txt,7920,0,0,6,0,0,6,0.0,0,0.000000
K133259,/Users/winko/Library/Mobile Documents/com~apple~CloudDocs/Research/1.5-Policy/data/raw_text/K133259.txt,2104,0,0,8,0,0,8,0.0,0,0.000000
K133649,/Users/winko/Library/Mobile Documents/com~apple~CloudDocs/Research/1.5-Policy/data/raw_text/K133649.txt,1587,0,0,3,0,0,3,0.0,0,0.000000
K141069,/Users/winko/Library/Mobile Documents/com~apple~CloudDocs/Research/1.5-Policy/data/raw_text/K141069.txt,1944,0,0,5,0,0,5,0.0,0,0.000000
K141480,/Users/winko/Library/Mobile Documents/com~apple~CloudDocs/Research/1.5-Policy/data/raw_text/K141480.txt,2145,0,0,8,0,0,8,0.0,0,0.000000
K141922,/Users/winko/Library/Mobile Documents/com~apple~CloudDocs/Research/1.5-Policy/data/raw_text/K141922.txt,2074,0,0,5,0,0,5,0.0,0,0.000000
K142512,/Users/winko/Library/Mobile Documents/com~apple~CloudDocs/Research/1.5-Policy/data/raw_text/K142512.txt,2426,0,0,9,0,0,9,0.0,0,0.000000
K142918,/Users/winko/Library/Mobile Documents/com~apple~CloudDocs/Research/1.5-Policy/data/raw_text/K142918.txt,1978,0,0,3,0,0,3,0.0,0,0.000000
K143643,/Users/winko/Library/Mobile Documents/com~apple~CloudDocs/Research/1.5-Policy/data/raw_text/K143643.txt,3826,0,0,8,0,0,8,0.0,0,0.000000
K150102,/Users/winko/Library/Mobile Documents/com~apple~CloudDocs/Research/1.5-Policy/data/raw_text/K150102.txt,896,0,0,4,0,0,4,0.0,0,0.000000
K160016,/Users/winko/Library/Mobile Documents/com~apple~CloudDocs/Research/1.5-Policy/data/raw_text/K160016.txt,2217,0,0,9,0,0,9,0.0,0,0.000000
K160338,/Users/winko/Library/Mobile Documents/com~apple~CloudDocs/Research/1.5-Policy/data/raw_text/K160338.txt,2177,0,0,5,0,0,5,0.0,0,0.000000
K160401,/Users/winko/Library/Mobile Documents/com~apple~CloudDocs/Research/1.5-Policy/data/raw_text/K160401.txt,1658,0,0,10,0,0,10,0.0,0,0.000000
K161625,/Users/winko/Library/Mobile Documents/com~apple~CloudDocs/Research/1.5-Policy/data/raw_text/K161625.txt,1788,0,0,5,0,0,5,0.0,0,0.000000
K161834,/Users/winko/Library/Mobile Documents/com~apple~CloudDocs/Research/1.5-Policy/data/raw_text/K161834.txt,2154,0,0,5,0,0,5,0.0,0,0.000000
K162830,/Users/winko/Library/Mobile Documents/com~apple~CloudDocs/Research/1.5-Policy/data/raw_text/K162830.txt,2213,0,0,3,0,0,3,0.0,0,0.000000
K162855,/Users/winko/Library/Mobile Documents/com~apple~CloudDocs/Research/1.5-Policy/data/raw_text/K162855.txt,1987,0,0,7,0,0,7,0.0,0,0.000000
K163013,/Users/winko/Library/Mobile Documents/com~apple~CloudDocs/Research/1.5-Policy/data/raw_text/K163013.txt,2132,0,0,6,0,0,6,0.0,0,0.000000
K163138,/Users/winko/Library/Mobile Documents/com~apple~CloudDocs/Research/1.5-Policy/data/raw_text/K163138.txt,2693,0,0,5,0,0,5,0.0,0,0.000000
K163253,/Users/winko/Library/Mobile Documents/com~apple~CloudDocs/Research/1.5-Policy/data/raw_text/K163253.txt,2142,0,0,6,0,0,6,0.0,0,0.000000
K163339,/Users/winko/Library/Mobile Documents/com~apple~CloudDocs/Research/1.5-Policy/data/raw_text/K163339.txt,2405,0,0,10,0,0,10,0.0,0,0.000000
K163665,/Users/winko/Library/Mobile Documents/com~apple~CloudDocs/Research/1.5-Policy/data/raw_text/K163665.txt,3386,0,0,6,0,0,6,0.0,0,0.000000
K163694,/Users/winko/Library/Mobile Documents/com~apple~CloudDocs/Research/1.5-Policy/data/raw_text/K163694.txt,2155,0,0,8,0,0,8,0.0,0,0.000000
K170069,/Users/winko/Library/Mobile Documents/com~apple~CloudDocs/Research/1.5-Policy/data/raw_text/K170069.txt,3232,0,0,5,0,0,5,0.0,0,0.000000
K170172,/Users/winko/Library/Mobile Documents/com~apple~CloudDocs/Research/1.5-Policy/data/raw_text/K170172.txt,1673,0,0,4,0,0,4,0.0,0,0.000000
K170568,/Users/winko/Library/Mobile Documents/com~apple~CloudDocs/Research/1.5-Policy/data/raw_text/K170568.txt,3214,0,0,9,0,0,9,0.0,0,0.000000
K170747,/Users/winko/Library/Mobile Documents/com~apple~CloudDocs/Research/1.5-Policy/data/raw_text/K170747.txt,3413,0,0,8,0,0,8,0.0,0,0.000000
K171056,/Users/winko/Library/Mobile Documents/com~apple~CloudDocs/Research/1.5-Policy/data/raw_text/K171056.txt,3137,0,0,7,0,0,7,0.0,0,0.000000
K171936,/Users/winko/Library/Mobile Documents/com~apple~CloudDocs/Research/1.5-Policy/data/raw_text/K171936.txt,1985,0,0,5,0,0,5,0.0,0,0.000000
K172122,/Users/winko/Library/Mobile Documents/com~apple~CloudDocs/Research/1.5-Policy/data/raw_text/K172122.txt,1930,0,0,4,0,0,4,0.0,0,0.000000
K172385,/Users/winko/Library/Mobile Documents/com~apple~CloudDocs/Research/1.5-Policy/data/raw_text/K172385.txt,4143,0,0,6,0,0,6,0.0,0,0.000000
K172507,/Users/winko/Library/Mobile Documents/com~apple~CloudDocs/Research/1.5-Policy/data/raw_text/K172507.txt,1687,0,0,4,0,0,4,0.0,0,0.000000
K172803,/Users/winko/Library/Mobile Documents/com~apple~CloudDocs/Research/1.5-Policy/data/raw_text/K172803.txt,4959,0,0,4,0,0,4,0.0,0,0.000000
K172959,/Users/winko/Library/Mobile Documents/com~apple~CloudDocs/Research/1.5-Policy/data/raw_text/K172959.txt,2567,0,0,9,0,0,9,0.0,0,0.000000
K173420,/Users/winko/Library/Mobile Documents/com~apple~CloudDocs/Research/1.5-Policy/data/raw_text/K173420.txt,2654,0,0,5,0,0,5,0.0,0,0.000000
K173444,/Users/winko/Library/Mobile Documents/com~apple~CloudDocs/Research/1.5-Policy/data/raw_text/K173444.txt,2600,0,0,4,0,0,4,0.0,0,0.000000
K173542,/Users/winko/Library/Mobile Documents/com~apple~CloudDocs/Research/1.5-Policy/data/raw_text/K173542.txt,1895,0,0,6,0,0,6,0.0,0,0.000000
K173574,/Users/winko/Library/Mobile Documents/com~apple~CloudDocs/Research/1.5-Policy/data/raw_text/K173574.txt,2491,0,0,7,0,0,7,0.0,0,0.000000
K173588,/Users/winko/Library/Mobile Documents/com~apple~CloudDocs/Research/1.5-Policy/data/raw_text/K173588.txt,3266,0,0,15,0,0,15,0.0,0,0.000000
K173605,/Users/winko/Library/Mobile Documents/com~apple~CloudDocs/Research/1.5-Policy/data/raw_text/K173605.txt,1468,0,0,5,0,0,5,0.0,0,0.000000
K173749,/Users/winko/Library/Mobile Documents/com~apple~CloudDocs/Research/1.5-Policy/data/raw_text/K173749.txt,1027,0,0,4,0,0,4,0.0,0,0.000000
K173780,/Users/winko/Library/Mobile Documents/com~apple~CloudDocs/Research/1.5-Policy/data/raw_text/K173780.txt,2255,0,0,4,0,0,4,0.0,0,0.000000
K173821,/Users/winko/Library/Mobile Documents/com~apple~CloudDocs/Research/1.5-Policy/data/raw_text/K173821.txt,2272,0,0,7,0,0,7,0.0,0,0.000000
K173939,/Users/winko/Library/Mobile Documents/com~apple~CloudDocs/Research/1.5-Policy/data/raw_text/K173939.txt,2114,0,0,7,0,0,7,0.0,0,0.000000
K180091,/Users/winko/Library/Mobile Documents/com~apple~CloudDocs/Research/1.5-Policy/data/raw_text/K180091.txt,1490,0,0,4,0,0,4,0.0,0,0.000000
K180126,/Users/winko/Library/Mobile Documents/com~apple~CloudDocs/Research/1.5-Policy/data/raw_text/K180126.txt,1868,0,0,4,0,0,4,0.0,0,0.000000
K180161,/Users/winko/Library/Mobile Documents/com~apple~CloudDocs/Research/1.5-Policy/data/raw_text/K180161.txt,2439,0,0,5,0,0,5,0.0,0,0.000000
K180163,/Users/winko/Library/Mobile Documents/com~apple~CloudDocs/Research/1.5-Policy/data/raw_text/K180163.txt,3764,0,0,7,0,0,7,0.0,0,0.000000
K180432,/Users/winko/Library/Mobile Documents/com~apple~CloudDocs/Research/1.5-Policy/data/raw_text/K180432.txt,3384,0,0,5,0,0,5,0.0,0,0.000000
K180589,/Users/winko/Library/Mobile Documents/com~apple~CloudDocs/Research/1.5-Policy/data/raw_text/K180589.txt,3546,0,0,6,0,0,6,0.0,0,0.000000
K180599,/Users/winko/Library/Mobile Documents/com~apple~CloudDocs/Research/1.5-Policy/data/raw_text/K180599.txt,4871,0,0,4,0,0,4,0.0,0,0.000000
K180799,/Users/winko/Library/Mobile Documents/com~apple~CloudDocs/Research/1.5-Policy/data/raw_text/K180799.txt,4051,0,0,5,0,0,5,0.0,0,0.000000
K180867,/Users/winko/Library/Mobile Documents/com~apple~CloudDocs/Research/1.5-Policy/data/raw_text/K180867.txt,2801,0,0,5,0,0,5,0.0,0,0.000000
K181247,/Users/winko/Library/Mobile Documents/com~apple~CloudDocs/Research/1.5-Policy/data/raw_text/K181247.txt,3831,0,0,9,0,0,9,0.0,0,0.000000
K181502,/Users/winko/Library/Mobile Documents/com~apple~CloudDocs/Research/1.5-Policy/data/raw_text/K181502.txt,2231,0,0,9,0,0,9,0.0,0,0.000000
K181572,/Users/winko/Library/Mobile Documents/com~apple~CloudDocs/Research/1.5-Policy/data/raw_text/K181572.txt,3090,0,0,10,0,0,10,0.0,0,0.000000
K181685,/Users/winko/Library/Mobile Documents/com~apple~CloudDocs/Research/1.5-Policy/data/raw_text/K181685.txt,3979,0,0,6,0,0,6,0.0,0,0.000000
K181823,/Users/winko/Library/Mobile Documents/com~apple~CloudDocs/Research/1.5-Policy/data/raw_text/K181823.txt,2464,0,0,5,0,0,5,0.0,0,0.000000
K181861,/Users/winko/Library/Mobile Documents/com~apple~CloudDocs/Research/1.5-Policy/data/raw_text/K181861.txt,2525,0,0,5,0,0,5,0.0,0,0.000000
K181892,/Users/winko/Library/Mobile Documents/com~apple~CloudDocs/Research/1.5-Policy/data/raw_text/K181892.txt,1888,0,0,4,0,0,4,0.0,0,0.000000
K182034,/Users/winko/Library/Mobile Documents/com~apple~CloudDocs/Research/1.5-Policy/data/raw_text/K182034.txt,2129,0,0,5,0,0,5,0.0,0,0.000000
K182035,/Users/winko/Library/Mobile Documents/com~apple~CloudDocs/Research/1.5-Policy/data/raw_text/K182035.txt,1652,0,0,6,0,0,6,0.0,0,0.000000
K182112,/Users/winko/Library/Mobile Documents/com~apple~CloudDocs/Research/1.5-Policy/data/raw_text/K182112.txt,3309,0,0,5,0,0,5,0.0,0,0.000000
K182130,/Users/winko/Library/Mobile Documents/com~apple~CloudDocs/Research/1.5-Policy/data/raw_text/K182130.txt,4144,0,0,4,0,0,4,0.0,0,0.000000
K182181,/Users/winko/Library/Mobile Documents/com~apple~CloudDocs/Research/1.5-Policy/data/raw_text/K182181.txt,1422,0,0,4,0,0,4,0.0,0,0.000000
K182310,/Users/winko/Library/Mobile Documents/com~apple~CloudDocs/Research/1.5-Policy/data/raw_text/K182310.txt,2510,0,0,9,0,0,9,0.0,0,0.000000
K182336,/Users/winko/Library/Mobile Documents/com~apple~CloudDocs/Research/1.5-Policy/data/raw_text/K182336.txt,1667,0,0,8,0,0,8,0.0,0,0.000000
K182419,/Users/winko/Library/Mobile Documents/com~apple~CloudDocs/Research/1.5-Policy/data/raw_text/K182419.txt,4052,0,0,6,0,0,6,0.0,0,0.000000
K182456,/Users/winko/Library/Mobile Documents/com~apple~CloudDocs/Research/1.5-Policy/data/raw_text/K182456.txt,2679,0,0,6,0,0,6,0.0,0,0.000000
K182513,/Users/winko/Library/Mobile Documents/com~apple~CloudDocs/Research/1.5-Policy/data/raw_text/K182513.txt,1455,0,0,4,0,0,4,0.0,0,0.000000
K182564,/Users/winko/Library/Mobile Documents/com~apple~CloudDocs/Research/1.5-Policy/data/raw_text/K182564.txt,2679,0,0,7,0,0,7,0.0,0,0.000000
K182616,/Users/winko/Library/Mobile Documents/com~apple~CloudDocs/Research/1.5-Policy/data/raw_text/K182616.txt,2560,0,0,6,0,0,6,0.0,0,0.000000
K182790,/Users/winko/Library/Mobile Documents/com~apple~CloudDocs/Research/1.5-Policy/data/raw_text/K182790.txt,2711,0,0,5,0,0,5,0.0,0,0.000000
K183012,/Users/winko/Library/Mobile Documents/com~apple~CloudDocs/Research/1.5-Policy/data/raw_text/K183012.txt,2467,0,0,5,0,0,5,0.0,0,0.000000
K183204,/Users/winko/Library/Mobile Documents/com~apple~CloudDocs/Research/1.5-Policy/data/raw_text/K183204.txt,2238,0,0,6,0,0,6,0.0,0,0.000000
K183231,/Users/winko/Library/Mobile Documents/com~apple~CloudDocs/Research/1.5-Policy/data/raw_text/K183231.txt,1874,0,0,6,0,0,6,0.0,0,0.000000
K183268,/Users/winko/Library/Mobile Documents/com~apple~CloudDocs/Research/1.5-Policy/data/raw_text/K183268.txt,3348,0,0,13,0,0,13,0.0,0,0.000000
K183271,/Users/winko/Library/Mobile Documents/com~apple~CloudDocs/Research/1.5-Policy/data/raw_text/K183271.txt,3475,0,0,11,0,0,11,0.0,0,0.000000
K183272,/Users/winko/Library/Mobile Documents/com~apple~CloudDocs/Research/1.5-Policy/data/raw_text/K183272.txt,2878,0,0,8,0,0,8,0.0,0,0.000000
K183274,/Users/winko/Library/Mobile Documents/com~apple~CloudDocs/Research/1.5-Policy/data/raw_text/K183274.txt,3931,0,0,7,0,0,7,0.0,0,0.000000
K183282,/Users/winko/Library/Mobile Documents/com~apple~CloudDocs/Research/1.5-Policy/data/raw_text/K183282.txt,3283,0,0,8,0,0,8,0.0,0,0.000000
K183322,/Users/winko/Library/Mobile Documents/com~apple~CloudDocs/Research/1.5-Policy/data/raw_text/K183322.txt,2886,0,0,8,0,0,8,0.0,0,0.000000
K183370,/Users/winko/Library/Mobile Documents/com~apple~CloudDocs/Research/1.5-Policy/data/raw_text/K183370.txt,3986,0,0,8,0,0,8,0.0,0,0.000000
K183460,/Users/winko/Library/Mobile Documents/com~apple~CloudDocs/Research/1.5-Policy/data/raw_text/K183460.txt,1900,0,0,5,0,0,5,0.0,0,0.000000
K183593,/Users/winko/Library/Mobile Documents/com~apple~CloudDocs/Research/1.5-Policy/data/raw_text/K183593.txt,21,0,0,0,0,0,0,0.0,0,0.000000
K183646,/Users/winko/Library/Mobile Documents/com~apple~CloudDocs/Research/1.5-Policy/data/raw_text/K183646.txt,1455,0,0,6,0,0,6,0.0,0,0.000000
K183648,/Users/winko/Library/Mobile Documents/com~apple~CloudDocs/Research/1.5-Policy/data/raw_text/K183648.txt,4524,0,0,6,0,0,6,0.0,0,0.000000
K183704,/Users/winko/Library/Mobile Documents/com~apple~CloudDocs/Research/1.5-Policy/data/raw_text/K183704.txt,2530,0,0,7,0,0,7,0.0,0,0.000000
K190013,/Users/winko/Library/Mobile Documents/com~apple~CloudDocs/Research/1.5-Policy/data/raw_text/K190013.txt,4157,0,0,8,0,0,8,0.0,0,0.000000
K190387,/Users/winko/Library/Mobile Documents/com~apple~CloudDocs/Research/1.5-Policy/data/raw_text/K190387.txt,1770,0,0,4,0,0,4,0.0,0,0.000000
K190529,/Users/winko/Library/Mobile Documents/com~apple~CloudDocs/Research/1.5-Policy/data/raw_text/K190529.txt,2086,0,0,4,0,0,4,0.0,0,0.000000
K190764,/Users/winko/Library/Mobile Documents/com~apple~CloudDocs/Research/1.5-Policy/data/raw_text/K190764.txt,2785,0,0,6,0,0,6,0.0,0,0.000000
K190868,/Users/winko/Library/Mobile Documents/com~apple~CloudDocs/Research/1.5-Policy/data/raw_text/K190868.txt,2527,0,0,5,0,0,5,0.0,0,0.000000
K190925,/Users/winko/Library/Mobile Documents/com~apple~CloudDocs/Research/1.5-Policy/data/raw_text/K190925.txt,1850,0,0,6,0,0,6,0.0,0,0.000000
K191026,/Users/winko/Library/Mobile Documents/com~apple~CloudDocs/Research/1.5-Policy/data/raw_text/K191026.txt,2200,0,0,5,0,0,5,0.0,0,0.000000
K191083,/Users/winko/Library/Mobile Documents/com~apple~CloudDocs/Research/1.5-Policy/data/raw_text/K191083.txt,3504,0,0,6,0,0,6,0.0,0,0.000000
K191179,/Users/winko/Library/Mobile Documents/com~apple~CloudDocs/Research/1.5-Policy/data/raw_text/K191179.txt,2132,0,0,5,0,0,5,0.0,0,0.000000
K191183,/Users/winko/Library/Mobile Documents/com~apple~CloudDocs/Research/1.5-Policy/data/raw_text/K191183.txt,2181,0,0,6,0,0,6,0.0,0,0.000000
K191194,/Users/winko/Library/Mobile Documents/com~apple~CloudDocs/Research/1.5-Policy/data/raw_text/K191194.txt,5325,0,0,13,0,0,13,0.0,0,0.000000
K191384,/Users/winko/Library/Mobile Documents/com~apple~CloudDocs/Research/1.5-Policy/data/raw_text/K191384.txt,1646,0,0,6,0,0,6,0.0,0,0.000000
K191585,/Users/winko/Library/Mobile Documents/com~apple~CloudDocs/Research/1.5-Policy/data/raw_text/K191585.txt,3562,0,0,5,0,0,5,0.0,0,0.000000
K191647,/Users/winko/Library/Mobile Documents/com~apple~CloudDocs/Research/1.5-Policy/data/raw_text/K191647.txt,2610,0,0,5,0,0,5,0.0,0,0.000000
K191688,/Users/winko/Library/Mobile Documents/com~apple~CloudDocs/Research/1.5-Policy/data/raw_text/K191688.txt,1971,0,0,9,0,0,9,0.0,0,0.000000
K191713,/Users/winko/Library/Mobile Documents/com~apple~CloudDocs/Research/1.5-Policy/data/raw_text/K191713.txt,5654,0,0,12,0,0,12,0.0,0,0.000000
K192065,/Users/winko/Library/Mobile Documents/com~apple~CloudDocs/Research/1.5-Policy/data/raw_text/K192065.txt,3096,0,0,8,0,0,8,0.0,0,0.000000
K192107,/Users/winko/Library/Mobile Documents/com~apple~CloudDocs/Research/1.5-Policy/data/raw_text/K192107.txt,5524,0,0,7,0,0,7,0.0,0,0.000000
K192279,/Users/winko/Library/Mobile Documents/com~apple~CloudDocs/Research/1.5-Policy/data/raw_text/K192279.txt,1774,0,0,6,0,0,6,0.0,0,0.000000
K192304,/Users/winko/Library/Mobile Documents/com~apple~CloudDocs/Research/1.5-Policy/data/raw_text/K192304.txt,1979,0,0,7,0,0,7,0.0,0,0.000000
K192377,/Users/winko/Library/Mobile Documents/com~apple~CloudDocs/Research/1.5-Policy/data/raw_text/K192377.txt,2528,0,0,4,0,0,4,0.0,0,0.000000
K192388,/Users/winko/Library/Mobile Documents/com~apple~CloudDocs/Research/1.5-Policy/data/raw_text/K192388.txt,1855,0,0,4,0,0,4,0.0,0,0.000000
K192437,/Users/winko/Library/Mobile Documents/com~apple~CloudDocs/Research/1.5-Policy/data/raw_text/K192437.txt,2211,0,0,5,0,0,5,0.0,0,0.000000
K192455,/Users/winko/Library/Mobile Documents/com~apple~CloudDocs/Research/1.5-Policy/data/raw_text/K192455.txt,4249,0,0,6,0,0,6,0.0,0,0.000000
K192571,/Users/winko/Library/Mobile Documents/com~apple~CloudDocs/Research/1.5-Policy/data/raw_text/K192571.txt,978,0,0,4,0,0,4,0.0,0,0.000000
K192574,/Users/winko/Library/Mobile Documents/com~apple~CloudDocs/Research/1.5-Policy/data/raw_text/K192574.txt,2496,0,0,5,0,0,5,0.0,0,0.000000
K192601,/Users/winko/Library/Mobile Documents/com~apple~CloudDocs/Research/1.5-Policy/data/raw_text/K192601.txt,3557,0,0,6,0,0,6,0.0,0,0.000000
K192732,/Users/winko/Library/Mobile Documents/com~apple~CloudDocs/Research/1.5-Policy/data/raw_text/K192732.txt,1807,0,0,4,0,0,4,0.0,0,0.000000
K192969,/Users/winko/Library/Mobile Documents/com~apple~CloudDocs/Research/1.5-Policy/data/raw_text/K192969.txt,1929,0,0,4,0,0,4,0.0,0,0.000000
K193073,/Users/winko/Library/Mobile Documents/com~apple~CloudDocs/Research/1.5-Policy/data/raw_text/K193073.txt,2507,0,0,7,0,0,7,0.0,0,0.000000
K193097,/Users/winko/Library/Mobile Documents/com~apple~CloudDocs/Research/1.5-Policy/data/raw_text/K193097.txt,2775,0,0,5,0,0,5,0.0,0,0.000000
K193176,/Users/winko/Library/Mobile Documents/com~apple~CloudDocs/Research/1.5-Policy/data/raw_text/K193176.txt,1676,0,0,6,0,0,6,0.0,0,0.000000
K193210,/Users/winko/Library/Mobile Documents/com~apple~CloudDocs/Research/1.5-Policy/data/raw_text/K193210.txt,2361,0,0,7,0,0,7,0.0,0,0.000000
K193252,/Users/winko/Library/Mobile Documents/com~apple~CloudDocs/Research/1.5-Policy/data/raw_text/K193252.txt,2903,0,0,4,0,0,4,0.0,0,0.000000
K193267,/Users/winko/Library/Mobile Documents/com~apple~CloudDocs/Research/1.5-Policy/data/raw_text/K193267.txt,3226,0,0,11,0,0,11,0.0,0,0.000000
K193281,/Users/winko/Library/Mobile Documents/com~apple~CloudDocs/Research/1.5-Policy/data/raw_text/K193281.txt,1902,0,0,6,0,0,6,0.0,0,0.000000
K193282,/Users/winko/Library/Mobile Documents/com~apple~CloudDocs/Research/1.5-Policy/data/raw_text/K193282.txt,2211,0,0,6,0,0,6,0.0,0,0.000000
K193289,/Users/winko/Library/Mobile Documents/com~apple~CloudDocs/Research/1.5-Policy/data/raw_text/K193289.txt,3093,0,0,7,0,0,7,0.0,0,0.000000
K193290,/Users/winko/Library/Mobile Documents/com~apple~CloudDocs/Research/1.5-Policy/data/raw_text/K193290.txt,2478,0,0,9,0,0,9,0.0,0,0.000000
K193294,/Users/winko/Library/Mobile Documents/com~apple~CloudDocs/Research/1.5-Policy/data/raw_text/K193294.txt,2678,0,0,9,0,0,9,0.0,0,0.000000
K193518,/Users/winko/Library/Mobile Documents/com~apple~CloudDocs/Research/1.5-Policy/data/raw_text/K193518.txt,3246,0,0,5,0,0,5,0.0,0,0.000000
K200036,/Users/winko/Library/Mobile Documents/com~apple~CloudDocs/Research/1.5-Policy/data/raw_text/K200036.txt,2943,0,0,4,0,0,4,0.0,0,0.000000
K200323,/Users/winko/Library/Mobile Documents/com~apple~CloudDocs/Research/1.5-Policy/data/raw_text/K200323.txt,2948,0,0,7,0,0,7,0.0,0,0.000000
K200356,/Users/winko/Library/Mobile Documents/com~apple~CloudDocs/Research/1.5-Policy/data/raw_text/K200356.txt,1514,0,0,4,0,0,4,0.0,0,0.000000
K200497,/Users/winko/Library/Mobile Documents/com~apple~CloudDocs/Research/1.5-Policy/data/raw_text/K200497.txt,2474,0,0,7,0,0,7,0.0,0,0.000000
K200569,/Users/winko/Library/Mobile Documents/com~apple~CloudDocs/Research/1.5-Policy/data/raw_text/K200569.txt,1735,0,0,4,0,0,4,0.0,0,0.000000
K200708,/Users/winko/Library/Mobile Documents/com~apple~CloudDocs/Research/1.5-Policy/data/raw_text/K200708.txt,2359,0,0,7,0,0,7,0.0,0,0.000000
K200714,/Users/winko/Library/Mobile Documents/com~apple~CloudDocs/Research/1.5-Policy/data/raw_text/K200714.txt,5974,0,0,18,0,0,18,0.0,0,0.000000
K200743,/Users/winko/Library/Mobile Documents/com~apple~CloudDocs/Research/1.5-Policy/data/raw_text/K200743.txt,2560,0,0,7,0,0,7,0.0,0,0.000000
K200750,/Users/winko/Library/Mobile Documents/com~apple~CloudDocs/Research/1.5-Policy/data/raw_text/K200750.txt,3439,0,0,4,0,0,4,0.0,0,0.000000
K200755,/Users/winko/Library/Mobile Documents/com~apple~CloudDocs/Research/1.5-Policy/data/raw_text/K200755.txt,2171,0,0,6,0,0,6,0.0,0,0.000000
K200833,/Users/winko/Library/Mobile Documents/com~apple~CloudDocs/Research/1.5-Policy/data/raw_text/K200833.txt,2950,0,0,7,0,0,7,0.0,0,0.000000
K200851,/Users/winko/Library/Mobile Documents/com~apple~CloudDocs/Research/1.5-Policy/data/raw_text/K200851.txt,2249,0,0,7,0,0,7,0.0,0,0.000000
K200852,/Users/winko/Library/Mobile Documents/com~apple~CloudDocs/Research/1.5-Policy/data/raw_text/K200852.txt,2281,0,0,5,0,0,5,0.0,0,0.000000
K200974,/Users/winko/Library/Mobile Documents/com~apple~CloudDocs/Research/1.5-Policy/data/raw_text/K200974.txt,2876,0,0,10,0,0,10,0.0,0,0.000000
K200990,/Users/winko/Library/Mobile Documents/com~apple~CloudDocs/Research/1.5-Policy/data/raw_text/K200990.txt,2827,0,0,8,0,0,8,0.0,0,0.000000
K201012,/Users/winko/Library/Mobile Documents/com~apple~CloudDocs/Research/1.5-Policy/data/raw_text/K201012.txt,7332,0,0,6,0,0,6,0.0,0,0.000000
K201034,/Users/winko/Library/Mobile Documents/com~apple~CloudDocs/Research/1.5-Policy/data/raw_text/K201034.txt,2968,0,0,8,0,0,8,0.0,0,0.000000
K201103,/Users/winko/Library/Mobile Documents/com~apple~CloudDocs/Research/1.5-Policy/data/raw_text/K201103.txt,3865,0,0,4,0,0,4,0.0,0,0.000000
K201195,/Users/winko/Library/Mobile Documents/com~apple~CloudDocs/Research/1.5-Policy/data/raw_text/K201195.txt,2776,0,0,10,0,0,10,0.0,0,0.000000
K201232,/Users/winko/Library/Mobile Documents/com~apple~CloudDocs/Research/1.5-Policy/data/raw_text/K201232.txt,2880,0,0,9,0,0,9,0.0,0,0.000000
K201444,/Users/winko/Library/Mobile Documents/com~apple~CloudDocs/Research/1.5-Policy/data/raw_text/K201444.txt,2969,0,0,8,0,0,8,0.0,0,0.000000
K201632,/Users/winko/Library/Mobile Documents/com~apple~CloudDocs/Research/1.5-Policy/data/raw_text/K201632.txt,4809,0,0,6,0,0,6,0.0,0,0.000000
K201710,/Users/winko/Library/Mobile Documents/com~apple~CloudDocs/Research/1.5-Policy/data/raw_text/K201710.txt,4425,0,0,10,0,0,10,0.0,0,0.000000
K201841,/Users/winko/Library/Mobile Documents/com~apple~CloudDocs/Research/1.5-Policy/data/raw_text/K201841.txt,2027,0,0,6,0,0,6,0.0,0,0.000000
K201985,/Users/winko/Library/Mobile Documents/com~apple~CloudDocs/Research/1.5-Policy/data/raw_text/K201985.txt,2852,0,0,8,0,0,8,0.0,0,0.000000
K201992,/Users/winko/Library/Mobile Documents/com~apple~CloudDocs/Research/1.5-Policy/data/raw_text/K201992.txt,1705,0,0,5,0,0,5,0.0,0,0.000000
K202212,/Users/winko/Library/Mobile Documents/com~apple~CloudDocs/Research/1.5-Policy/data/raw_text/K202212.txt,2592,0,0,6,0,0,6,0.0,0,0.000000
K202229,/Users/winko/Library/Mobile Documents/com~apple~CloudDocs/Research/1.5-Policy/data/raw_text/K202229.txt,2641,0,0,7,0,0,7,0.0,0,0.000000
K202238,/Users/winko/Library/Mobile Documents/com~apple~CloudDocs/Research/1.5-Policy/data/raw_text/K202238.txt,2156,0,0,6,0,0,6,0.0,0,0.000000
K202280,/Users/winko/Library/Mobile Documents/com~apple~CloudDocs/Research/1.5-Policy/data/raw_text/K202280.txt,2874,0,0,8,0,0,8,0.0,0,0.000000
K202284,/Users/winko/Library/Mobile Documents/com~apple~CloudDocs/Research/1.5-Policy/data/raw_text/K202284.txt,2496,0,0,6,0,0,6,0.0,0,0.000000
K202441,/Users/winko/Library/Mobile Documents/com~apple~CloudDocs/Research/1.5-Policy/data/raw_text/K202441.txt,2172,0,0,6,0,0,6,0.0,0,0.000000
K202501,/Users/winko/Library/Mobile Documents/com~apple~CloudDocs/Research/1.5-Policy/data/raw_text/K202501.txt,3394,0,0,7,0,0,7,0.0,0,0.000000
K202527,/Users/winko/Library/Mobile Documents/com~apple~CloudDocs/Research/1.5-Policy/data/raw_text/K202527.txt,2192,0,0,8,0,0,8,0.0,0,0.000000
K202546,/Users/winko/Library/Mobile Documents/com~apple~CloudDocs/Research/1.5-Policy/data/raw_text/K202546.txt,1627,0,0,6,0,0,6,0.0,0,0.000000
K202700,/Users/winko/Library/Mobile Documents/com~apple~CloudDocs/Research/1.5-Policy/data/raw_text/K202700.txt,5872,0,0,7,0,0,7,0.0,0,0.000000
K202718,/Users/winko/Library/Mobile Documents/com~apple~CloudDocs/Research/1.5-Policy/data/raw_text/K202718.txt,3203,0,0,7,0,0,7,0.0,0,0.000000
K202767,/Users/winko/Library/Mobile Documents/com~apple~CloudDocs/Research/1.5-Policy/data/raw_text/K202767.txt,2372,0,0,5,0,0,5,0.0,0,0.000000
K202990,/Users/winko/Library/Mobile Documents/com~apple~CloudDocs/Research/1.5-Policy/data/raw_text/K202990.txt,2352,0,0,9,0,0,9,0.0,0,0.000000
K203169,/Users/winko/Library/Mobile Documents/com~apple~CloudDocs/Research/1.5-Policy/data/raw_text/K203169.txt,2465,0,0,6,0,0,6,0.0,0,0.000000
K203182,/Users/winko/Library/Mobile Documents/com~apple~CloudDocs/Research/1.5-Policy/data/raw_text/K203182.txt,1928,0,0,9,0,0,9,0.0,0,0.000000
K203323,/Users/winko/Library/Mobile Documents/com~apple~CloudDocs/Research/1.5-Policy/data/raw_text/K203323.txt,2406,0,0,5,0,0,5,0.0,0,0.000000
K203329,/Users/winko/Library/Mobile Documents/com~apple~CloudDocs/Research/1.5-Policy/data/raw_text/K203329.txt,2266,0,0,8,0,0,8,0.0,0,0.000000
K203448,/Users/winko/Library/Mobile Documents/com~apple~CloudDocs/Research/1.5-Policy/data/raw_text/K203448.txt,3680,0,0,10,0,0,10,0.0,0,0.000000
K203469,/Users/winko/Library/Mobile Documents/com~apple~CloudDocs/Research/1.5-Policy/data/raw_text/K203469.txt,1931,0,0,5,0,0,5,0.0,0,0.000000
K203502,/Users/winko/Library/Mobile Documents/com~apple~CloudDocs/Research/1.5-Policy/data/raw_text/K203502.txt,1976,0,0,6,0,0,6,0.0,0,0.000000
K203508,/Users/winko/Library/Mobile Documents/com~apple~CloudDocs/Research/1.5-Policy/data/raw_text/K203508.txt,11776,0,0,16,0,0,16,0.0,0,0.000000
K203555,/Users/winko/Library/Mobile Documents/com~apple~CloudDocs/Research/1.5-Policy/data/raw_text/K203555.txt,2866,0,0,7,0,0,7,0.0,0,0.000000
K203578,/Users/winko/Library/Mobile Documents/com~apple~CloudDocs/Research/1.5-Policy/data/raw_text/K203578.txt,2101,0,0,7,0,0,7,0.0,0,0.000000
K203629,/Users/winko/Library/Mobile Documents/com~apple~CloudDocs/Research/1.5-Policy/data/raw_text/K203629.txt,2977,0,0,8,0,0,8,0.0,0,0.000000
K203783,/Users/winko/Library/Mobile Documents/com~apple~CloudDocs/Research/1.5-Policy/data/raw_text/K203783.txt,2879,0,0,5,0,0,5,0.0,0,0.000000
K210001,/Users/winko/Library/Mobile Documents/com~apple~CloudDocs/Research/1.5-Policy/data/raw_text/K210001.txt,2054,0,0,6,0,0,6,0.0,0,0.000000
K210085,/Users/winko/Library/Mobile Documents/com~apple~CloudDocs/Research/1.5-Policy/data/raw_text/K210085.txt,3124,0,0,8,0,0,8,0.0,0,0.000000
K210426,/Users/winko/Library/Mobile Documents/com~apple~CloudDocs/Research/1.5-Policy/data/raw_text/K210426.txt,2105,0,0,6,0,0,6,0.0,0,0.000000
K210438,/Users/winko/Library/Mobile Documents/com~apple~CloudDocs/Research/1.5-Policy/data/raw_text/K210438.txt,2774,0,0,5,0,0,5,0.0,0,0.000000
K210543,/Users/winko/Library/Mobile Documents/com~apple~CloudDocs/Research/1.5-Policy/data/raw_text/K210543.txt,4102,0,0,8,0,0,8,0.0,0,0.000000
K210556,/Users/winko/Library/Mobile Documents/com~apple~CloudDocs/Research/1.5-Policy/data/raw_text/K210556.txt,3023,0,0,5,0,0,5,0.0,0,0.000000
K210611,/Users/winko/Library/Mobile Documents/com~apple~CloudDocs/Research/1.5-Policy/data/raw_text/K210611.txt,3198,0,0,5,0,0,5,0.0,0,0.000000
K210632,/Users/winko/Library/Mobile Documents/com~apple~CloudDocs/Research/1.5-Policy/data/raw_text/K210632.txt,2658,0,0,4,0,0,4,0.0,0,0.000000
K210760,/Users/winko/Library/Mobile Documents/com~apple~CloudDocs/Research/1.5-Policy/data/raw_text/K210760.txt,2827,0,0,9,0,0,9,0.0,0,0.000000
K210807,/Users/winko/Library/Mobile Documents/com~apple~CloudDocs/Research/1.5-Policy/data/raw_text/K210807.txt,2824,0,0,10,0,0,10,0.0,0,0.000000
K210822,/Users/winko/Library/Mobile Documents/com~apple~CloudDocs/Research/1.5-Policy/data/raw_text/K210822.txt,3425,0,0,9,0,0,9,0.0,0,0.000000
K210999,/Users/winko/Library/Mobile Documents/com~apple~CloudDocs/Research/1.5-Policy/data/raw_text/K210999.txt,2394,0,0,6,0,0,6,0.0,0,0.000000
K211118,/Users/winko/Library/Mobile Documents/com~apple~CloudDocs/Research/1.5-Policy/data/raw_text/K211118.txt,1916,0,0,6,0,0,6,0.0,0,0.000000
K211279,/Users/winko/Library/Mobile Documents/com~apple~CloudDocs/Research/1.5-Policy/data/raw_text/K211279.txt,2857,0,0,9,0,0,9,0.0,0,0.000000
K211431,/Users/winko/Library/Mobile Documents/com~apple~CloudDocs/Research/1.5-Policy/data/raw_text/K211431.txt,3270,0,0,5,0,0,5,0.0,0,0.000000
K211443,/Users/winko/Library/Mobile Documents/com~apple~CloudDocs/Research/1.5-Policy/data/raw_text/K211443.txt,2501,0,0,9,0,0,9,0.0,0,0.000000
K211459,/Users/winko/Library/Mobile Documents/com~apple~CloudDocs/Research/1.5-Policy/data/raw_text/K211459.txt,2621,0,0,8,0,0,8,0.0,0,0.000000
K211506,/Users/winko/Library/Mobile Documents/com~apple~CloudDocs/Research/1.5-Policy/data/raw_text/K211506.txt,2147,0,0,7,0,0,7,0.0,0,0.000000
K211597,/Users/winko/Library/Mobile Documents/com~apple~CloudDocs/Research/1.5-Policy/data/raw_text/K211597.txt,2831,0,0,6,0,0,6,0.0,0,0.000000
K211611,/Users/winko/Library/Mobile Documents/com~apple~CloudDocs/Research/1.5-Policy/data/raw_text/K211611.txt,2968,0,0,8,0,0,8,0.0,0,0.000000
K211764,/Users/winko/Library/Mobile Documents/com~apple~CloudDocs/Research/1.5-Policy/data/raw_text/K211764.txt,3183,0,0,9,0,0,9,0.0,0,0.000000
K211867,/Users/winko/Library/Mobile Documents/com~apple~CloudDocs/Research/1.5-Policy/data/raw_text/K211867.txt,2072,0,0,4,0,0,4,0.0,0,0.000000
K211881,/Users/winko/Library/Mobile Documents/com~apple~CloudDocs/Research/1.5-Policy/data/raw_text/K211881.txt,2038,0,0,5,0,0,5,0.0,0,0.000000
K211945,/Users/winko/Library/Mobile Documents/com~apple~CloudDocs/Research/1.5-Policy/data/raw_text/K211945.txt,2188,0,0,8,0,0,8,0.0,0,0.000000
K211964,/Users/winko/Library/Mobile Documents/com~apple~CloudDocs/Research/1.5-Policy/data/raw_text/K211964.txt,1748,0,0,8,0,0,8,0.0,0,0.000000
K211980,/Users/winko/Library/Mobile Documents/com~apple~CloudDocs/Research/1.5-Policy/data/raw_text/K211980.txt,2101,0,0,6,0,0,6,0.0,0,0.000000
K212005,/Users/winko/Library/Mobile Documents/com~apple~CloudDocs/Research/1.5-Policy/data/raw_text/K212005.txt,2666,0,0,7,0,0,7,0.0,0,0.000000
K212074,/Users/winko/Library/Mobile Documents/com~apple~CloudDocs/Research/1.5-Policy/data/raw_text/K212074.txt,1878,0,0,7,0,0,7,0.0,0,0.000000
K212100,/Users/winko/Library/Mobile Documents/com~apple~CloudDocs/Research/1.5-Policy/data/raw_text/K212100.txt,4139,0,0,6,0,0,6,0.0,0,0.000000
K212116,/Users/winko/Library/Mobile Documents/com~apple~CloudDocs/Research/1.5-Policy/data/raw_text/K212116.txt,3524,0,0,4,0,0,4,0.0,0,0.000000
K212218,/Users/winko/Library/Mobile Documents/com~apple~CloudDocs/Research/1.5-Policy/data/raw_text/K212218.txt,1982,0,0,5,0,0,5,0.0,0,0.000000
K212219,/Users/winko/Library/Mobile Documents/com~apple~CloudDocs/Research/1.5-Policy/data/raw_text/K212219.txt,3297,0,0,5,0,0,5,0.0,0,0.000000
K212230,/Users/winko/Library/Mobile Documents/com~apple~CloudDocs/Research/1.5-Policy/data/raw_text/K212230.txt,2922,0,0,5,0,0,5,0.0,0,0.000000
K212265,/Users/winko/Library/Mobile Documents/com~apple~CloudDocs/Research/1.5-Policy/data/raw_text/K212265.txt,2952,0,0,6,0,0,6,0.0,0,0.000000
K212269,/Users/winko/Library/Mobile Documents/com~apple~CloudDocs/Research/1.5-Policy/data/raw_text/K212269.txt,2010,0,0,6,0,0,6,0.0,0,0.000000
K212274,/Users/winko/Library/Mobile Documents/com~apple~CloudDocs/Research/1.5-Policy/data/raw_text/K212274.txt,2356,0,0,7,0,0,7,0.0,0,0.000000
K212333,/Users/winko/Library/Mobile Documents/com~apple~CloudDocs/Research/1.5-Policy/data/raw_text/K212333.txt,2344,0,0,5,0,0,5,0.0,0,0.000000
K212336,/Users/winko/Library/Mobile Documents/com~apple~CloudDocs/Research/1.5-Policy/data/raw_text/K212336.txt,2834,0,0,12,0,0,12,0.0,0,0.000000
K212383,/Users/winko/Library/Mobile Documents/com~apple~CloudDocs/Research/1.5-Policy/data/raw_text/K212383.txt,4477,0,0,9,0,0,9,0.0,0,0.000000
K212441,/Users/winko/Library/Mobile Documents/com~apple~CloudDocs/Research/1.5-Policy/data/raw_text/K212441.txt,4553,0,0,10,0,0,10,0.0,0,0.000000
K212456,/Users/winko/Library/Mobile Documents/com~apple~CloudDocs/Research/1.5-Policy/data/raw_text/K212456.txt,2095,0,0,7,0,0,7,0.0,0,0.000000
K212654,/Users/winko/Library/Mobile Documents/com~apple~CloudDocs/Research/1.5-Policy/data/raw_text/K212654.txt,3763,0,0,8,0,0,8,0.0,0,0.000000
K212662,/Users/winko/Library/Mobile Documents/com~apple~CloudDocs/Research/1.5-Policy/data/raw_text/K212662.txt,3502,0,0,7,0,0,7,0.0,0,0.000000
K212704,/Users/winko/Library/Mobile Documents/com~apple~CloudDocs/Research/1.5-Policy/data/raw_text/K212704.txt,2689,0,0,6,0,0,6,0.0,0,0.000000
K212758,/Users/winko/Library/Mobile Documents/com~apple~CloudDocs/Research/1.5-Policy/data/raw_text/K212758.txt,2890,0,0,4,0,0,4,0.0,0,0.000000
K212915,/Users/winko/Library/Mobile Documents/com~apple~CloudDocs/Research/1.5-Policy/data/raw_text/K212915.txt,2777,0,0,7,0,0,7,0.0,0,0.000000
K212960,/Users/winko/Library/Mobile Documents/com~apple~CloudDocs/Research/1.5-Policy/data/raw_text/K212960.txt,2504,0,0,5,0,0,5,0.0,0,0.000000
K213096,/Users/winko/Library/Mobile Documents/com~apple~CloudDocs/Research/1.5-Policy/data/raw_text/K213096.txt,3850,0,0,10,0,0,10,0.0,0,0.000000
K213275,/Users/winko/Library/Mobile Documents/com~apple~CloudDocs/Research/1.5-Policy/data/raw_text/K213275.txt,2770,0,0,5,0,0,5,0.0,0,0.000000
K213305,/Users/winko/Library/Mobile Documents/com~apple~CloudDocs/Research/1.5-Policy/data/raw_text/K213305.txt,3581,0,0,5,0,0,5,0.0,0,0.000000
K213307,/Users/winko/Library/Mobile Documents/com~apple~CloudDocs/Research/1.5-Policy/data/raw_text/K213307.txt,2180,0,0,6,0,0,6,0.0,0,0.000000
K213409,/Users/winko/Library/Mobile Documents/com~apple~CloudDocs/Research/1.5-Policy/data/raw_text/K213409.txt,2824,0,0,9,0,0,9,0.0,0,0.000000
K213436,/Users/winko/Library/Mobile Documents/com~apple~CloudDocs/Research/1.5-Policy/data/raw_text/K213436.txt,2817,0,0,9,0,0,9,0.0,0,0.000000
K213544,/Users/winko/Library/Mobile Documents/com~apple~CloudDocs/Research/1.5-Policy/data/raw_text/K213544.txt,3595,0,0,7,0,0,7,0.0,0,0.000000
K213603,/Users/winko/Library/Mobile Documents/com~apple~CloudDocs/Research/1.5-Policy/data/raw_text/K213603.txt,1989,0,0,6,0,0,6,0.0,0,0.000000
K213628,/Users/winko/Library/Mobile Documents/com~apple~CloudDocs/Research/1.5-Policy/data/raw_text/K213628.txt,2349,0,0,5,0,0,5,0.0,0,0.000000
K213642,/Users/winko/Library/Mobile Documents/com~apple~CloudDocs/Research/1.5-Policy/data/raw_text/K213642.txt,2443,0,0,7,0,0,7,0.0,0,0.000000
K213668,/Users/winko/Library/Mobile Documents/com~apple~CloudDocs/Research/1.5-Policy/data/raw_text/K213668.txt,2109,0,0,6,0,0,6,0.0,0,0.000000
K213689,/Users/winko/Library/Mobile Documents/com~apple~CloudDocs/Research/1.5-Policy/data/raw_text/K213689.txt,2134,0,0,5,0,0,5,0.0,0,0.000000
K213725,/Users/winko/Library/Mobile Documents/com~apple~CloudDocs/Research/1.5-Policy/data/raw_text/K213725.txt,2410,0,0,8,0,0,8,0.0,0,0.000000
K213737,/Users/winko/Library/Mobile Documents/com~apple~CloudDocs/Research/1.5-Policy/data/raw_text/K213737.txt,2886,0,0,8,0,0,8,0.0,0,0.000000
K213760,/Users/winko/Library/Mobile Documents/com~apple~CloudDocs/Research/1.5-Policy/data/raw_text/K213760.txt,2768,0,0,7,0,0,7,0.0,0,0.000000
K213776,/Users/winko/Library/Mobile Documents/com~apple~CloudDocs/Research/1.5-Policy/data/raw_text/K213776.txt,3284,0,0,6,0,0,6,0.0,0,0.000000
K213857,/Users/winko/Library/Mobile Documents/com~apple~CloudDocs/Research/1.5-Policy/data/raw_text/K213857.txt,2500,0,0,7,0,0,7,0.0,0,0.000000
K213938,/Users/winko/Library/Mobile Documents/com~apple~CloudDocs/Research/1.5-Policy/data/raw_text/K213938.txt,2362,0,0,6,0,0,6,0.0,0,0.000000
K213944,/Users/winko/Library/Mobile Documents/com~apple~CloudDocs/Research/1.5-Policy/data/raw_text/K213944.txt,3267,0,0,7,0,0,7,0.0,0,0.000000
K213976,/Users/winko/Library/Mobile Documents/com~apple~CloudDocs/Research/1.5-Policy/data/raw_text/K213976.txt,3814,0,0,4,0,0,4,0.0,0,0.000000
K213986,/Users/winko/Library/Mobile Documents/com~apple~CloudDocs/Research/1.5-Policy/data/raw_text/K213986.txt,2357,0,0,12,0,0,12,0.0,0,0.000000
K214019,/Users/winko/Library/Mobile Documents/com~apple~CloudDocs/Research/1.5-Policy/data/raw_text/K214019.txt,2367,0,0,10,0,0,10,0.0,0,0.000000
K214036,/Users/winko/Library/Mobile Documents/com~apple~CloudDocs/Research/1.5-Policy/data/raw_text/K214036.txt,4781,0,0,13,0,0,13,0.0,0,0.000000
K220013,/Users/winko/Library/Mobile Documents/com~apple~CloudDocs/Research/1.5-Policy/data/raw_text/K220013.txt,2526,0,0,5,0,0,5,0.0,0,0.000000
K220043,/Users/winko/Library/Mobile Documents/com~apple~CloudDocs/Research/1.5-Policy/data/raw_text/K220043.txt,2599,0,0,6,0,0,6,0.0,0,0.000000
K220068,/Users/winko/Library/Mobile Documents/com~apple~CloudDocs/Research/1.5-Policy/data/raw_text/K220068.txt,2632,0,0,6,0,0,6,0.0,0,0.000000
K220151,/Users/winko/Library/Mobile Documents/com~apple~CloudDocs/Research/1.5-Policy/data/raw_text/K220151.txt,2612,0,0,5,0,0,5,0.0,0,0.000000
K220192,/Users/winko/Library/Mobile Documents/com~apple~CloudDocs/Research/1.5-Policy/data/raw_text/K220192.txt,3367,0,0,5,0,0,5,0.0,0,0.000000
K220264,/Users/winko/Library/Mobile Documents/com~apple~CloudDocs/Research/1.5-Policy/data/raw_text/K220264.txt,2426,0,0,7,0,0,7,0.0,0,0.000000
K220332,/Users/winko/Library/Mobile Documents/com~apple~CloudDocs/Research/1.5-Policy/data/raw_text/K220332.txt,6065,0,0,10,0,0,10,0.0,0,0.000000
K220349,/Users/winko/Library/Mobile Documents/com~apple~CloudDocs/Research/1.5-Policy/data/raw_text/K220349.txt,4000,0,0,6,0,0,6,0.0,0,0.000000
K220416,/Users/winko/Library/Mobile Documents/com~apple~CloudDocs/Research/1.5-Policy/data/raw_text/K220416.txt,2485,0,0,6,0,0,6,0.0,0,0.000000
K220446,/Users/winko/Library/Mobile Documents/com~apple~CloudDocs/Research/1.5-Policy/data/raw_text/K220446.txt,2769,0,0,9,0,0,9,0.0,0,0.000000
K220575,/Users/winko/Library/Mobile Documents/com~apple~CloudDocs/Research/1.5-Policy/data/raw_text/K220575.txt,2747,0,0,5,0,0,5,0.0,0,0.000000
K220589,/Users/winko/Library/Mobile Documents/com~apple~CloudDocs/Research/1.5-Policy/data/raw_text/K220589.txt,2597,0,0,5,0,0,5,0.0,0,0.000000
K220783,/Users/winko/Library/Mobile Documents/com~apple~CloudDocs/Research/1.5-Policy/data/raw_text/K220783.txt,3247,0,0,10,0,0,10,0.0,0,0.000000
K220786,/Users/winko/Library/Mobile Documents/com~apple~CloudDocs/Research/1.5-Policy/data/raw_text/K220786.txt,3955,0,0,7,0,0,7,0.0,0,0.000000
K220813,/Users/winko/Library/Mobile Documents/com~apple~CloudDocs/Research/1.5-Policy/data/raw_text/K220813.txt,11148,0,0,7,0,0,7,0.0,0,0.000000
K220961,/Users/winko/Library/Mobile Documents/com~apple~CloudDocs/Research/1.5-Policy/data/raw_text/K220961.txt,2243,0,0,6,0,0,6,0.0,0,0.000000
K221100,/Users/winko/Library/Mobile Documents/com~apple~CloudDocs/Research/1.5-Policy/data/raw_text/K221100.txt,2237,0,0,7,0,0,7,0.0,0,0.000000
K221106,/Users/winko/Library/Mobile Documents/com~apple~CloudDocs/Research/1.5-Policy/data/raw_text/K221106.txt,2193,0,0,8,0,0,8,0.0,0,0.000000
K221203,/Users/winko/Library/Mobile Documents/com~apple~CloudDocs/Research/1.5-Policy/data/raw_text/K221203.txt,1653,0,0,4,0,0,4,0.0,0,0.000000
K221219,/Users/winko/Library/Mobile Documents/com~apple~CloudDocs/Research/1.5-Policy/data/raw_text/K221219.txt,2750,0,0,8,0,0,8,0.0,0,0.000000
K221393,/Users/winko/Library/Mobile Documents/com~apple~CloudDocs/Research/1.5-Policy/data/raw_text/K221393.txt,2107,0,0,7,0,0,7,0.0,0,0.000000
K221463,/Users/winko/Library/Mobile Documents/com~apple~CloudDocs/Research/1.5-Policy/data/raw_text/K221463.txt,2767,0,0,5,0,0,5,0.0,0,0.000000
K221632,/Users/winko/Library/Mobile Documents/com~apple~CloudDocs/Research/1.5-Policy/data/raw_text/K221632.txt,1982,0,0,4,0,0,4,0.0,0,0.000000
K221680,/Users/winko/Library/Mobile Documents/com~apple~CloudDocs/Research/1.5-Policy/data/raw_text/K221680.txt,3695,0,0,5,0,0,5,0.0,0,0.000000
K221727,/Users/winko/Library/Mobile Documents/com~apple~CloudDocs/Research/1.5-Policy/data/raw_text/K221727.txt,2391,0,0,8,0,0,8,0.0,0,0.000000
K221733,/Users/winko/Library/Mobile Documents/com~apple~CloudDocs/Research/1.5-Policy/data/raw_text/K221733.txt,2408,0,0,5,0,0,5,0.0,0,0.000000
K221738,/Users/winko/Library/Mobile Documents/com~apple~CloudDocs/Research/1.5-Policy/data/raw_text/K221738.txt,1953,0,0,6,0,0,6,0.0,0,0.000000
K221923,/Users/winko/Library/Mobile Documents/com~apple~CloudDocs/Research/1.5-Policy/data/raw_text/K221923.txt,2088,0,0,7,0,0,7,0.0,0,0.000000
K221962,/Users/winko/Library/Mobile Documents/com~apple~CloudDocs/Research/1.5-Policy/data/raw_text/K221962.txt,2125,0,0,6,0,0,6,0.0,0,0.000000
K222070,/Users/winko/Library/Mobile Documents/com~apple~CloudDocs/Research/1.5-Policy/data/raw_text/K222070.txt,5803,0,0,9,0,0,9,0.0,0,0.000000
K222172,/Users/winko/Library/Mobile Documents/com~apple~CloudDocs/Research/1.5-Policy/data/raw_text/K222172.txt,2427,0,0,11,0,0,11,0.0,0,0.000000
K222389,/Users/winko/Library/Mobile Documents/com~apple~CloudDocs/Research/1.5-Policy/data/raw_text/K222389.txt,2327,0,0,7,0,0,7,0.0,0,0.000000
K222428,/Users/winko/Library/Mobile Documents/com~apple~CloudDocs/Research/1.5-Policy/data/raw_text/K222428.txt,4236,0,0,5,0,0,5,0.0,0,0.000000
K222676,/Users/winko/Library/Mobile Documents/com~apple~CloudDocs/Research/1.5-Policy/data/raw_text/K222676.txt,2409,0,0,10,0,0,10,0.0,0,0.000000
K222728,/Users/winko/Library/Mobile Documents/com~apple~CloudDocs/Research/1.5-Policy/data/raw_text/K222728.txt,7056,0,0,5,0,0,5,0.0,0,0.000000
K222745,/Users/winko/Library/Mobile Documents/com~apple~CloudDocs/Research/1.5-Policy/data/raw_text/K222745.txt,3300,0,0,9,0,0,9,0.0,0,0.000000
K222755,/Users/winko/Library/Mobile Documents/com~apple~CloudDocs/Research/1.5-Policy/data/raw_text/K222755.txt,4636,0,0,7,0,0,7,0.0,0,0.000000
K222803,/Users/winko/Library/Mobile Documents/com~apple~CloudDocs/Research/1.5-Policy/data/raw_text/K222803.txt,3557,0,0,8,0,0,8,0.0,0,0.000000
K222921,/Users/winko/Library/Mobile Documents/com~apple~CloudDocs/Research/1.5-Policy/data/raw_text/K222921.txt,2395,0,0,7,0,0,7,0.0,0,0.000000
K222970,/Users/winko/Library/Mobile Documents/com~apple~CloudDocs/Research/1.5-Policy/data/raw_text/K222970.txt,2003,0,0,6,0,0,6,0.0,0,0.000000
K223028,/Users/winko/Library/Mobile Documents/com~apple~CloudDocs/Research/1.5-Policy/data/raw_text/K223028.txt,3712,0,0,6,0,0,6,0.0,0,0.000000
K223042,/Users/winko/Library/Mobile Documents/com~apple~CloudDocs/Research/1.5-Policy/data/raw_text/K223042.txt,3013,0,0,6,0,0,6,0.0,0,0.000000
K223106,/Users/winko/Library/Mobile Documents/com~apple~CloudDocs/Research/1.5-Policy/data/raw_text/K223106.txt,3745,0,0,11,0,0,11,0.0,0,0.000000
K223247,/Users/winko/Library/Mobile Documents/com~apple~CloudDocs/Research/1.5-Policy/data/raw_text/K223247.txt,1951,0,0,6,0,0,6,0.0,0,0.000000
K223311,/Users/winko/Library/Mobile Documents/com~apple~CloudDocs/Research/1.5-Policy/data/raw_text/K223311.txt,5730,0,0,13,0,0,13,0.0,0,0.000000
K223343,/Users/winko/Library/Mobile Documents/com~apple~CloudDocs/Research/1.5-Policy/data/raw_text/K223343.txt,3515,0,0,5,0,0,5,0.0,0,0.000000
K223396,/Users/winko/Library/Mobile Documents/com~apple~CloudDocs/Research/1.5-Policy/data/raw_text/K223396.txt,2292,0,0,4,0,0,4,0.0,0,0.000000
K223424,/Users/winko/Library/Mobile Documents/com~apple~CloudDocs/Research/1.5-Policy/data/raw_text/K223424.txt,2474,0,0,6,0,0,6,0.0,0,0.000000
K223426,/Users/winko/Library/Mobile Documents/com~apple~CloudDocs/Research/1.5-Policy/data/raw_text/K223426.txt,4538,0,0,7,0,0,7,0.0,0,0.000000
K223439,/Users/winko/Library/Mobile Documents/com~apple~CloudDocs/Research/1.5-Policy/data/raw_text/K223439.txt,2135,0,0,6,0,0,6,0.0,0,0.000000
K223473,/Users/winko/Library/Mobile Documents/com~apple~CloudDocs/Research/1.5-Policy/data/raw_text/K223473.txt,5469,0,0,7,0,0,7,0.0,0,0.000000
K223490,/Users/winko/Library/Mobile Documents/com~apple~CloudDocs/Research/1.5-Policy/data/raw_text/K223490.txt,2771,0,0,8,0,0,8,0.0,0,0.000000
K223502,/Users/winko/Library/Mobile Documents/com~apple~CloudDocs/Research/1.5-Policy/data/raw_text/K223502.txt,3057,0,0,6,0,0,6,0.0,0,0.000000
K223514,/Users/winko/Library/Mobile Documents/com~apple~CloudDocs/Research/1.5-Policy/data/raw_text/K223514.txt,2299,0,0,6,0,0,6,0.0,0,0.000000
K223516,/Users/winko/Library/Mobile Documents/com~apple~CloudDocs/Research/1.5-Policy/data/raw_text/K223516.txt,2804,0,0,7,0,0,7,0.0,0,0.000000
K223539,/Users/winko/Library/Mobile Documents/com~apple~CloudDocs/Research/1.5-Policy/data/raw_text/K223539.txt,3069,0,0,10,0,0,10,0.0,0,0.000000
K223553,/Users/winko/Library/Mobile Documents/com~apple~CloudDocs/Research/1.5-Policy/data/raw_text/K223553.txt,2214,0,0,6,0,0,6,0.0,0,0.000000
K223623,/Users/winko/Library/Mobile Documents/com~apple~CloudDocs/Research/1.5-Policy/data/raw_text/K223623.txt,1808,0,0,7,0,0,7,0.0,0,0.000000
K223630,/Users/winko/Library/Mobile Documents/com~apple~CloudDocs/Research/1.5-Policy/data/raw_text/K223630.txt,2095,0,0,6,0,0,6,0.0,0,0.000000
K223738,/Users/winko/Library/Mobile Documents/com~apple~CloudDocs/Research/1.5-Policy/data/raw_text/K223738.txt,3390,0,0,6,0,0,6,0.0,0,0.000000
K223774,/Users/winko/Library/Mobile Documents/com~apple~CloudDocs/Research/1.5-Policy/data/raw_text/K223774.txt,4297,0,0,4,0,0,4,0.0,0,0.000000
K230023,/Users/winko/Library/Mobile Documents/com~apple~CloudDocs/Research/1.5-Policy/data/raw_text/K230023.txt,9277,0,0,9,0,0,9,0.0,0,0.000000
K230039,/Users/winko/Library/Mobile Documents/com~apple~CloudDocs/Research/1.5-Policy/data/raw_text/K230039.txt,3519,0,0,6,0,0,6,0.0,0,0.000000
K230112,/Users/winko/Library/Mobile Documents/com~apple~CloudDocs/Research/1.5-Policy/data/raw_text/K230112.txt,2366,0,0,7,0,0,7,0.0,0,0.000000
K230179,/Users/winko/Library/Mobile Documents/com~apple~CloudDocs/Research/1.5-Policy/data/raw_text/K230179.txt,3487,0,0,8,0,0,8,0.0,0,0.000000
K230208,/Users/winko/Library/Mobile Documents/com~apple~CloudDocs/Research/1.5-Policy/data/raw_text/K230208.txt,2140,0,0,6,0,0,6,0.0,0,0.000000
K230220,/Users/winko/Library/Mobile Documents/com~apple~CloudDocs/Research/1.5-Policy/data/raw_text/K230220.txt,4372,0,0,7,0,0,7,0.0,0,0.000000
K230223,/Users/winko/Library/Mobile Documents/com~apple~CloudDocs/Research/1.5-Policy/data/raw_text/K230223.txt,3029,0,0,6,0,0,6,0.0,0,0.000000
K230264,/Users/winko/Library/Mobile Documents/com~apple~CloudDocs/Research/1.5-Policy/data/raw_text/K230264.txt,2086,0,0,4,0,0,4,0.0,0,0.000000
K230273,/Users/winko/Library/Mobile Documents/com~apple~CloudDocs/Research/1.5-Policy/data/raw_text/K230273.txt,2966,0,0,9,0,0,9,0.0,0,0.000000
K230534,/Users/winko/Library/Mobile Documents/com~apple~CloudDocs/Research/1.5-Policy/data/raw_text/K230534.txt,3168,0,0,7,0,0,7,0.0,0,0.000000
K230552,/Users/winko/Library/Mobile Documents/com~apple~CloudDocs/Research/1.5-Policy/data/raw_text/K230552.txt,2865,0,0,9,0,0,9,0.0,0,0.000000
K230553,/Users/winko/Library/Mobile Documents/com~apple~CloudDocs/Research/1.5-Policy/data/raw_text/K230553.txt,2102,0,0,6,0,0,6,0.0,0,0.000000
K230575,/Users/winko/Library/Mobile Documents/com~apple~CloudDocs/Research/1.5-Policy/data/raw_text/K230575.txt,2851,0,0,9,0,0,9,0.0,0,0.000000
K230658,/Users/winko/Library/Mobile Documents/com~apple~CloudDocs/Research/1.5-Policy/data/raw_text/K230658.txt,3180,0,0,4,0,0,4,0.0,0,0.000000
K230772,/Users/winko/Library/Mobile Documents/com~apple~CloudDocs/Research/1.5-Policy/data/raw_text/K230772.txt,2212,0,0,8,0,0,8,0.0,0,0.000000
K230854,/Users/winko/Library/Mobile Documents/com~apple~CloudDocs/Research/1.5-Policy/data/raw_text/K230854.txt,2617,0,0,6,0,0,6,0.0,0,0.000000
K230913,/Users/winko/Library/Mobile Documents/com~apple~CloudDocs/Research/1.5-Policy/data/raw_text/K230913.txt,2473,0,0,5,0,0,5,0.0,0,0.000000
K231038,/Users/winko/Library/Mobile Documents/com~apple~CloudDocs/Research/1.5-Policy/data/raw_text/K231038.txt,2107,0,0,8,0,0,8,0.0,0,0.000000
K231190,/Users/winko/Library/Mobile Documents/com~apple~CloudDocs/Research/1.5-Policy/data/raw_text/K231190.txt,2186,0,0,7,0,0,7,0.0,0,0.000000
K231281,/Users/winko/Library/Mobile Documents/com~apple~CloudDocs/Research/1.5-Policy/data/raw_text/K231281.txt,2261,0,0,6,0,0,6,0.0,0,0.000000
K231470,/Users/winko/Library/Mobile Documents/com~apple~CloudDocs/Research/1.5-Policy/data/raw_text/K231470.txt,2988,0,0,11,0,0,11,0.0,0,0.000000
K231560,/Users/winko/Library/Mobile Documents/com~apple~CloudDocs/Research/1.5-Policy/data/raw_text/K231560.txt,4212,0,0,5,0,0,5,0.0,0,0.000000
K231570,/Users/winko/Library/Mobile Documents/com~apple~CloudDocs/Research/1.5-Policy/data/raw_text/K231570.txt,3318,0,0,8,0,0,8,0.0,0,0.000000
K231572,/Users/winko/Library/Mobile Documents/com~apple~CloudDocs/Research/1.5-Policy/data/raw_text/K231572.txt,2474,0,0,6,0,0,6,0.0,0,0.000000
K231617,/Users/winko/Library/Mobile Documents/com~apple~CloudDocs/Research/1.5-Policy/data/raw_text/K231617.txt,3824,0,0,5,0,0,5,0.0,0,0.000000
K231631,/Users/winko/Library/Mobile Documents/com~apple~CloudDocs/Research/1.5-Policy/data/raw_text/K231631.txt,3593,0,0,7,0,0,7,0.0,0,0.000000
K231668,/Users/winko/Library/Mobile Documents/com~apple~CloudDocs/Research/1.5-Policy/data/raw_text/K231668.txt,2050,0,0,4,0,0,4,0.0,0,0.000000
K231690,/Users/winko/Library/Mobile Documents/com~apple~CloudDocs/Research/1.5-Policy/data/raw_text/K231690.txt,3059,0,0,7,0,0,7,0.0,0,0.000000
K231764,/Users/winko/Library/Mobile Documents/com~apple~CloudDocs/Research/1.5-Policy/data/raw_text/K231764.txt,3743,0,0,20,0,0,20,0.0,0,0.000000
K231898,/Users/winko/Library/Mobile Documents/com~apple~CloudDocs/Research/1.5-Policy/data/raw_text/K231898.txt,3340,0,0,4,0,0,4,0.0,0,0.000000
K231928,/Users/winko/Library/Mobile Documents/com~apple~CloudDocs/Research/1.5-Policy/data/raw_text/K231928.txt,5043,0,0,7,0,0,7,0.0,0,0.000000
K232023,/Users/winko/Library/Mobile Documents/com~apple~CloudDocs/Research/1.5-Policy/data/raw_text/K232023.txt,2913,0,0,5,0,0,5,0.0,0,0.000000
K232083,/Users/winko/Library/Mobile Documents/com~apple~CloudDocs/Research/1.5-Policy/data/raw_text/K232083.txt,3017,0,0,7,0,0,7,0.0,0,0.000000
K232231,/Users/winko/Library/Mobile Documents/com~apple~CloudDocs/Research/1.5-Policy/data/raw_text/K232231.txt,2998,0,0,9,0,0,9,0.0,0,0.000000
K232257,/Users/winko/Library/Mobile Documents/com~apple~CloudDocs/Research/1.5-Policy/data/raw_text/K232257.txt,5013,0,0,12,0,0,12,0.0,0,0.000000
K232363,/Users/winko/Library/Mobile Documents/com~apple~CloudDocs/Research/1.5-Policy/data/raw_text/K232363.txt,2970,0,0,6,0,0,6,0.0,0,0.000000
K232367,/Users/winko/Library/Mobile Documents/com~apple~CloudDocs/Research/1.5-Policy/data/raw_text/K232367.txt,1247,0,0,4,0,0,4,0.0,0,0.000000
K232482,/Users/winko/Library/Mobile Documents/com~apple~CloudDocs/Research/1.5-Policy/data/raw_text/K232482.txt,2699,0,0,6,0,0,6,0.0,0,0.000000
K232491,/Users/winko/Library/Mobile Documents/com~apple~CloudDocs/Research/1.5-Policy/data/raw_text/K232491.txt,5478,0,0,9,0,0,9,0.0,0,0.000000
K232494,/Users/winko/Library/Mobile Documents/com~apple~CloudDocs/Research/1.5-Policy/data/raw_text/K232494.txt,3189,0,0,5,0,0,5,0.0,0,0.000000
K232500,/Users/winko/Library/Mobile Documents/com~apple~CloudDocs/Research/1.5-Policy/data/raw_text/K232500.txt,3999,0,0,6,0,0,6,0.0,0,0.000000
K232526,/Users/winko/Library/Mobile Documents/com~apple~CloudDocs/Research/1.5-Policy/data/raw_text/K232526.txt,2096,0,0,9,0,0,9,0.0,0,0.000000
K232616,/Users/winko/Library/Mobile Documents/com~apple~CloudDocs/Research/1.5-Policy/data/raw_text/K232616.txt,3303,0,0,5,0,0,5,0.0,0,0.000000
K232661,/Users/winko/Library/Mobile Documents/com~apple~CloudDocs/Research/1.5-Policy/data/raw_text/K232661.txt,3344,0,0,6,0,0,6,0.0,0,0.000000
K232698,/Users/winko/Library/Mobile Documents/com~apple~CloudDocs/Research/1.5-Policy/data/raw_text/K232698.txt,4518,0,0,14,0,0,14,0.0,0,0.000000
K232704,/Users/winko/Library/Mobile Documents/com~apple~CloudDocs/Research/1.5-Policy/data/raw_text/K232704.txt,3375,0,0,10,0,0,10,0.0,0,0.000000
K232760,/Users/winko/Library/Mobile Documents/com~apple~CloudDocs/Research/1.5-Policy/data/raw_text/K232760.txt,2357,0,0,6,0,0,6,0.0,0,0.000000
K232799,/Users/winko/Library/Mobile Documents/com~apple~CloudDocs/Research/1.5-Policy/data/raw_text/K232799.txt,3470,0,0,8,0,0,8,0.0,0,0.000000
K232808,/Users/winko/Library/Mobile Documents/com~apple~CloudDocs/Research/1.5-Policy/data/raw_text/K232808.txt,3042,0,0,19,0,0,19,0.0,0,0.000000
K232856,/Users/winko/Library/Mobile Documents/com~apple~CloudDocs/Research/1.5-Policy/data/raw_text/K232856.txt,4801,0,0,15,0,0,15,0.0,0,0.000000
K233080,/Users/winko/Library/Mobile Documents/com~apple~CloudDocs/Research/1.5-Policy/data/raw_text/K233080.txt,2867,0,0,6,0,0,6,0.0,0,0.000000
K233176,/Users/winko/Library/Mobile Documents/com~apple~CloudDocs/Research/1.5-Policy/data/raw_text/K233176.txt,4879,0,0,6,0,0,6,0.0,0,0.000000
K233186,/Users/winko/Library/Mobile Documents/com~apple~CloudDocs/Research/1.5-Policy/data/raw_text/K233186.txt,4762,0,0,11,0,0,11,0.0,0,0.000000
K233195,/Users/winko/Library/Mobile Documents/com~apple~CloudDocs/Research/1.5-Policy/data/raw_text/K233195.txt,2742,0,0,5,0,0,5,0.0,0,0.000000
K233209,/Users/winko/Library/Mobile Documents/com~apple~CloudDocs/Research/1.5-Policy/data/raw_text/K233209.txt,7034,0,0,5,0,0,5,0.0,0,0.000000
K233211,/Users/winko/Library/Mobile Documents/com~apple~CloudDocs/Research/1.5-Policy/data/raw_text/K233211.txt,3811,0,0,9,0,0,9,0.0,0,0.000000
K233249,/Users/winko/Library/Mobile Documents/com~apple~CloudDocs/Research/1.5-Policy/data/raw_text/K233249.txt,3070,0,0,6,0,0,6,0.0,0,0.000000
K233438,/Users/winko/Library/Mobile Documents/com~apple~CloudDocs/Research/1.5-Policy/data/raw_text/K233438.txt,4410,0,0,13,0,0,13,0.0,0,0.000000
K233512,/Users/winko/Library/Mobile Documents/com~apple~CloudDocs/Research/1.5-Policy/data/raw_text/K233512.txt,3747,0,0,4,0,0,4,0.0,0,0.000000
K233543,/Users/winko/Library/Mobile Documents/com~apple~CloudDocs/Research/1.5-Policy/data/raw_text/K233543.txt,3503,0,0,9,0,0,9,0.0,0,0.000000
K233545,/Users/winko/Library/Mobile Documents/com~apple~CloudDocs/Research/1.5-Policy/data/raw_text/K233545.txt,2251,0,0,7,0,0,7,0.0,0,0.000000
K233562,/Users/winko/Library/Mobile Documents/com~apple~CloudDocs/Research/1.5-Policy/data/raw_text/K233562.txt,2247,0,0,6,0,0,6,0.0,0,0.000000
K233582,/Users/winko/Library/Mobile Documents/com~apple~CloudDocs/Research/1.5-Policy/data/raw_text/K233582.txt,4572,0,0,4,0,0,4,0.0,0,0.000000
K233625,/Users/winko/Library/Mobile Documents/com~apple~CloudDocs/Research/1.5-Policy/data/raw_text/K233625.txt,2712,0,0,5,0,0,5,0.0,0,0.000000
K233673,/Users/winko/Library/Mobile Documents/com~apple~CloudDocs/Research/1.5-Policy/data/raw_text/K233673.txt,4392,0,0,7,0,0,7,0.0,0,0.000000
K233687,/Users/winko/Library/Mobile Documents/com~apple~CloudDocs/Research/1.5-Policy/data/raw_text/K233687.txt,4746,0,0,7,0,0,7,0.0,0,0.000000
K233692,/Users/winko/Library/Mobile Documents/com~apple~CloudDocs/Research/1.5-Policy/data/raw_text/K233692.txt,2758,0,0,8,0,0,8,0.0,0,0.000000
K233698,/Users/winko/Library/Mobile Documents/com~apple~CloudDocs/Research/1.5-Policy/data/raw_text/K233698.txt,2458,0,0,5,0,0,5,0.0,0,0.000000
K233728,/Users/winko/Library/Mobile Documents/com~apple~CloudDocs/Research/1.5-Policy/data/raw_text/K233728.txt,2576,0,0,6,0,0,6,0.0,0,0.000000
K233731,/Users/winko/Library/Mobile Documents/com~apple~CloudDocs/Research/1.5-Policy/data/raw_text/K233731.txt,3730,0,0,7,0,0,7,0.0,0,0.000000
K233749,/Users/winko/Library/Mobile Documents/com~apple~CloudDocs/Research/1.5-Policy/data/raw_text/K233749.txt,2676,0,0,7,0,0,7,0.0,0,0.000000
K233826,/Users/winko/Library/Mobile Documents/com~apple~CloudDocs/Research/1.5-Policy/data/raw_text/K233826.txt,1410,0,0,4,0,0,4,0.0,0,0.000000
K233864,/Users/winko/Library/Mobile Documents/com~apple~CloudDocs/Research/1.5-Policy/data/raw_text/K233864.txt,3520,0,0,11,0,0,11,0.0,0,0.000000
K233925,/Users/winko/Library/Mobile Documents/com~apple~CloudDocs/Research/1.5-Policy/data/raw_text/K233925.txt,2040,0,0,4,0,0,4,0.0,0,0.000000
K233998,/Users/winko/Library/Mobile Documents/com~apple~CloudDocs/Research/1.5-Policy/data/raw_text/K233998.txt,5231,0,0,16,0,0,16,0.0,0,0.000000
K234042,/Users/winko/Library/Mobile Documents/com~apple~CloudDocs/Research/1.5-Policy/data/raw_text/K234042.txt,3562,0,0,7,0,0,7,0.0,0,0.000000
K240036,/Users/winko/Library/Mobile Documents/com~apple~CloudDocs/Research/1.5-Policy/data/raw_text/K240036.txt,3814,0,0,7,0,0,7,0.0,0,0.000000
K240172,/Users/winko/Library/Mobile Documents/com~apple~CloudDocs/Research/1.5-Policy/data/raw_text/K240172.txt,2803,0,0,5,0,0,5,0.0,0,0.000000
K240200,/Users/winko/Library/Mobile Documents/com~apple~CloudDocs/Research/1.5-Policy/data/raw_text/K240200.txt,6749,0,0,27,0,0,27,0.0,0,0.000000
K240290,/Users/winko/Library/Mobile Documents/com~apple~CloudDocs/Research/1.5-Policy/data/raw_text/K240290.txt,5077,0,0,6,0,0,6,0.0,0,0.000000
K240294,/Users/winko/Library/Mobile Documents/com~apple~CloudDocs/Research/1.5-Policy/data/raw_text/K240294.txt,4379,0,0,9,0,0,9,0.0,0,0.000000
K240369,/Users/winko/Library/Mobile Documents/com~apple~CloudDocs/Research/1.5-Policy/data/raw_text/K240369.txt,3530,0,0,5,0,0,5,0.0,0,0.000000
K240411,/Users/winko/Library/Mobile Documents/com~apple~CloudDocs/Research/1.5-Policy/data/raw_text/K240411.txt,4868,0,0,7,0,0,7,0.0,0,0.000000
K240540,/Users/winko/Library/Mobile Documents/com~apple~CloudDocs/Research/1.5-Policy/data/raw_text/K240540.txt,2310,0,0,6,0,0,6,0.0,0,0.000000
K240736,/Users/winko/Library/Mobile Documents/com~apple~CloudDocs/Research/1.5-Policy/data/raw_text/K240736.txt,2554,0,0,8,0,0,8,0.0,0,0.000000
K240769,/Users/winko/Library/Mobile Documents/com~apple~CloudDocs/Research/1.5-Policy/data/raw_text/K240769.txt,1997,0,0,6,0,0,6,0.0,0,0.000000
K240781,/Users/winko/Library/Mobile Documents/com~apple~CloudDocs/Research/1.5-Policy/data/raw_text/K240781.txt,3029,0,0,7,0,0,7,0.0,0,0.000000
K240850,/Users/winko/Library/Mobile Documents/com~apple~CloudDocs/Research/1.5-Policy/data/raw_text/K240850.txt,6311,0,0,15,0,0,15,0.0,0,0.000000
K240944,/Users/winko/Library/Mobile Documents/com~apple~CloudDocs/Research/1.5-Policy/data/raw_text/K240944.txt,2254,0,0,7,0,0,7,0.0,0,0.000000
K241038,/Users/winko/Library/Mobile Documents/com~apple~CloudDocs/Research/1.5-Policy/data/raw_text/K241038.txt,3397,0,0,6,0,0,6,0.0,0,0.000000
K241079,/Users/winko/Library/Mobile Documents/com~apple~CloudDocs/Research/1.5-Policy/data/raw_text/K241079.txt,3738,0,0,8,0,0,8,0.0,0,0.000000
K241112,/Users/winko/Library/Mobile Documents/com~apple~CloudDocs/Research/1.5-Policy/data/raw_text/K241112.txt,3060,0,0,7,0,0,7,0.0,0,0.000000
K241121,/Users/winko/Library/Mobile Documents/com~apple~CloudDocs/Research/1.5-Policy/data/raw_text/K241121.txt,2330,0,0,5,0,0,5,0.0,0,0.000000
K241166,/Users/winko/Library/Mobile Documents/com~apple~CloudDocs/Research/1.5-Policy/data/raw_text/K241166.txt,3868,0,0,8,0,0,8,0.0,0,0.000000
K241197,/Users/winko/Library/Mobile Documents/com~apple~CloudDocs/Research/1.5-Policy/data/raw_text/K241197.txt,2960,0,0,9,0,0,9,0.0,0,0.000000
K241242,/Users/winko/Library/Mobile Documents/com~apple~CloudDocs/Research/1.5-Policy/data/raw_text/K241242.txt,2789,0,0,7,0,0,7,0.0,0,0.000000
K241292,/Users/winko/Library/Mobile Documents/com~apple~CloudDocs/Research/1.5-Policy/data/raw_text/K241292.txt,2108,0,0,5,0,0,5,0.0,0,0.000000
K241329,/Users/winko/Library/Mobile Documents/com~apple~CloudDocs/Research/1.5-Policy/data/raw_text/K241329.txt,3316,0,0,6,0,0,6,0.0,0,0.000000
K241350,/Users/winko/Library/Mobile Documents/com~apple~CloudDocs/Research/1.5-Policy/data/raw_text/K241350.txt,2662,0,0,6,0,0,6,0.0,0,0.000000
K241429,/Users/winko/Library/Mobile Documents/com~apple~CloudDocs/Research/1.5-Policy/data/raw_text/K241429.txt,3704,0,0,7,0,0,7,0.0,0,0.000000
K241440,/Users/winko/Library/Mobile Documents/com~apple~CloudDocs/Research/1.5-Policy/data/raw_text/K241440.txt,4025,0,0,7,0,0,7,0.0,0,0.000000
K241490,/Users/winko/Library/Mobile Documents/com~apple~CloudDocs/Research/1.5-Policy/data/raw_text/K241490.txt,3913,0,0,11,0,0,11,0.0,0,0.000000
K241496,/Users/winko/Library/Mobile Documents/com~apple~CloudDocs/Research/1.5-Policy/data/raw_text/K241496.txt,3022,0,0,5,0,0,5,0.0,0,0.000000
K241508,/Users/winko/Library/Mobile Documents/com~apple~CloudDocs/Research/1.5-Policy/data/raw_text/K241508.txt,3036,0,0,7,0,0,7,0.0,0,0.000000
K241546,/Users/winko/Library/Mobile Documents/com~apple~CloudDocs/Research/1.5-Policy/data/raw_text/K241546.txt,2376,0,0,5,0,0,5,0.0,0,0.000000
K241582,/Users/winko/Library/Mobile Documents/com~apple~CloudDocs/Research/1.5-Policy/data/raw_text/K241582.txt,4246,0,0,6,0,0,6,0.0,0,0.000000
K241671,/Users/winko/Library/Mobile Documents/com~apple~CloudDocs/Research/1.5-Policy/data/raw_text/K241671.txt,3120,0,0,7,0,0,7,0.0,0,0.000000
K241681,/Users/winko/Library/Mobile Documents/com~apple~CloudDocs/Research/1.5-Policy/data/raw_text/K241681.txt,2074,0,0,5,0,0,5,0.0,0,0.000000
K241696,/Users/winko/Library/Mobile Documents/com~apple~CloudDocs/Research/1.5-Policy/data/raw_text/K241696.txt,3119,0,0,9,0,0,9,0.0,0,0.000000
K241847,/Users/winko/Library/Mobile Documents/com~apple~CloudDocs/Research/1.5-Policy/data/raw_text/K241847.txt,2341,0,0,5,0,0,5,0.0,0,0.000000
K241922,/Users/winko/Library/Mobile Documents/com~apple~CloudDocs/Research/1.5-Policy/data/raw_text/K241922.txt,3257,0,0,12,0,0,12,0.0,0,0.000000
K241960,/Users/winko/Library/Mobile Documents/com~apple~CloudDocs/Research/1.5-Policy/data/raw_text/K241960.txt,4896,0,0,15,0,0,15,0.0,0,0.000000
K242005,/Users/winko/Library/Mobile Documents/com~apple~CloudDocs/Research/1.5-Policy/data/raw_text/K242005.txt,2903,0,0,7,0,0,7,0.0,0,0.000000
K242020,/Users/winko/Library/Mobile Documents/com~apple~CloudDocs/Research/1.5-Policy/data/raw_text/K242020.txt,3663,0,0,9,0,0,9,0.0,0,0.000000
K242094,/Users/winko/Library/Mobile Documents/com~apple~CloudDocs/Research/1.5-Policy/data/raw_text/K242094.txt,3180,0,0,10,0,0,10,0.0,0,0.000000
K242123,/Users/winko/Library/Mobile Documents/com~apple~CloudDocs/Research/1.5-Policy/data/raw_text/K242123.txt,5173,0,0,13,0,0,13,0.0,0,0.000000
K242203,/Users/winko/Library/Mobile Documents/com~apple~CloudDocs/Research/1.5-Policy/data/raw_text/K242203.txt,3581,0,0,9,0,0,9,0.0,0,0.000000
K242240,/Users/winko/Library/Mobile Documents/com~apple~CloudDocs/Research/1.5-Policy/data/raw_text/K242240.txt,3924,0,0,7,0,0,7,0.0,0,0.000000
K242300,/Users/winko/Library/Mobile Documents/com~apple~CloudDocs/Research/1.5-Policy/data/raw_text/K242300.txt,2398,0,0,11,0,0,11,0.0,0,0.000000
K242334,/Users/winko/Library/Mobile Documents/com~apple~CloudDocs/Research/1.5-Policy/data/raw_text/K242334.txt,2733,0,0,5,0,0,5,0.0,0,0.000000
K242338,/Users/winko/Library/Mobile Documents/com~apple~CloudDocs/Research/1.5-Policy/data/raw_text/K242338.txt,2791,0,0,7,0,0,7,0.0,0,0.000000
K242488,/Users/winko/Library/Mobile Documents/com~apple~CloudDocs/Research/1.5-Policy/data/raw_text/K242488.txt,4863,0,0,12,0,0,12,0.0,0,0.000000
K242551,/Users/winko/Library/Mobile Documents/com~apple~CloudDocs/Research/1.5-Policy/data/raw_text/K242551.txt,5172,0,0,6,0,0,6,0.0,0,0.000000
K242624,/Users/winko/Library/Mobile Documents/com~apple~CloudDocs/Research/1.5-Policy/data/raw_text/K242624.txt,7302,0,0,7,0,0,7,0.0,0,0.000000
K242652,/Users/winko/Library/Mobile Documents/com~apple~CloudDocs/Research/1.5-Policy/data/raw_text/K242652.txt,2749,0,0,12,0,0,12,0.0,0,0.000000
K242745,/Users/winko/Library/Mobile Documents/com~apple~CloudDocs/Research/1.5-Policy/data/raw_text/K242745.txt,5677,0,0,15,0,0,15,0.0,0,0.000000
K242825,/Users/winko/Library/Mobile Documents/com~apple~CloudDocs/Research/1.5-Policy/data/raw_text/K242825.txt,1333,0,0,5,0,0,5,0.0,0,0.000000
K242994,/Users/winko/Library/Mobile Documents/com~apple~CloudDocs/Research/1.5-Policy/data/raw_text/K242994.txt,4097,0,0,12,0,0,12,0.0,0,0.000000
K243038,/Users/winko/Library/Mobile Documents/com~apple~CloudDocs/Research/1.5-Policy/data/raw_text/K243038.txt,3067,0,0,7,0,0,7,0.0,0,0.000000
K243065,/Users/winko/Library/Mobile Documents/com~apple~CloudDocs/Research/1.5-Policy/data/raw_text/K243065.txt,3097,0,0,6,0,0,6,0.0,0,0.000000
K243144,/Users/winko/Library/Mobile Documents/com~apple~CloudDocs/Research/1.5-Policy/data/raw_text/K243144.txt,3239,0,0,7,0,0,7,0.0,0,0.000000
K243209,/Users/winko/Library/Mobile Documents/com~apple~CloudDocs/Research/1.5-Policy/data/raw_text/K243209.txt,3036,0,0,9,0,0,9,0.0,0,0.000000
K243229,/Users/winko/Library/Mobile Documents/com~apple~CloudDocs/Research/1.5-Policy/data/raw_text/K243229.txt,3505,0,0,7,0,0,7,0.0,0,0.000000
K243230,/Users/winko/Library/Mobile Documents/com~apple~CloudDocs/Research/1.5-Policy/data/raw_text/K243230.txt,3564,0,0,12,0,0,12,0.0,0,0.000000
K243235,/Users/winko/Library/Mobile Documents/com~apple~CloudDocs/Research/1.5-Policy/data/raw_text/K243235.txt,2593,0,0,6,0,0,6,0.0,0,0.000000
K243250,/Users/winko/Library/Mobile Documents/com~apple~CloudDocs/Research/1.5-Policy/data/raw_text/K243250.txt,5085,0,0,8,0,0,8,0.0,0,0.000000
K243253,/Users/winko/Library/Mobile Documents/com~apple~CloudDocs/Research/1.5-Policy/data/raw_text/K243253.txt,3676,0,0,7,0,0,7,0.0,0,0.000000
K243331,/Users/winko/Library/Mobile Documents/com~apple~CloudDocs/Research/1.5-Policy/data/raw_text/K243331.txt,2293,0,0,7,0,0,7,0.0,0,0.000000
K243335,/Users/winko/Library/Mobile Documents/com~apple~CloudDocs/Research/1.5-Policy/data/raw_text/K243335.txt,3561,0,0,6,0,0,6,0.0,0,0.000000
K243378,/Users/winko/Library/Mobile Documents/com~apple~CloudDocs/Research/1.5-Policy/data/raw_text/K243378.txt,2562,0,0,5,0,0,5,0.0,0,0.000000
K243446,/Users/winko/Library/Mobile Documents/com~apple~CloudDocs/Research/1.5-Policy/data/raw_text/K243446.txt,3109,0,0,9,0,0,9,0.0,0,0.000000
K243538,/Users/winko/Library/Mobile Documents/com~apple~CloudDocs/Research/1.5-Policy/data/raw_text/K243538.txt,2892,0,0,7,0,0,7,0.0,0,0.000000
K243620,/Users/winko/Library/Mobile Documents/com~apple~CloudDocs/Research/1.5-Policy/data/raw_text/K243620.txt,2730,0,0,9,0,0,9,0.0,0,0.000000
K243628,/Users/winko/Library/Mobile Documents/com~apple~CloudDocs/Research/1.5-Policy/data/raw_text/K243628.txt,2712,0,0,9,0,0,9,0.0,0,0.000000
K243647,/Users/winko/Library/Mobile Documents/com~apple~CloudDocs/Research/1.5-Policy/data/raw_text/K243647.txt,2517,0,0,5,0,0,5,0.0,0,0.000000
K243651,/Users/winko/Library/Mobile Documents/com~apple~CloudDocs/Research/1.5-Policy/data/raw_text/K243651.txt,3083,0,0,8,0,0,8,0.0,0,0.000000
K243672,/Users/winko/Library/Mobile Documents/com~apple~CloudDocs/Research/1.5-Policy/data/raw_text/K243672.txt,3703,0,0,9,0,0,9,0.0,0,0.000000
K243685,/Users/winko/Library/Mobile Documents/com~apple~CloudDocs/Research/1.5-Policy/data/raw_text/K243685.txt,4516,0,0,12,0,0,12,0.0,0,0.000000
K243688,/Users/winko/Library/Mobile Documents/com~apple~CloudDocs/Research/1.5-Policy/data/raw_text/K243688.txt,2683,0,0,8,0,0,8,0.0,0,0.000000
K243689,/Users/winko/Library/Mobile Documents/com~apple~CloudDocs/Research/1.5-Policy/data/raw_text/K243689.txt,2568,0,0,8,0,0,8,0.0,0,0.000000
K243696,/Users/winko/Library/Mobile Documents/com~apple~CloudDocs/Research/1.5-Policy/data/raw_text/K243696.txt,2142,0,0,5,0,0,5,0.0,0,0.000000
K243705,/Users/winko/Library/Mobile Documents/com~apple~CloudDocs/Research/1.5-Policy/data/raw_text/K243705.txt,2225,0,0,8,0,0,8,0.0,0,0.000000
K243769,/Users/winko/Library/Mobile Documents/com~apple~CloudDocs/Research/1.5-Policy/data/raw_text/K243769.txt,3205,0,0,8,0,0,8,0.0,0,0.000000
K243779,/Users/winko/Library/Mobile Documents/com~apple~CloudDocs/Research/1.5-Policy/data/raw_text/K243779.txt,3004,0,0,7,0,0,7,0.0,0,0.000000
K243793,/Users/winko/Library/Mobile Documents/com~apple~CloudDocs/Research/1.5-Policy/data/raw_text/K243793.txt,6871,0,0,13,0,0,13,0.0,0,0.000000
K243794,/Users/winko/Library/Mobile Documents/com~apple~CloudDocs/Research/1.5-Policy/data/raw_text/K243794.txt,5670,0,0,13,0,0,13,0.0,0,0.000000
K243812,/Users/winko/Library/Mobile Documents/com~apple~CloudDocs/Research/1.5-Policy/data/raw_text/K243812.txt,3863,0,0,10,0,0,10,0.0,0,0.000000
K243878,/Users/winko/Library/Mobile Documents/com~apple~CloudDocs/Research/1.5-Policy/data/raw_text/K243878.txt,4476,0,0,17,0,0,17,0.0,0,0.000000
K243919,/Users/winko/Library/Mobile Documents/com~apple~CloudDocs/Research/1.5-Policy/data/raw_text/K243919.txt,2314,0,0,7,0,0,7,0.0,0,0.000000
K244002,/Users/winko/Library/Mobile Documents/com~apple~CloudDocs/Research/1.5-Policy/data/raw_text/K244002.txt,2916,0,0,8,0,0,8,0.0,0,0.000000
K244023,/Users/winko/Library/Mobile Documents/com~apple~CloudDocs/Research/1.5-Policy/data/raw_text/K244023.txt,2555,0,0,6,0,0,6,0.0,0,0.000000
K250064,/Users/winko/Library/Mobile Documents/com~apple~CloudDocs/Research/1.5-Policy/data/raw_text/K250064.txt,3461,0,0,7,0,0,7,0.0,0,0.000000
K250177,/Users/winko/Library/Mobile Documents/com~apple~CloudDocs/Research/1.5-Policy/data/raw_text/K250177.txt,3263,0,0,9,0,0,9,0.0,0,0.000000
K250186,/Users/winko/Library/Mobile Documents/com~apple~CloudDocs/Research/1.5-Policy/data/raw_text/K250186.txt,2190,0,0,6,0,0,6,0.0,0,0.000000
K250236,/Users/winko/Library/Mobile Documents/com~apple~CloudDocs/Research/1.5-Policy/data/raw_text/K250236.txt,3397,0,0,8,0,0,8,0.0,0,0.000000
K250237,/Users/winko/Library/Mobile Documents/com~apple~CloudDocs/Research/1.5-Policy/data/raw_text/K250237.txt,3894,0,0,9,0,0,9,0.0,0,0.000000
K250246,/Users/winko/Library/Mobile Documents/com~apple~CloudDocs/Research/1.5-Policy/data/raw_text/K250246.txt,5964,0,0,9,0,0,9,0.0,0,0.000000
K250268,/Users/winko/Library/Mobile Documents/com~apple~CloudDocs/Research/1.5-Policy/data/raw_text/K250268.txt,4889,0,0,9,0,0,9,0.0,0,0.000000
K250328,/Users/winko/Library/Mobile Documents/com~apple~CloudDocs/Research/1.5-Policy/data/raw_text/K250328.txt,2422,0,0,6,0,0,6,0.0,0,0.000000
K250354,/Users/winko/Library/Mobile Documents/com~apple~CloudDocs/Research/1.5-Policy/data/raw_text/K250354.txt,3201,0,0,7,0,0,7,0.0,0,0.000000
K250367,/Users/winko/Library/Mobile Documents/com~apple~CloudDocs/Research/1.5-Policy/data/raw_text/K250367.txt,3344,0,0,14,0,0,14,0.0,0,0.000000
K250379,/Users/winko/Library/Mobile Documents/com~apple~CloudDocs/Research/1.5-Policy/data/raw_text/K250379.txt,2601,0,0,7,0,0,7,0.0,0,0.000000
K250443,/Users/winko/Library/Mobile Documents/com~apple~CloudDocs/Research/1.5-Policy/data/raw_text/K250443.txt,5763,0,0,6,0,0,6,0.0,0,0.000000
K250484,/Users/winko/Library/Mobile Documents/com~apple~CloudDocs/Research/1.5-Policy/data/raw_text/K250484.txt,3724,0,0,8,0,0,8,0.0,0,0.000000
K250543,/Users/winko/Library/Mobile Documents/com~apple~CloudDocs/Research/1.5-Policy/data/raw_text/K250543.txt,2678,0,0,7,0,0,7,0.0,0,0.000000
K250650,/Users/winko/Library/Mobile Documents/com~apple~CloudDocs/Research/1.5-Policy/data/raw_text/K250650.txt,4964,0,0,5,0,0,5,0.0,0,0.000000
K250660,/Users/winko/Library/Mobile Documents/com~apple~CloudDocs/Research/1.5-Policy/data/raw_text/K250660.txt,5099,0,0,8,0,0,8,0.0,0,0.000000
K250662,/Users/winko/Library/Mobile Documents/com~apple~CloudDocs/Research/1.5-Policy/data/raw_text/K250662.txt,4074,0,0,8,0,0,8,0.0,0,0.000000
K250749,/Users/winko/Library/Mobile Documents/com~apple~CloudDocs/Research/1.5-Policy/data/raw_text/K250749.txt,3141,0,0,6,0,0,6,0.0,0,0.000000
K250754,/Users/winko/Library/Mobile Documents/com~apple~CloudDocs/Research/1.5-Policy/data/raw_text/K250754.txt,1396,0,0,5,0,0,5,0.0,0,0.000000
K250755,/Users/winko/Library/Mobile Documents/com~apple~CloudDocs/Research/1.5-Policy/data/raw_text/K250755.txt,2274,0,0,6,0,0,6,0.0,0,0.000000
K250788,/Users/winko/Library/Mobile Documents/com~apple~CloudDocs/Research/1.5-Policy/data/raw_text/K250788.txt,3640,0,0,8,0,0,8,0.0,0,0.000000
K250886,/Users/winko/Library/Mobile Documents/com~apple~CloudDocs/Research/1.5-Policy/data/raw_text/K250886.txt,5766,0,0,13,0,0,13,0.0,0,0.000000
K250901,/Users/winko/Library/Mobile Documents/com~apple~CloudDocs/Research/1.5-Policy/data/raw_text/K250901.txt,4004,0,0,6,0,0,6,0.0,0,0.000000
K250932,/Users/winko/Library/Mobile Documents/com~apple~CloudDocs/Research/1.5-Policy/data/raw_text/K250932.txt,3107,0,0,9,0,0,9,0.0,0,0.000000
K250941,/Users/winko/Library/Mobile Documents/com~apple~CloudDocs/Research/1.5-Policy/data/raw_text/K250941.txt,3181,0,0,7,0,0,7,0.0,0,0.000000
K251009,/Users/winko/Library/Mobile Documents/com~apple~CloudDocs/Research/1.5-Policy/data/raw_text/K251009.txt,2892,0,0,7,0,0,7,0.0,0,0.000000
K251059,/Users/winko/Library/Mobile Documents/com~apple~CloudDocs/Research/1.5-Policy/data/raw_text/K251059.txt,3967,0,0,10,0,0,10,0.0,0,0.000000
K251082,/Users/winko/Library/Mobile Documents/com~apple~CloudDocs/Research/1.5-Policy/data/raw_text/K251082.txt,6741,0,0,24,0,0,24,0.0,0,0.000000
K251126,/Users/winko/Library/Mobile Documents/com~apple~CloudDocs/Research/1.5-Policy/data/raw_text/K251126.txt,3540,0,0,8,0,0,8,0.0,0,0.000000
K251153,/Users/winko/Library/Mobile Documents/com~apple~CloudDocs/Research/1.5-Policy/data/raw_text/K251153.txt,3087,0,0,6,0,0,6,0.0,0,0.000000
K251203,/Users/winko/Library/Mobile Documents/com~apple~CloudDocs/Research/1.5-Policy/data/raw_text/K251203.txt,2205,0,0,6,0,0,6,0.0,0,0.000000
K251276,/Users/winko/Library/Mobile Documents/com~apple~CloudDocs/Research/1.5-Policy/data/raw_text/K251276.txt,3342,0,0,8,0,0,8,0.0,0,0.000000
K251355,/Users/winko/Library/Mobile Documents/com~apple~CloudDocs/Research/1.5-Policy/data/raw_text/K251355.txt,2701,0,0,6,0,0,6,0.0,0,0.000000
K251386,/Users/winko/Library/Mobile Documents/com~apple~CloudDocs/Research/1.5-Policy/data/raw_text/K251386.txt,4644,0,0,8,0,0,8,0.0,0,0.000000
K251399,/Users/winko/Library/Mobile Documents/com~apple~CloudDocs/Research/1.5-Policy/data/raw_text/K251399.txt,2755,0,0,7,0,0,7,0.0,0,0.000000
K251455,/Users/winko/Library/Mobile Documents/com~apple~CloudDocs/Research/1.5-Policy/data/raw_text/K251455.txt,4860,0,0,11,0,0,11,0.0,0,0.000000
K251518,/Users/winko/Library/Mobile Documents/com~apple~CloudDocs/Research/1.5-Policy/data/raw_text/K251518.txt,3662,0,0,7,0,0,7,0.0,0,0.000000
K251528,/Users/winko/Library/Mobile Documents/com~apple~CloudDocs/Research/1.5-Policy/data/raw_text/K251528.txt,3459,0,0,11,0,0,11,0.0,0,0.000000
K251602,/Users/winko/Library/Mobile Documents/com~apple~CloudDocs/Research/1.5-Policy/data/raw_text/K251602.txt,3293,0,0,9,0,0,9,0.0,0,0.000000
K251629,/Users/winko/Library/Mobile Documents/com~apple~CloudDocs/Research/1.5-Policy/data/raw_text/K251629.txt,2946,0,0,8,0,0,8,0.0,0,0.000000
K251651,/Users/winko/Library/Mobile Documents/com~apple~CloudDocs/Research/1.5-Policy/data/raw_text/K251651.txt,3611,0,0,10,0,0,10,0.0,0,0.000000
K251763,/Users/winko/Library/Mobile Documents/com~apple~CloudDocs/Research/1.5-Policy/data/raw_text/K251763.txt,3133,0,0,10,0,0,10,0.0,0,0.000000
K251822,/Users/winko/Library/Mobile Documents/com~apple~CloudDocs/Research/1.5-Policy/data/raw_text/K251822.txt,4638,0,0,8,0,0,8,0.0,0,0.000000
K251837,/Users/winko/Library/Mobile Documents/com~apple~CloudDocs/Research/1.5-Policy/data/raw_text/K251837.txt,4410,0,0,10,0,0,10,0.0,0,0.000000
K251873,/Users/winko/Library/Mobile Documents/com~apple~CloudDocs/Research/1.5-Policy/data/raw_text/K251873.txt,2830,0,0,7,0,0,7,0.0,0,0.000000
K252029,/Users/winko/Library/Mobile Documents/com~apple~CloudDocs/Research/1.5-Policy/data/raw_text/K252029.txt,4329,0,0,6,0,0,6,0.0,0,0.000000
K252074,/Users/winko/Library/Mobile Documents/com~apple~CloudDocs/Research/1.5-Policy/data/raw_text/K252074.txt,3402,0,0,6,0,0,6,0.0,0,0.000000
K252178,/Users/winko/Library/Mobile Documents/com~apple~CloudDocs/Research/1.5-Policy/data/raw_text/K252178.txt,2831,0,0,6,0,0,6,0.0,0,0.000000
K252330,/Users/winko/Library/Mobile Documents/com~apple~CloudDocs/Research/1.5-Policy/data/raw_text/K252330.txt,6391,0,0,15,0,0,15,0.0,0,0.000000
K252371,/Users/winko/Library/Mobile Documents/com~apple~CloudDocs/Research/1.5-Policy/data/raw_text/K252371.txt,3142,0,0,7,0,0,7,0.0,0,0.000000
K252504,/Users/winko/Library/Mobile Documents/com~apple~CloudDocs/Research/1.5-Policy/data/raw_text/K252504.txt,4125,0,0,7,0,0,7,0.0,0,0.000000
K252539,/Users/winko/Library/Mobile Documents/com~apple~CloudDocs/Research/1.5-Policy/data/raw_text/K252539.txt,3631,0,0,5,0,0,5,0.0,0,0.000000
K252838,/Users/winko/Library/Mobile Documents/com~apple~CloudDocs/Research/1.5-Policy/data/raw_text/K252838.txt,7299,0,0,6,0,0,6,0.0,0,0.000000
K253091,/Users/winko/Library/Mobile Documents/com~apple~CloudDocs/Research/1.5-Policy/data/raw_text/K253091.txt,5150,0,0,7,0,0,7,0.0,0,0.000000
K253310,/Users/winko/Library/Mobile Documents/com~apple~CloudDocs/Research/1.5-Policy/data/raw_text/K253310.txt,2571,0,0,5,0,0,5,0.0,0,0.000000
K253516,/Users/winko/Library/Mobile Documents/com~apple~CloudDocs/Research/1.5-Policy/data/raw_text/K253516.txt,2578,0,0,6,0,0,6,0.0,0,0.000000
K253532,/Users/winko/Library/Mobile Documents/com~apple~CloudDocs/Research/1.5-Policy/data/raw_text/K253532.txt,3565,0,0,6,0,0,6,0.0,0,0.000000
K253664,/Users/winko/Library/Mobile Documents/com~apple~CloudDocs/Research/1.5-Policy/data/raw_text/K253664.txt,3492,0,0,8,0,0,8,0.0,0,0.000000
K955841,/Users/winko/Library/Mobile Documents/com~apple~CloudDocs/Research/1.5-Policy/data/raw_text/K955841.txt,6264,0,0,3,0,0,3,0.0,0,0.000000
P140011_S008,/Users/winko/Library/Mobile Documents/com~apple~CloudDocs/Research/1.5-Policy/data/raw_text/P140011_S008.txt,1429,0,0,1,0,0,1,0.0,0,0.000000
P150043,/Users/winko/Library/Mobile Documents/com~apple~CloudDocs/Research/1.5-Policy/data/raw_text/P150043.txt,1417,0,0,1,0,0,1,0.0,0,0.000000
P150046,/Users/winko/Library/Mobile Documents/com~apple~CloudDocs/Research/1.5-Policy/data/raw_text/P150046.txt,1562,0,0,1,0,0,1,0.0,0,0.000000
P160009,/Users/winko/Library/Mobile Documents/com~apple~CloudDocs/Research/1.5-Policy/data/raw_text/P160009.txt,1452,0,0,1,0,0,1,0.0,0,0.000000
P200003,/Users/winko/Library/Mobile Documents/com~apple~CloudDocs/Research/1.5-Policy/data/raw_text/P200003.txt,1741,0,0,1,0,0,1,0.0,0,0.000000
P210011,/Users/winko/Library/Mobile Documents/com~apple~CloudDocs/Research/1.5-Policy/data/raw_text/P210011.txt,1766,0,0,1,0,0,1,0.0,0,0.000000
P230022,/Users/winko/Library/Mobile Documents/com~apple~CloudDocs/Research/1.5-Policy/data/raw_text/P230022.txt,2421,0,0,1,0,0,1,0.0,0,0.000000
P000041,/Users/winko/Library/Mobile Documents/com~apple~CloudDocs/Research/1.5-Policy/data/raw_text/P000041.txt,2399,1,0,0,0,1,0,inf,1,
P010034,/Users/winko/Library/Mobile Documents/com~apple~CloudDocs/Research/1.5-Policy/data/raw_text/P010034.txt,2307,1,0,0,0,1,0,inf,1,
P040028,/Users/winko/Library/Mobile Documents/com~apple~CloudDocs/Research/1.5-Policy/data/raw_text/P040028.txt,2596,1,0,0,0,1,0,inf,1,
P090012,/Users/winko/Library/Mobile Documents/com~apple~CloudDocs/Research/1.5-Policy/data/raw_text/P090012.txt,2347,4,0,0,0,4,0,inf,1,
P110014,/Users/winko/Library/Mobile Documents/com~apple~CloudDocs/Research/1.5-Policy/data/raw_text/P110014.txt,1772,7,0,0,0,7,0,inf,1,
